-- Adminer 4.7.6 MySQL dump

SET NAMES utf8;
SET time_zone = '+00:00';
SET foreign_key_checks = 0;
SET sql_mode = 'NO_AUTO_VALUE_ON_ZERO';

SET NAMES utf8mb4;

DROP TABLE IF EXISTS `actor`;
CREATE TABLE `actor` (
  `id` int(11) NOT NULL AUTO_INCREMENT,
  `name` varchar(64) NOT NULL,
  `picture` varchar(128) DEFAULT NULL,
  `descriptionPicture` varchar(255) DEFAULT NULL,
  `description` longtext DEFAULT NULL,
  PRIMARY KEY (`id`)
) ENGINE=InnoDB DEFAULT CHARSET=utf8mb4;

INSERT INTO `actor` (`id`, `name`, `picture`, `descriptionPicture`, `description`) VALUES
(1,	'Vanessa Guedj',	NULL,	NULL,	NULL),
(2,	'Anouk Grinberg',	'AnoukGrinberg.jpg',	'Par Michel Broué — Travail personnel, CC BY-SA 4.0, https://commons.wikimedia.org/w/index.php?curid=56299298',	NULL),
(3,	'Emmanuel Meirieu',	NULL,	NULL,	NULL),
(4,	'Lan Truong',	NULL,	NULL,	NULL),
(5,	'François Morel',	'FrancoisMorel.jpg',	'Par Thesupermat — Travail personnel, CC BY-SA 4.0, https://commons.wikimedia.org/w/index.php?curid=58381375',	NULL),
(6,	'Yvan le Bolloc\'h',	'YvanLeBolooch.jpg',	'Par Eriotac — Travail personnel, CC BY-SA 3.0, https://commons.wikimedia.org/w/index.php?curid=16634869',	NULL),
(7,	'Stéphane Margot',	NULL,	NULL,	NULL),
(8,	'François Levantal',	'FrancoisLevanthal.jpg',	'Par Georges Biard, CC BY-SA 3.0, https://commons.wikimedia.org/w/index.php?curid=86300124',	NULL),
(9,	'Pierre Mondy',	'PierreMondy.jpg',	'Par Michaël Bemelmans — Travail personnel, CC BY-SA 4.0, https://commons.wikimedia.org/w/index.php?curid=48682900',	NULL),
(10,	'Claire Nadeau',	NULL,	NULL,	NULL),
(11,	'Antoine de Caunes',	'AntoinedeCaunes.jpg',	'Par Le grand Cricri — Travail personnel, CC BY-SA 3.0, https://commons.wikimedia.org/w/index.php?curid=15023867',	NULL),
(12,	'Audrey Fleurot',	'AudreyFleurot.jpg',	'Par Georges Biard, CC BY-SA 3.0, https://commons.wikimedia.org/w/index.php?curid=26727716',	NULL),
(13,	'Anne Benoît',	NULL,	NULL,	NULL),
(14,	'Alain Chabat',	'AlainChabat.jpg',	'Par Pascal Fernandez — http://blofeld60.deviantart.com/gallery/, CC BY-SA 2.5, https://commons.wikimedia.org/w/index.php?curid=1589655',	NULL),
(15,	'Émilie Dequenne',	'EmilieDequenne.jpg',	'Par Georges Biard, CC BY-SA 3.0, https://commons.wikimedia.org/w/index.php?curid=20227154',	NULL),
(16,	'Alexis Hénon',	NULL,	NULL,	NULL),
(17,	'Philippe Nahon',	'PhilippeNahon.jpg',	'Par Lupin le vorace from Montréal, Canada — Flickr, CC BY-SA 2.0, https://commons.wikimedia.org/w/index.php?curid=31034275',	NULL),
(18,	'Thibault Roux',	NULL,	NULL,	NULL),
(19,	'Tony Saba',	NULL,	NULL,	NULL),
(20,	'Loránt Deutsch',	'LorantDeutsch.jpg',	'Par Georges Biard, CC BY-SA 3.0, https://commons.wikimedia.org/w/index.php?curid=33196726',	NULL),
(21,	'Alexandra Saadoun',	NULL,	NULL,	NULL),
(22,	'Christian Clavier',	'ChristianClavier.jpg',	'Par Georges Biard, CC BY-SA 3.0, https://commons.wikimedia.org/w/index.php?curid=26490643',	NULL),
(23,	'Tcheky Karyo',	'TchekyKaryo.jpg',	'Par Georges Biard, CC BY-SA 3.0, https://commons.wikimedia.org/w/index.php?curid=26834762',	NULL),
(24,	'Caroline Ferrus',	NULL,	NULL,	NULL),
(25,	'Patrick Chesnais',	'PatrickChesnais.jpg',	'Par Georges Biard, CC BY-SA 3.0, https://commons.wikimedia.org/w/index.php?curid=26727709',	NULL),
(26,	'Axelle Laffont',	'AxelleLaffont.jpg',	'Par Georges Biard, CC BY-SA 3.0, https://commons.wikimedia.org/w/index.php?curid=28205390',	NULL),
(27,	'Pascal Demolon',	'PascalDemolon.jpg',	'Par Mamzou2 — Travail personnel, CC BY-SA 4.0, https://commons.wikimedia.org/w/index.php?curid=125387580',	NULL),
(28,	'Manu Payet',	'ManuPayer.jpg',	'Par Georges Biard, CC BY-SA 4.0, https://commons.wikimedia.org/w/index.php?curid=67063145',	NULL),
(29,	'Josée Drevon',	'JoséeDrevon.jpg',	'Par NocK — Travail personnel, CC BY-SA 3.0, https://commons.wikimedia.org/w/index.php?curid=27191198',	NULL),
(30,	'Alexandre Astier',	'AlexandreAstier.jpg',	'Par Selbymay — Travail personnel, CC BY-SA 4.0, https://commons.wikimedia.org/w/index.php?curid=128685674',	'Alexandre Astier, né le 16 juin 1974 à Lyon, est un acteur, auteur, réalisateur, compositeur, scénariste, producteur, monteur et musicien français.\r\nIl est notamment connu en tant que créateur et interprète principal de la saga Kaamelott (2005-2009).\r\nIl a également scénarisé et coréalisé les films d\'animation Astérix : Le Domaine des dieux (2014) et Astérix : Le Secret de la potion magique (2018).'),
(31,	'Jean-Robert Lombard',	NULL,	NULL,	NULL),
(32,	'Nicolas Gabion',	'NicolasGabion.jpg',	'Par © Xavier Caré / Wikimedia Commons, CC BY-SA 3.0, https://commons.wikimedia.org/w/index.php?curid=31236535',	NULL),
(33,	'Guillaume Briat',	'GuillaumeBriat.jpg',	'Par Photo Béatrice Cruveiller — https://www.guillaume-briat.com/portraits-1, CC BY-SA 4.0, https://commons.wikimedia.org/w/index.php?curid=124324376',	NULL),
(34,	'Bruno Salomone',	NULL,	NULL,	NULL),
(35,	'Caroline Pascal',	NULL,	NULL,	NULL),
(36,	'Bruno Fontaine',	NULL,	NULL,	NULL),
(37,	'Aurélien Portehaut',	NULL,	NULL,	NULL),
(38,	'Anne Girouard',	'AnneGirouard.jpg',	'Par r 	Georges Seguin — Cette image a été extraite d&#039;un autre fichier, CC BY-SA 2.5, https://commons.wikimedia.org/w/index.php?curid=50985197',	NULL),
(39,	'Serge Papagalli',	NULL,	NULL,	NULL),
(40,	'Georges Beller',	'GeorgesBeller.jpg',	'Par Bernard Grychowski — Travail personnel, CC BY-SA 4.0, https://commons.wikimedia.org/w/index.php?curid=52891773',	NULL),
(41,	'Brice Fournier',	'BriceFournier.jpg',	'Par Georges Seguin (Okki) — Travail personnel, CC BY-SA 3.0, https://commons.wikimedia.org/w/index.php?curid=2943734',	NULL),
(42,	'Jean-Christophe Hembert',	NULL,	NULL,	NULL),
(43,	'Thomas Cousseau',	NULL,	NULL,	NULL),
(44,	'Lionnel Astier',	'LionnelAstier.jpg',	'Par Mireille Dubreuil — Travail personnel, CC BY-SA 4.0, https://commons.wikimedia.org/w/index.php?curid=18689538',	NULL),
(45,	'François Rollin',	'FrançoisRollin.jpg',	'Par Georges Biard, CC BY-SA 3.0, https://commons.wikimedia.org/w/index.php?curid=46427198',	NULL),
(46,	'Christian Bujeau',	'ChristianBujeau.jpg',	'Par Yves Tennevin — Travail personnel, CC BY-SA 3.0, https://commons.wikimedia.org/w/index.php?curid=27730728',	NULL),
(47,	'Carlos Brandt',	NULL,	NULL,	NULL),
(48,	'Jacques Chambon',	'JacquesChambon.jpg',	'Par Concertdelhosteldieu — Travail personnel, CC BY-SA 4.0, https://commons.wikimedia.org/w/index.php?curid=53444066',	NULL),
(49,	'Franck Pitiot',	'FranckPitiot.jpg',	'Par Yves Tennevin — Travail personnel, CC BY-SA 3.0, https://commons.wikimedia.org/w/index.php?curid=39189189',	NULL),
(50,	'Gilles Graveleau',	'GillesGraveleau.jpg',	'Par Ambroise31 — Travail personnel, CC BY-SA 4.0, https://commons.wikimedia.org/w/index.php?curid=106746102',	NULL),
(51,	'Joëlle Sevilla',	NULL,	NULL,	NULL),
(52,	'Alain Chapuis',	NULL,	NULL,	NULL),
(53,	'Pascal Vincent',	NULL,	NULL,	NULL),
(54,	'Loïc Varraut',	NULL,	NULL,	NULL),
(55,	'Simon Astier',	'SimonAstier.jpg',	'Par G.Garitan — Travail personnel, CC BY-SA 4.0, https://commons.wikimedia.org/w/index.php?curid=73466359',	NULL),
(56,	'Magali Saadoun',	NULL,	NULL,	NULL);

DROP TABLE IF EXISTS `author`;
CREATE TABLE `author` (
  `id` int(11) NOT NULL AUTO_INCREMENT,
  `name` varchar(64) NOT NULL,
  PRIMARY KEY (`id`)
) ENGINE=InnoDB DEFAULT CHARSET=utf8mb4;

INSERT INTO `author` (`id`, `name`) VALUES
(1,	'Alexandre Astier'),
(2,	'Lionnel Astier'),
(3,	'Fabien Rault'),
(4,	'Simon Astier'),
(5,	'Nicolas Gabion');

DROP TABLE IF EXISTS `avatar`;
CREATE TABLE `avatar` (
  `id` int(11) NOT NULL AUTO_INCREMENT,
  `name` varchar(64) NOT NULL,
  `icon` varchar(128) NOT NULL,
  PRIMARY KEY (`id`)
) ENGINE=InnoDB DEFAULT CHARSET=utf8mb4;

INSERT INTO `avatar` (`id`, `name`, `icon`) VALUES
(1,	'Roi',	'Roi.png'),
(2,	'Reine',	'Reine.png'),
(3,	'Cheval',	'Cheval.png');

DROP TABLE IF EXISTS `episode`;
CREATE TABLE `episode` (
  `id` int(11) NOT NULL AUTO_INCREMENT,
  `title` varchar(128) NOT NULL,
  `number` bigint(20) DEFAULT NULL,
  `author_id` int(11) NOT NULL,
  `season_id` int(11) NOT NULL,
  PRIMARY KEY (`id`),
  KEY `author_id` (`author_id`),
  KEY `season_id` (`season_id`),
  CONSTRAINT `episode_ibfk_1` FOREIGN KEY (`author_id`) REFERENCES `author` (`id`),
  CONSTRAINT `episode_ibfk_2` FOREIGN KEY (`season_id`) REFERENCES `season` (`id`)
) ENGINE=InnoDB DEFAULT CHARSET=utf8mb4;

INSERT INTO `episode` (`id`, `title`, `number`, `author_id`, `season_id`) VALUES
(1,	'La Romance de Lancelot',	37,	1,	1),
(2,	'La Joute Ancillaire',	37,	1,	2),
(3,	'La chambre de la Reine',	26,	1,	3),
(4,	'Les Bonnes',	30,	1,	3),
(5,	'La Supplique',	30,	1,	4),
(6,	'Nuptiae',	6,	1,	5),
(7,	'Arturus Rex',	7,	1,	5),
(8,	'Lacrimosa',	8,	1,	5),
(9,	'Le Fléau de Dieu',	89,	1,	1),
(10,	'Le Fléau de Dieu II',	12,	1,	6),
(11,	'Spiritueux',	68,	1,	2),
(12,	'La table de Breccan',	3,	1,	1),
(13,	'La jupe de Calogrenant',	59,	1,	1),
(14,	'Le Cadeau',	46,	1,	2),
(15,	'L\'Alliance',	60,	1,	2),
(16,	'Miles Ignotus',	1,	1,	5),
(17,	'Centurio',	2,	1,	5),
(18,	'Dux bellorum',	5,	1,	5),
(19,	'Arturi Inquisitio',	4,	1,	5),
(20,	'Nuptiæ',	6,	1,	5),
(21,	'De retour de Judée',	27,	1,	1),
(22,	'Le Retour de Judée',	27,	1,	1),
(23,	'Le Désordre et la Nuit',	100,	1,	3),
(24,	'La promesse',	22,	1,	4),
(25,	'Hollow Man',	98,	1,	6),
(26,	'Tous Les Matins du Monde',	2,	1,	3),
(27,	'La Révoquée',	28,	1,	3),
(28,	'La roche et le fer ',	12,	1,	4),
(29,	'La Nourrice',	36,	1,	4),
(30,	'Les Fruits d\'Hiver',	16,	1,	4),
(31,	'Les Nocturnales',	19,	1,	4),
(32,	'Le Forfait',	23,	1,	4),
(33,	'Le Chevalier femme',	6,	1,	7),
(34,	'Le Chevalier Femme',	6,	1,	7),
(35,	'Enluminures',	51,	1,	1),
(36,	'Les Vœux',	45,	1,	2),
(37,	'Spagenhelm',	84,	1,	2),
(38,	'Dagonnet et le cadastre',	14,	1,	3),
(39,	'Loth et le Graal',	67,	1,	3),
(40,	'Aux yeux de tous III',	21,	1,	4),
(41,	'Goustan Le Cruel',	63,	1,	1),
(42,	'Goustan le Cruel',	63,	1,	1),
(43,	'Arturus rex',	7,	1,	5),
(44,	'La queue du scorpion',	22,	1,	1),
(45,	'L\'Assassin de Kaamelott',	29,	1,	1),
(46,	'Le Rêve d\'Ygerne',	64,	1,	3),
(47,	'L\'Espion',	91,	1,	6),
(48,	'Les Pionniers',	40,	1,	4),
(49,	'Le Destitué',	42,	1,	4),
(50,	'L\'interprète',	45,	1,	1),
(51,	'L\'Interprète',	45,	1,	1),
(52,	'La Parade',	21,	1,	3),
(53,	'Le Jurisconsulte',	27,	1,	4),
(54,	'La Conspiratrice',	41,	1,	4),
(55,	'Immaculé Karadoc',	20,	1,	2),
(56,	'La Chambre de la reine',	26,	1,	3),
(57,	'Miles Ingnotus',	1,	1,	5),
(58,	'Arturi inquisitio',	4,	1,	5),
(59,	'Dux Bellorum',	5,	1,	5),
(60,	'Séfriane d\'Aquitaine ',	16,	1,	6),
(61,	'Lacrimosa ',	8,	1,	5),
(62,	'La Visite d\'Ygerne',	59,	2,	1),
(63,	'Le secret d\'Arthur',	62,	1,	2),
(64,	'Mater Dixit',	69,	2,	2),
(65,	'Le dernier jour',	24,	2,	4),
(66,	'Anton',	69,	2,	4),
(67,	'La tarte aux myrtilles',	NULL,	1,	1),
(68,	'Patience dans la plaine',	NULL,	1,	1),
(69,	'Haunted',	NULL,	1,	1),
(70,	'Les Défis de Merlin',	NULL,	1,	1),
(71,	'La Dent de requin',	NULL,	1,	1),
(72,	'Codes et Stratégies',	NULL,	1,	1),
(73,	'La Retraite',	NULL,	1,	1),
(74,	'Feu l\'âne de Guethenoc',	NULL,	1,	1),
(75,	'Basidiomycètes',	NULL,	1,	1),
(76,	'L\'Imposteur',	NULL,	1,	1),
(77,	'Le Coup d\'épée',	NULL,	1,	1),
(78,	'Le coup d\'épée',	NULL,	1,	1),
(79,	'Tel un chevalier',	NULL,	1,	1),
(80,	'À la volette',	NULL,	1,	1),
(81,	'Unagi',	NULL,	1,	1),
(82,	'Le tourment',	NULL,	1,	1),
(83,	'Agnus Dei',	NULL,	1,	1),
(84,	'Polymorphe',	NULL,	1,	1),
(85,	'Polymorphie',	NULL,	1,	1),
(86,	'La Fête de l\'Hiver',	NULL,	1,	1),
(87,	'La vraie nature du Graal',	NULL,	1,	1),
(88,	'Les Alchimistes',	NULL,	1,	2),
(89,	'Le Dialogue de Paix',	NULL,	1,	2),
(90,	'Le Portrait',	NULL,	3,	2),
(91,	'Silbury Hill',	NULL,	1,	2),
(92,	'Le Monde d\'Arthur',	NULL,	1,	2),
(93,	'Le monde d\'Arthur',	NULL,	1,	2),
(94,	'Arthur in love',	NULL,	1,	2),
(95,	'Les Classes de Bohort',	NULL,	1,	2),
(96,	'La Fête du Printemps',	NULL,	1,	2),
(97,	'Le Tourment II',	NULL,	1,	2),
(98,	'Le passage secret',	NULL,	1,	2),
(99,	'L\'ivresse',	NULL,	1,	2),
(100,	'Always ',	NULL,	1,	2),
(101,	'Always',	NULL,	1,	2),
(102,	'Unagi II',	NULL,	1,	2),
(103,	'Le Poème',	NULL,	1,	2),
(104,	'Stargate',	NULL,	1,	2),
(105,	'La chambre',	NULL,	1,	2),
(106,	'Neiges Éternelles ',	NULL,	1,	2),
(107,	'Legenda',	NULL,	1,	6),
(108,	'La mission',	NULL,	1,	6),
(109,	'La poétique - IIème partie ',	NULL,	1,	6),
(110,	'Les clous de la sainte croix',	NULL,	1,	6),
(111,	'Le Culte Secret',	NULL,	1,	6),
(112,	'Les clous de la Sainte Croix',	NULL,	1,	6),
(113,	'Le fléau de Dieu II',	NULL,	1,	6),
(114,	'Ablutions',	NULL,	1,	6),
(115,	'Seriane d\'aquitaine',	NULL,	1,	6),
(116,	'Le Traitre ',	NULL,	1,	3),
(117,	'La Foi bretonne',	NULL,	1,	3),
(118,	'Au service secret de Sa Majesté',	NULL,	1,	3),
(119,	'La clandestine',	NULL,	1,	3),
(120,	'La Réponse',	NULL,	1,	3),
(121,	'La Poétique II',	NULL,	1,	3),
(122,	'Le Choix de Gauvain',	NULL,	1,	3),
(123,	'La Tarte aux Fraises',	NULL,	1,	3),
(124,	'Unagi IV ',	NULL,	1,	3),
(125,	'Tous les matins du monde (Première Partie)',	NULL,	1,	3),
(126,	'L\'Épée des rois ',	NULL,	1,	4),
(127,	'L\'Élu',	NULL,	1,	4),
(128,	'La Roche et le Fer',	NULL,	1,	4),
(129,	'Les Transhumants',	NULL,	1,	4),
(130,	'Plusieurs épisodes de la saison V ',	NULL,	1,	4),
(131,	'Le garçon qui criait au loup',	NULL,	1,	4),
(132,	'Le retour du Roi',	NULL,	1,	4),
(133,	'Dies Irae',	NULL,	1,	5),
(134,	'La Quinte juste',	48,	1,	2),
(135,	'L\'Ambition',	11,	1,	2),
(136,	'Le Médiateur',	96,	1,	6),
(137,	'Le Vice De Forme',	91,	1,	3),
(138,	'En forme de Graal',	18,	1,	1),
(139,	'Arthur et la Question',	13,	1,	1),
(140,	'Un bruit dans la nuit',	61,	1,	1),
(141,	'Le Dragon des tunnels',	86,	1,	1),
(142,	'Le Donneur',	49,	1,	2),
(143,	'Les Neiges Éternelles',	59,	1,	2),
(144,	'L\'Aveu de Bohort',	3,	1,	6),
(145,	'Arthur sensei',	40,	1,	6),
(146,	'La Dispute I',	98,	1,	6),
(147,	'La Dispute II',	99,	1,	6),
(148,	'Les Tuteurs II',	36,	1,	3),
(149,	'Le Renoncement : 1ère partie',	36,	1,	3),
(150,	'Les Embusqués',	35,	1,	4),
(151,	'Le Dialogue de paix',	44,	1,	2),
(152,	'Le dialogue de paix II',	23,	1,	6),
(153,	'Les Envahisseurs',	44,	1,	3),
(154,	'Le Jeu de la guerre',	66,	1,	3),
(155,	'Le Dernier Empereur',	56,	1,	1),
(156,	'Seigneur Caius',	22,	1,	3),
(157,	'Le Reclassement',	14,	1,	2),
(158,	'Le Déserteur',	18,	1,	6),
(159,	'Fluctuat nec mergitur',	80,	1,	3),
(160,	'Le Tourment',	98,	1,	1),
(161,	'Les Cheveux Noirs',	46,	1,	6),
(162,	'Les Liaisons Dangereuses',	15,	1,	3),
(163,	'La Potion de Fécondité II',	67,	1,	6),
(164,	'Le Privilégié',	NULL,	1,	3),
(165,	'Anges Et Démons',	50,	1,	3),
(166,	'Le rassemblent du corbeau II',	50,	1,	3),
(167,	'Les plaques de dissimulation',	90,	1,	3),
(168,	'La Sorcière',	5,	1,	4),
(169,	'Vae soli!',	14,	1,	4),
(170,	'Le Duel',	1,	1,	7),
(171,	'Le prodige du fakir',	86,	1,	1),
(172,	'Les Nouveaux Frères',	NULL,	1,	1),
(173,	'La Chevalerie',	86,	1,	6),
(174,	'Le Grand Départ',	39,	1,	3),
(175,	'Les Tuteurs',	24,	1,	2),
(176,	'La Potion de fécondité',	23,	1,	1),
(177,	'Le Secret de Lancelot',	83,	1,	1),
(178,	'L\'Ancien Temps',	33,	1,	2),
(179,	'L\'Ivresse',	31,	1,	2),
(180,	'L\'Escorte II',	37,	1,	2),
(181,	'Excalibur et le Destin ',	98,	1,	2),
(182,	'La veillée',	NULL,	1,	6),
(183,	'Les Novices',	34,	1,	3),
(184,	'Corvus corone',	7,	1,	4),
(185,	'Les Exilés',	17,	1,	4),
(186,	'La révolte',	23,	1,	2),
(187,	'Feue La Vache De Roparzh',	69,	1,	2),
(188,	'Saponides et Détergents',	74,	1,	6),
(189,	'Feue La Poule de Guethenoc',	36,	1,	6),
(190,	'La taxe militaire',	21,	1,	1),
(191,	'O\'Brother',	41,	1,	2),
(192,	'Les chiens de guerre',	48,	1,	2),
(193,	'Le Jeu du caillou',	60,	1,	2),
(194,	'Les Suppléants',	24,	1,	6),
(195,	'Witness',	73,	1,	6),
(196,	'Le Paladin',	75,	1,	3),
(197,	'Domi Nostræ',	33,	1,	4),
(198,	'Unagi V',	39,	1,	4),
(199,	'Le Retour du Roi',	49,	1,	4),
(200,	'Heat',	NULL,	1,	1),
(201,	'Le pain',	NULL,	1,	1),
(202,	'La quête des deux renards',	NULL,	1,	1),
(203,	'L\'absent',	NULL,	1,	2),
(204,	'Sept cent quarante-quatre',	NULL,	1,	2),
(205,	'La Cassette',	NULL,	1,	2),
(206,	'Corpore sano',	NULL,	1,	2),
(207,	'La Restriction',	NULL,	1,	2),
(208,	'Les Exploités',	NULL,	1,	2),
(209,	'Le Tourment III',	NULL,	1,	6),
(210,	'La Grande Bataille',	NULL,	1,	6),
(211,	'La menace fantôme',	NULL,	1,	6),
(212,	'La Corne d\'abondance',	NULL,	1,	6),
(213,	'Cuisine et Dépendances',	NULL,	1,	6),
(214,	'Le Législateur',	NULL,	1,	6),
(215,	'Le Porte Bonheur',	NULL,	1,	6),
(216,	'Unagi IV',	NULL,	1,	3),
(217,	'Duel 2eme partie',	NULL,	1,	3),
(218,	'L\'Échange 1ère partie',	NULL,	1,	3),
(219,	'Le Vice de forme',	NULL,	1,	3),
(220,	'L\'Échelle de Perceval',	NULL,	1,	3),
(221,	'Le dernier recours',	NULL,	1,	4),
(222,	'Domi Nostrae',	NULL,	1,	4),
(223,	'La Roche Et Le Fer',	NULL,	1,	4),
(224,	'Le Sacrifice',	25,	1,	1),
(225,	'Le Problème du chou',	70,	1,	1),
(226,	'Spangenhelm',	1,	1,	2),
(227,	'Le Rebelle',	85,	1,	2),
(228,	'Le chevalier errant',	1,	1,	6),
(229,	'Mission',	43,	1,	6),
(230,	'La Dispute',	99,	1,	6),
(231,	'Raisons et sentiments',	3,	1,	3),
(232,	'La réponse',	49,	1,	3),
(233,	'La Rémanence',	51,	1,	3),
(234,	'La Table de Breccan',	NULL,	1,	1),
(235,	'L\'Escorte',	NULL,	1,	1),
(236,	'Les Tartes aux myrtilles',	NULL,	1,	1),
(237,	'Le fléau de Dieu',	NULL,	1,	1),
(238,	'La kleptomane',	NULL,	1,	1),
(239,	'Dîner dansant',	NULL,	1,	1),
(240,	'Arthur et les Ténèbres',	NULL,	1,	1),
(241,	'La potion de fécondité',	NULL,	1,	1),
(242,	'Le Labyrinthe',	NULL,	1,	1),
(243,	'L\'Enlèvement de Guenièvre',	NULL,	2,	2),
(244,	'La Révolte',	NULL,	1,	2),
(245,	'Le Sort Perdu',	NULL,	1,	2),
(246,	'Le Passage Secret',	NULL,	1,	2),
(247,	'L\'Oubli',	NULL,	1,	2),
(248,	'Le Secret d\'Arthur',	NULL,	1,	2),
(249,	'Amen',	NULL,	1,	2),
(250,	'Le complot',	NULL,	1,	2),
(251,	'L\'ivresse ',	NULL,	1,	2),
(252,	'Le Magnanime',	NULL,	1,	6),
(253,	'L\'Assemblée des rois 2eme partie',	NULL,	1,	6),
(254,	'Aux Yeux de Tous II',	NULL,	1,	6),
(255,	'La tarte aux fraises',	NULL,	1,	3),
(256,	'Tous les matins du monde II',	NULL,	1,	3),
(257,	'L\'Art de la table',	NULL,	1,	3),
(258,	'La Réaffectation',	NULL,	1,	3),
(259,	'La Blessure D\'Yvain',	NULL,	1,	3),
(260,	'Le Oud II',	NULL,	1,	3),
(261,	'Les Rivales',	NULL,	1,	4),
(262,	'La roche et le fer',	NULL,	1,	4),
(263,	'Perceval de Sinope',	NULL,	1,	4),
(264,	'L\'avènement du Sanguinaire',	NULL,	1,	4),
(265,	'Le royaume sans tête',	NULL,	1,	4),
(266,	'Le Périple',	8,	1,	4),
(267,	'Praeceptores',	NULL,	1,	5),
(268,	'Dagonet et le Cadastre',	NULL,	1,	3),
(269,	'Le désordre et la nuit',	NULL,	1,	3),
(270,	'Les Repentants',	NULL,	1,	4),
(271,	'Hurlements',	NULL,	1,	4),
(272,	'La Promesse',	NULL,	1,	4),
(273,	'Vae Soli !',	NULL,	1,	4),
(274,	'Les Dauphins',	NULL,	1,	4),
(275,	'Jizo',	NULL,	1,	4),
(276,	'Le maître d\'armes',	9,	1,	1),
(277,	'Les classes de Bohort',	35,	1,	2),
(278,	'Excalibur et le Destin',	92,	1,	2),
(279,	'L\'assemblée des Rois 2e partie',	90,	1,	6),
(280,	'Corpore sano II',	82,	1,	3),
(281,	'Le Dernier Recours',	3,	1,	4),
(282,	'Aux yeux de tous III ',	3,	1,	4),
(283,	'Jizô',	38,	1,	4),
(284,	'Le Garçon Qui Criait Au Loup',	NULL,	1,	4),
(285,	'Le Théâtre Fantôme',	NULL,	1,	4),
(286,	'La Blessure Mortelle',	85,	1,	1),
(287,	'Le Rassemblement du Corbeau',	4,	1,	2),
(288,	'Les Misanthropes',	21,	1,	2),
(289,	'Merlin l\'archaïque',	56,	1,	2),
(290,	'Le Renfort Magique',	4,	1,	6),
(291,	'Les Défis De Merlin II',	96,	1,	6),
(292,	'Le privilégié',	12,	1,	3),
(293,	'Præceptores',	3,	1,	5),
(294,	'L\'arche de transport',	NULL,	1,	6),
(295,	'L\'invincible',	NULL,	1,	2),
(296,	'La Botte secrète',	NULL,	1,	1),
(297,	'Ambidextrie',	NULL,	1,	1),
(298,	'Le Code de Chevalerie',	NULL,	1,	1),
(299,	'Le Chaudron Rutilant',	NULL,	1,	1),
(300,	'La fureur du dragon',	NULL,	1,	1),
(301,	'Les Fesses de Guenièvre',	NULL,	1,	1),
(302,	'La Coccinelle de Madenn',	NULL,	1,	1),
(303,	'Séli et les Rongeurs',	NULL,	1,	2),
(304,	'Un Roi à la Taverne II',	NULL,	1,	2),
(305,	'Perceval et le Contre-sirop',	NULL,	1,	2),
(306,	'The Game',	NULL,	1,	2),
(307,	'L\'Absent',	NULL,	1,	2),
(308,	'Le tourment II',	NULL,	1,	2),
(309,	'La Botte secrète II',	NULL,	1,	2),
(310,	'Les Volontaires II',	NULL,	1,	2),
(311,	'La Garde Royale',	30,	1,	2),
(312,	'Les Félicitations',	86,	1,	2),
(313,	'Le Jour D\'Alexandre',	NULL,	1,	6),
(314,	'Morituri',	NULL,	1,	6),
(315,	'Poltergeist',	NULL,	1,	6),
(316,	'L\'Etudiant',	NULL,	1,	6),
(317,	'Aux Yeux De Tous II',	NULL,	1,	6),
(318,	'La poétique, 1ere partie',	NULL,	1,	6),
(319,	'Chante Sloubi',	NULL,	1,	6),
(320,	'L\'Empressée',	NULL,	1,	6),
(321,	'Le Sanglier De Cornouailles',	NULL,	1,	6),
(322,	'Tous les matins du monde, 2eme partie',	NULL,	1,	3),
(323,	'Les Pisteurs',	NULL,	1,	3),
(324,	'Les Exploités II',	NULL,	1,	3),
(325,	'Les Chaperons',	NULL,	1,	3),
(326,	'Les chaperons',	NULL,	1,	3),
(327,	'L\'Habitué',	NULL,	1,	3),
(328,	'L\'Inspiration',	NULL,	1,	3),
(329,	'Perceval Fait Raitournelle',	NULL,	1,	3),
(330,	'L\'épée Des Rois',	NULL,	1,	4),
(331,	'L\'épée des rois',	NULL,	1,	4),
(332,	'Les recruteurs',	NULL,	1,	4),
(333,	'Le Royaume Sans Tête',	NULL,	1,	4),
(334,	'Dies Iræ',	9,	1,	5),
(335,	'Feue la Vache de Roparzh',	69,	1,	2),
(336,	'Saponides et detergents',	74,	1,	6),
(337,	'La Révolte III',	31,	1,	3),
(338,	'Vox populi III',	53,	1,	3),
(339,	'Feue La Poule De Guethenoc',	36,	1,	6),
(340,	'L\'Entente Cordiale',	82,	1,	3),
(341,	'La nourrice',	36,	1,	4),
(342,	'Potion de fécondité',	NULL,	1,	1),
(343,	'La Chambre',	3,	1,	2),
(344,	'L\'Art de la Table',	33,	1,	3),
(345,	'La Cassette II',	2,	1,	6),
(346,	'La restriction II',	70,	1,	6),
(347,	'Tous les matins du monde',	1,	1,	3),
(348,	'Les Fruits d\'hiver',	36,	1,	4),
(349,	'Le Dernier Jour',	24,	1,	4),
(350,	'Au bonheur des Dames',	55,	1,	6),
(351,	'Un roi à la taverne II',	26,	1,	2),
(352,	'Les dauphins',	13,	1,	4),
(353,	'La dent de requin',	20,	1,	1),
(354,	'Un roi à la taverne',	21,	1,	1),
(355,	'Le Professionnel',	23,	1,	6),
(356,	'Les Tuteurs ',	24,	1,	2),
(357,	'Plus près de Toi',	18,	5,	2),
(358,	'Les esclaves',	88,	1,	2),
(359,	'Le banquet des chefs',	16,	1,	1),
(360,	'Le cas Yvain',	39,	1,	1),
(361,	'Sous les verrous',	18,	1,	2),
(362,	'Les tuteurs',	24,	1,	2),
(363,	'Les Mauvaises Graines',	29,	1,	2),
(364,	'Le Guet',	52,	1,	2),
(365,	'Les félicitations',	86,	1,	2),
(366,	'Le Pédagogue',	95,	1,	2),
(367,	'Trois Cent Soixante Degrés',	97,	1,	2),
(368,	'L\'étudiant',	88,	1,	6),
(369,	'Seigneur Caïus',	22,	1,	3),
(370,	'Le Rapport',	32,	1,	3),
(371,	'La Blessure d\'Yvain',	81,	1,	3),
(372,	'Les Nouveaux Clans',	4,	1,	4),
(373,	'Les pionniers',	40,	1,	4),
(374,	'Aux Yeux De Tous III',	21,	1,	4);

DROP TABLE IF EXISTS `favorite`;
CREATE TABLE `favorite` (
  `id` int(11) NOT NULL AUTO_INCREMENT,
  `quote_id` int(11) DEFAULT NULL,
  `user_id` int(11) DEFAULT NULL,
  PRIMARY KEY (`id`),
  KEY `quote_id` (`quote_id`),
  KEY `user_id` (`user_id`),
  CONSTRAINT `favorite_ibfk_1` FOREIGN KEY (`quote_id`) REFERENCES `quote` (`id`) ON DELETE SET NULL,
  CONSTRAINT `favorite_ibfk_2` FOREIGN KEY (`user_id`) REFERENCES `user` (`id`) ON DELETE SET NULL
) ENGINE=InnoDB DEFAULT CHARSET=utf8mb4;

INSERT INTO `favorite` (`id`, `quote_id`, `user_id`) VALUES
(1,	1,	NULL),
(2,	2,	NULL),
(3,	3,	NULL),
(4,	4,	NULL),
(5,	5,	NULL),
(6,	6,	NULL),
(7,	7,	NULL),
(8,	8,	NULL),
(9,	9,	NULL),
(10,	10,	NULL),
(11,	11,	NULL),
(12,	12,	NULL),
(13,	13,	NULL),
(14,	14,	NULL),
(15,	15,	NULL),
(16,	15,	NULL),
(17,	16,	NULL),
(18,	17,	NULL),
(19,	18,	NULL),
(20,	19,	NULL),
(21,	20,	NULL),
(22,	21,	NULL),
(23,	22,	NULL),
(24,	23,	NULL),
(25,	24,	NULL),
(26,	25,	NULL),
(27,	26,	NULL),
(28,	27,	NULL),
(29,	28,	NULL),
(30,	29,	NULL),
(31,	30,	NULL),
(32,	31,	NULL),
(33,	32,	NULL),
(34,	33,	NULL),
(35,	34,	NULL),
(36,	35,	NULL),
(37,	36,	NULL),
(38,	37,	NULL),
(39,	38,	NULL),
(40,	39,	NULL),
(41,	40,	NULL),
(42,	41,	NULL),
(43,	42,	NULL),
(44,	43,	NULL),
(45,	44,	NULL),
(46,	45,	NULL),
(47,	46,	NULL),
(48,	47,	NULL),
(49,	48,	NULL),
(50,	49,	NULL),
(51,	50,	NULL),
(52,	51,	NULL),
(53,	52,	NULL),
(54,	53,	NULL),
(55,	54,	NULL),
(56,	55,	NULL),
(57,	56,	NULL),
(58,	57,	NULL),
(59,	58,	NULL),
(60,	59,	NULL),
(61,	60,	NULL),
(62,	61,	NULL),
(63,	62,	NULL),
(64,	63,	NULL),
(65,	64,	NULL),
(66,	65,	NULL),
(67,	66,	NULL),
(68,	67,	NULL),
(69,	68,	NULL),
(70,	69,	NULL),
(71,	70,	NULL),
(72,	71,	NULL),
(73,	72,	NULL),
(74,	73,	NULL),
(75,	74,	NULL),
(76,	75,	NULL),
(77,	76,	NULL),
(78,	77,	NULL),
(79,	78,	NULL),
(80,	79,	NULL),
(81,	80,	NULL),
(82,	81,	NULL),
(83,	82,	NULL),
(84,	83,	NULL),
(85,	84,	NULL),
(86,	85,	NULL),
(87,	86,	NULL),
(88,	87,	NULL),
(89,	88,	NULL),
(90,	89,	NULL),
(91,	90,	NULL),
(92,	91,	NULL),
(93,	92,	NULL),
(94,	93,	NULL),
(95,	94,	NULL),
(96,	95,	NULL),
(97,	96,	NULL),
(98,	97,	NULL),
(99,	98,	NULL),
(100,	99,	NULL),
(101,	100,	NULL),
(102,	101,	NULL),
(103,	102,	NULL),
(104,	103,	NULL),
(105,	104,	NULL),
(106,	105,	NULL),
(107,	106,	NULL),
(108,	107,	NULL),
(109,	108,	NULL),
(110,	109,	NULL),
(111,	110,	NULL),
(112,	111,	NULL),
(113,	112,	NULL),
(114,	113,	NULL),
(115,	114,	NULL),
(116,	115,	NULL),
(117,	116,	NULL),
(118,	117,	NULL),
(119,	118,	NULL),
(120,	119,	NULL),
(121,	120,	NULL),
(122,	121,	NULL),
(123,	122,	NULL),
(124,	123,	NULL),
(125,	124,	NULL),
(126,	125,	NULL),
(127,	126,	NULL),
(128,	127,	NULL),
(129,	128,	NULL),
(130,	129,	NULL),
(131,	130,	NULL),
(132,	131,	NULL),
(133,	132,	NULL),
(134,	133,	NULL),
(135,	134,	NULL),
(136,	135,	NULL),
(137,	136,	NULL),
(138,	137,	NULL),
(139,	138,	NULL),
(140,	139,	NULL),
(141,	140,	NULL),
(142,	141,	NULL),
(143,	142,	NULL),
(144,	143,	NULL),
(145,	144,	NULL),
(146,	145,	NULL),
(147,	146,	NULL),
(148,	147,	NULL),
(149,	148,	NULL),
(150,	149,	NULL),
(151,	150,	NULL),
(152,	151,	NULL),
(153,	152,	NULL),
(154,	153,	NULL),
(155,	154,	NULL),
(156,	155,	NULL),
(157,	156,	NULL),
(158,	157,	NULL),
(159,	158,	NULL),
(160,	159,	NULL),
(161,	160,	NULL),
(162,	161,	NULL),
(163,	162,	NULL),
(164,	163,	NULL),
(165,	164,	NULL),
(166,	165,	NULL),
(167,	166,	NULL),
(168,	167,	NULL),
(169,	168,	NULL),
(170,	169,	NULL),
(171,	170,	NULL),
(172,	171,	NULL),
(173,	172,	NULL),
(174,	173,	NULL),
(175,	174,	NULL),
(176,	175,	NULL),
(177,	176,	NULL),
(178,	177,	NULL),
(179,	178,	NULL),
(180,	179,	NULL),
(181,	180,	NULL),
(182,	181,	NULL),
(183,	182,	NULL),
(184,	183,	NULL),
(185,	184,	NULL),
(186,	185,	NULL),
(187,	186,	NULL),
(188,	187,	NULL),
(189,	188,	NULL),
(190,	189,	NULL),
(191,	190,	NULL),
(192,	191,	NULL),
(193,	192,	NULL),
(194,	193,	NULL),
(195,	194,	NULL),
(196,	195,	NULL),
(197,	196,	NULL),
(198,	197,	NULL),
(199,	198,	NULL),
(200,	199,	NULL),
(201,	200,	NULL),
(202,	201,	NULL),
(203,	202,	NULL),
(204,	203,	NULL),
(205,	204,	NULL),
(206,	205,	NULL),
(207,	206,	NULL),
(208,	207,	NULL),
(209,	208,	NULL),
(210,	209,	NULL),
(211,	210,	NULL),
(212,	211,	NULL),
(213,	212,	NULL),
(214,	213,	NULL),
(215,	214,	NULL),
(216,	215,	NULL),
(217,	216,	NULL),
(218,	217,	NULL),
(219,	218,	NULL),
(220,	219,	NULL),
(221,	220,	NULL),
(222,	221,	NULL),
(223,	222,	NULL),
(224,	223,	NULL),
(225,	224,	NULL),
(226,	225,	NULL),
(227,	226,	NULL),
(228,	227,	NULL),
(229,	228,	NULL),
(230,	229,	NULL),
(231,	230,	NULL),
(232,	231,	NULL),
(233,	232,	NULL),
(234,	233,	NULL),
(235,	234,	NULL),
(236,	235,	NULL),
(237,	236,	NULL),
(238,	237,	NULL),
(239,	238,	NULL),
(240,	239,	NULL),
(241,	240,	NULL),
(242,	241,	NULL),
(243,	242,	NULL),
(244,	243,	NULL),
(245,	244,	NULL),
(246,	245,	NULL),
(247,	246,	NULL),
(248,	247,	NULL),
(249,	248,	NULL),
(250,	249,	NULL),
(251,	250,	NULL),
(252,	251,	NULL),
(253,	252,	NULL),
(254,	253,	NULL),
(255,	254,	NULL),
(256,	255,	NULL),
(257,	256,	NULL),
(258,	257,	NULL),
(259,	258,	NULL),
(260,	259,	NULL),
(261,	260,	NULL),
(262,	261,	NULL),
(263,	262,	NULL),
(264,	263,	NULL),
(265,	264,	NULL),
(266,	265,	NULL),
(267,	266,	NULL),
(268,	267,	NULL),
(269,	268,	NULL),
(270,	269,	NULL),
(271,	270,	NULL),
(272,	271,	NULL),
(273,	272,	NULL),
(274,	273,	NULL),
(275,	274,	NULL),
(276,	275,	NULL),
(277,	276,	NULL),
(278,	277,	NULL),
(279,	278,	NULL),
(280,	279,	NULL),
(281,	280,	NULL),
(282,	281,	NULL),
(283,	282,	NULL),
(284,	283,	NULL),
(285,	284,	NULL),
(286,	285,	NULL),
(287,	286,	NULL),
(288,	287,	NULL),
(289,	288,	NULL),
(290,	289,	NULL),
(291,	290,	NULL),
(292,	291,	NULL),
(293,	292,	NULL),
(294,	293,	NULL),
(295,	294,	NULL),
(296,	295,	NULL),
(297,	296,	NULL),
(298,	297,	NULL),
(299,	298,	NULL),
(300,	299,	NULL),
(301,	300,	NULL),
(302,	301,	NULL),
(303,	302,	NULL),
(304,	303,	NULL),
(305,	304,	NULL),
(306,	305,	NULL),
(307,	306,	NULL),
(308,	307,	NULL),
(309,	308,	NULL),
(310,	309,	NULL),
(311,	310,	NULL),
(312,	311,	NULL),
(313,	312,	NULL),
(314,	313,	NULL),
(315,	314,	NULL),
(316,	315,	NULL),
(317,	316,	NULL),
(318,	317,	NULL),
(319,	318,	NULL),
(320,	319,	NULL),
(321,	320,	NULL),
(322,	321,	NULL),
(323,	322,	NULL),
(324,	323,	NULL),
(325,	324,	NULL),
(326,	325,	NULL),
(327,	326,	NULL),
(328,	327,	NULL),
(329,	328,	NULL),
(330,	329,	NULL),
(331,	330,	NULL),
(332,	331,	NULL),
(333,	332,	NULL),
(334,	333,	NULL),
(335,	334,	NULL),
(336,	335,	NULL),
(337,	336,	NULL),
(338,	337,	NULL),
(339,	338,	NULL),
(340,	339,	NULL),
(341,	340,	NULL),
(342,	341,	NULL),
(343,	342,	NULL),
(344,	343,	NULL),
(345,	344,	NULL),
(346,	345,	NULL),
(347,	346,	NULL),
(348,	347,	NULL),
(349,	348,	NULL),
(350,	349,	NULL),
(351,	350,	NULL),
(352,	351,	NULL),
(353,	352,	NULL),
(354,	353,	NULL),
(355,	354,	NULL),
(356,	355,	NULL),
(357,	356,	NULL),
(358,	357,	NULL),
(359,	358,	NULL),
(360,	359,	NULL),
(361,	360,	NULL),
(362,	361,	NULL),
(363,	362,	NULL),
(364,	363,	NULL),
(365,	364,	NULL),
(366,	365,	NULL),
(367,	366,	NULL),
(368,	367,	NULL),
(369,	368,	NULL),
(370,	369,	NULL),
(371,	370,	NULL),
(372,	371,	NULL),
(373,	372,	NULL),
(374,	373,	NULL),
(375,	374,	NULL),
(376,	375,	NULL),
(377,	376,	NULL),
(378,	377,	NULL),
(379,	378,	NULL),
(380,	379,	NULL),
(381,	380,	NULL),
(382,	381,	NULL),
(383,	382,	NULL),
(384,	383,	NULL),
(385,	384,	NULL),
(386,	385,	NULL),
(387,	386,	NULL),
(388,	387,	NULL),
(389,	388,	NULL),
(390,	389,	NULL),
(391,	390,	NULL),
(392,	391,	NULL),
(393,	392,	NULL),
(394,	393,	NULL),
(395,	394,	NULL),
(396,	395,	NULL),
(397,	396,	NULL),
(398,	397,	NULL),
(399,	398,	NULL),
(400,	399,	NULL),
(401,	400,	NULL),
(402,	401,	NULL),
(403,	402,	NULL),
(404,	403,	NULL),
(405,	404,	NULL),
(406,	405,	NULL),
(407,	406,	NULL),
(408,	407,	NULL),
(409,	408,	NULL),
(410,	409,	NULL),
(411,	410,	NULL),
(412,	411,	NULL),
(413,	412,	NULL),
(414,	413,	NULL),
(415,	414,	NULL),
(416,	415,	NULL),
(417,	416,	NULL),
(418,	417,	NULL),
(419,	418,	NULL),
(420,	419,	NULL),
(421,	420,	NULL),
(422,	421,	NULL),
(423,	422,	NULL),
(424,	423,	NULL),
(425,	424,	NULL),
(426,	425,	NULL),
(427,	426,	NULL),
(428,	427,	NULL),
(429,	428,	NULL),
(430,	429,	NULL),
(431,	430,	NULL),
(432,	431,	NULL),
(433,	432,	NULL),
(434,	433,	NULL),
(435,	434,	NULL),
(436,	435,	NULL),
(437,	436,	NULL),
(438,	437,	NULL),
(439,	438,	NULL),
(440,	439,	NULL),
(441,	440,	NULL),
(442,	441,	NULL),
(443,	442,	NULL),
(444,	443,	NULL),
(445,	444,	NULL),
(446,	445,	NULL),
(447,	446,	NULL),
(448,	447,	NULL),
(449,	448,	NULL),
(450,	449,	NULL),
(451,	450,	NULL),
(452,	451,	NULL),
(453,	452,	NULL),
(454,	453,	NULL),
(455,	454,	NULL),
(456,	455,	NULL),
(457,	456,	NULL),
(458,	457,	NULL),
(459,	458,	NULL),
(460,	459,	NULL),
(461,	460,	NULL),
(462,	461,	NULL),
(463,	462,	NULL),
(464,	463,	NULL),
(465,	464,	NULL),
(466,	465,	NULL),
(467,	466,	NULL),
(468,	467,	NULL),
(469,	468,	NULL),
(470,	469,	NULL),
(471,	470,	NULL),
(472,	471,	NULL),
(473,	472,	NULL),
(474,	473,	NULL),
(475,	474,	NULL),
(476,	475,	NULL),
(477,	476,	NULL),
(478,	477,	NULL),
(479,	478,	NULL),
(480,	479,	NULL),
(481,	480,	NULL),
(482,	481,	NULL),
(483,	482,	NULL),
(484,	483,	NULL),
(485,	484,	NULL),
(486,	485,	NULL),
(487,	486,	NULL),
(488,	487,	NULL),
(489,	488,	NULL),
(490,	489,	NULL),
(491,	490,	NULL),
(492,	491,	NULL),
(493,	492,	NULL),
(494,	493,	NULL),
(495,	494,	NULL),
(496,	495,	NULL),
(497,	496,	NULL),
(498,	497,	NULL),
(499,	498,	NULL),
(500,	499,	NULL),
(501,	500,	NULL),
(502,	501,	NULL),
(503,	502,	NULL),
(504,	503,	NULL),
(505,	504,	NULL),
(506,	505,	NULL),
(507,	506,	NULL),
(508,	507,	NULL),
(509,	508,	NULL),
(510,	509,	NULL),
(511,	510,	NULL),
(512,	511,	NULL),
(513,	512,	NULL),
(514,	513,	NULL),
(515,	514,	NULL),
(516,	515,	NULL),
(517,	516,	NULL),
(518,	517,	NULL),
(519,	518,	NULL),
(520,	519,	NULL),
(521,	520,	NULL),
(522,	521,	NULL),
(523,	522,	NULL),
(524,	523,	NULL),
(525,	524,	NULL),
(526,	525,	NULL),
(527,	526,	NULL),
(528,	527,	NULL),
(529,	528,	NULL),
(530,	529,	NULL),
(531,	530,	NULL),
(532,	531,	NULL),
(533,	532,	NULL),
(534,	533,	NULL),
(535,	534,	NULL),
(536,	535,	NULL),
(537,	536,	NULL),
(538,	537,	NULL),
(539,	538,	NULL),
(540,	539,	NULL),
(541,	540,	NULL),
(542,	541,	NULL),
(543,	542,	NULL),
(544,	543,	NULL),
(545,	544,	NULL),
(546,	545,	NULL),
(547,	546,	NULL),
(548,	547,	NULL),
(549,	548,	NULL),
(550,	549,	NULL),
(551,	550,	NULL),
(552,	551,	NULL),
(553,	552,	NULL),
(554,	553,	NULL),
(555,	554,	NULL),
(556,	555,	NULL),
(557,	556,	NULL),
(558,	557,	NULL),
(559,	558,	NULL),
(560,	559,	NULL),
(561,	560,	NULL),
(562,	561,	NULL),
(563,	562,	NULL),
(564,	563,	NULL),
(565,	564,	NULL),
(566,	565,	NULL),
(567,	566,	NULL),
(568,	567,	NULL),
(569,	568,	NULL),
(570,	569,	NULL),
(571,	570,	NULL),
(572,	571,	NULL),
(573,	572,	NULL),
(574,	573,	NULL),
(575,	574,	NULL),
(576,	575,	NULL),
(577,	576,	NULL),
(578,	577,	NULL),
(579,	578,	NULL),
(580,	579,	NULL),
(581,	580,	NULL),
(582,	581,	NULL),
(583,	582,	NULL),
(584,	583,	NULL),
(585,	584,	NULL),
(586,	585,	NULL),
(587,	586,	NULL),
(588,	587,	NULL),
(589,	588,	NULL),
(590,	589,	NULL),
(591,	590,	NULL),
(592,	591,	NULL),
(593,	592,	NULL),
(594,	593,	NULL),
(595,	594,	NULL),
(596,	595,	NULL),
(597,	596,	NULL),
(598,	597,	NULL),
(599,	598,	NULL),
(600,	599,	NULL),
(601,	600,	NULL),
(602,	601,	NULL),
(603,	602,	NULL),
(604,	603,	NULL),
(605,	604,	NULL),
(606,	605,	NULL),
(607,	606,	NULL),
(608,	607,	NULL),
(609,	608,	NULL),
(610,	609,	NULL),
(611,	610,	NULL),
(612,	611,	NULL),
(613,	612,	NULL),
(614,	613,	NULL),
(615,	614,	NULL),
(616,	615,	NULL),
(617,	616,	NULL),
(618,	617,	NULL),
(619,	618,	NULL),
(620,	619,	NULL),
(621,	620,	NULL),
(622,	621,	NULL),
(623,	622,	NULL),
(624,	623,	NULL),
(625,	624,	NULL),
(626,	625,	NULL),
(627,	626,	NULL),
(628,	627,	NULL),
(629,	628,	NULL),
(630,	629,	NULL),
(631,	630,	NULL),
(632,	631,	NULL),
(633,	632,	NULL),
(634,	633,	NULL),
(635,	634,	NULL),
(636,	635,	NULL),
(637,	636,	NULL),
(638,	637,	NULL),
(639,	638,	NULL),
(640,	639,	NULL),
(641,	640,	NULL),
(642,	641,	NULL),
(643,	642,	NULL),
(644,	643,	NULL),
(645,	644,	NULL),
(646,	645,	NULL),
(647,	646,	NULL),
(648,	647,	NULL),
(649,	648,	NULL),
(650,	649,	NULL),
(651,	650,	NULL),
(652,	651,	NULL),
(653,	652,	NULL),
(654,	653,	NULL),
(655,	654,	NULL),
(656,	655,	NULL),
(657,	656,	NULL),
(658,	657,	NULL),
(659,	658,	NULL),
(660,	659,	NULL),
(661,	660,	NULL),
(662,	661,	NULL),
(663,	662,	NULL),
(664,	663,	NULL),
(665,	664,	NULL),
(666,	665,	NULL),
(667,	666,	NULL),
(668,	667,	NULL),
(669,	668,	NULL),
(670,	669,	NULL),
(671,	670,	NULL),
(672,	671,	NULL),
(673,	672,	NULL),
(674,	673,	NULL),
(675,	674,	NULL),
(676,	675,	NULL),
(677,	676,	NULL),
(678,	677,	NULL),
(679,	678,	NULL),
(680,	679,	NULL),
(681,	680,	NULL),
(682,	681,	NULL),
(683,	682,	NULL),
(684,	683,	NULL),
(685,	684,	NULL),
(686,	685,	NULL),
(687,	686,	NULL),
(688,	687,	NULL),
(689,	688,	NULL),
(690,	689,	NULL),
(691,	690,	NULL),
(692,	691,	NULL),
(693,	692,	NULL),
(694,	693,	NULL),
(695,	694,	NULL),
(696,	695,	NULL),
(697,	696,	NULL),
(698,	697,	NULL),
(699,	698,	NULL),
(700,	699,	NULL),
(701,	691,	NULL),
(702,	692,	NULL),
(703,	693,	NULL),
(704,	694,	NULL),
(705,	695,	NULL),
(706,	696,	NULL),
(707,	697,	NULL),
(708,	698,	NULL),
(709,	699,	NULL),
(710,	700,	NULL),
(711,	701,	NULL),
(712,	702,	NULL),
(713,	703,	NULL),
(714,	704,	NULL),
(715,	705,	NULL),
(716,	706,	NULL),
(717,	707,	NULL),
(718,	708,	NULL),
(719,	709,	NULL),
(720,	710,	NULL),
(721,	711,	NULL),
(722,	712,	NULL),
(723,	713,	NULL),
(724,	714,	NULL),
(725,	715,	NULL),
(726,	716,	NULL),
(727,	717,	NULL),
(728,	718,	NULL),
(729,	719,	NULL),
(730,	720,	NULL),
(731,	721,	NULL),
(732,	722,	NULL),
(733,	723,	NULL),
(734,	724,	NULL),
(735,	725,	NULL),
(736,	726,	NULL),
(737,	727,	NULL),
(738,	728,	NULL),
(739,	729,	NULL),
(740,	730,	NULL),
(741,	731,	NULL),
(742,	732,	NULL),
(743,	733,	NULL),
(744,	734,	NULL),
(745,	735,	NULL),
(746,	736,	NULL),
(747,	737,	NULL),
(748,	738,	NULL),
(749,	739,	NULL),
(750,	740,	NULL),
(751,	741,	NULL),
(752,	742,	NULL),
(753,	743,	NULL),
(754,	744,	NULL),
(755,	745,	NULL),
(756,	746,	NULL),
(757,	747,	NULL),
(758,	748,	NULL),
(759,	749,	NULL),
(760,	750,	NULL),
(761,	751,	NULL),
(762,	752,	NULL),
(763,	753,	NULL),
(764,	754,	NULL),
(765,	755,	NULL),
(766,	756,	NULL),
(767,	757,	NULL),
(768,	758,	NULL),
(769,	759,	NULL),
(770,	760,	NULL),
(771,	761,	NULL),
(772,	762,	NULL),
(773,	763,	NULL),
(774,	764,	NULL),
(775,	765,	NULL);

DROP TABLE IF EXISTS `personage`;
CREATE TABLE `personage` (
  `id` int(11) NOT NULL AUTO_INCREMENT,
  `name` varchar(64) NOT NULL,
  `picture` varchar(128) DEFAULT NULL,
  `descriptionPicture` varchar(255) DEFAULT NULL,
  `description` longtext DEFAULT NULL,
  `actor_id` int(11) NOT NULL,
  PRIMARY KEY (`id`),
  KEY `actor_id` (`actor_id`),
  CONSTRAINT `personage_ibfk_1` FOREIGN KEY (`actor_id`) REFERENCES `actor` (`id`)
) ENGINE=InnoDB DEFAULT CHARSET=utf8mb4;

INSERT INTO `personage` (`id`, `name`, `picture`, `descriptionPicture`, `description`, `actor_id`) VALUES
(1,	'Angharad',	NULL,	NULL,	NULL,	1),
(2,	'Anna',	NULL,	NULL,	NULL,	2),
(3,	'Appius Manilius',	NULL,	NULL,	NULL,	3),
(4,	'Attila',	NULL,	NULL,	NULL,	4),
(5,	'Belt',	NULL,	NULL,	NULL,	5),
(6,	'Breccan',	NULL,	NULL,	NULL,	6),
(7,	'Calogrenant',	NULL,	NULL,	NULL,	7),
(8,	'Capito',	NULL,	NULL,	NULL,	8),
(9,	'César',	NULL,	NULL,	NULL,	9),
(10,	'Cryda de Tintagel',	NULL,	NULL,	NULL,	10),
(11,	'Dagonet',	'Dagonet.jpg',	'Publié sur Facebook compte officiel de Kaamelott — https://www.facebook.com/KaamelottOff/photos/4138220832906373',	NULL,	11),
(12,	'La Dame du Lac',	NULL,	NULL,	NULL,	12),
(13,	'Drusilla',	NULL,	NULL,	NULL,	13),
(14,	'Le Duc d\'Aquitaine',	'DucDAquitaine.jpg',	'Publié sur Facebook compte officiel de Kaamelott — https://www.facebook.com/KaamelottOff/photos/4138220852906371',	NULL,	14),
(15,	'Edern',	NULL,	NULL,	NULL,	15),
(16,	'Galessin',	NULL,	NULL,	NULL,	16),
(17,	'Goustan',	NULL,	NULL,	NULL,	17),
(18,	'Grüdü',	NULL,	NULL,	NULL,	18),
(19,	'Hervé de Rinel',	NULL,	NULL,	NULL,	19),
(20,	'L\'interprète burgonde',	NULL,	NULL,	NULL,	20),
(21,	'Aziliz (Les Jumelles du pêcheur)',	NULL,	NULL,	NULL,	56),
(22,	'Le Jurisconsulte',	'Juriconsulte.jpg',	'Publié sur Facebook compte officiel de Kaamelott — https://www.facebook.com/KaamelottOff/photos/4138221152906341',	NULL,	22),
(23,	'Manius Macrinus Firmus',	NULL,	NULL,	NULL,	23),
(24,	'Mevanwi',	'Mevanwi.jpg',	'Publié sur Facebook compte officiel de Kaamelott — https://www.facebook.com/KaamelottOff/photos/4138221436239646',	NULL,	24),
(25,	'Lucius Sillius Sallustius',	NULL,	NULL,	NULL,	25),
(26,	'Séfriane d\'Aquitaine',	NULL,	NULL,	NULL,	26),
(27,	'Spurius Cordius Frontinius',	NULL,	NULL,	NULL,	27),
(28,	'Vérinus',	NULL,	NULL,	NULL,	28),
(29,	'Ygerne',	NULL,	NULL,	NULL,	29),
(30,	'Arthur',	'Arthur.jpg',	'Publié sur Facebook compte officiel de Kaamelott — https://www.facebook.com/KaamelottOff/photos/4138220599573063',	NULL,	30),
(31,	'Père Blaise',	NULL,	NULL,	NULL,	31),
(32,	'Bohort',	'Bohort.jpg',	'Publié sur Facebook compte officiel de Kaamelott — https://www.facebook.com/KaamelottOff/photos/4138220816239708',	NULL,	32),
(33,	'Le Roi Burgonde',	'RoiBurgonde.jpg',	'Publié sur Facebook compte officiel de Kaamelott — https://www.facebook.com/KaamelottOff/photos/4138221589572964',	NULL,	33),
(34,	'Caius Camillus',	NULL,	NULL,	NULL,	34),
(35,	'Demetra',	NULL,	NULL,	NULL,	35),
(36,	'Elias de Kelliwic\'h',	NULL,	NULL,	NULL,	36),
(37,	'Gauvain',	NULL,	NULL,	NULL,	37),
(38,	'Guenièvre',	'Guenievre.jpg',	'Publié sur Facebook compte officiel de Kaamelott — https://www.facebook.com/KaamelottOff/photos/4138221032906353',	NULL,	38),
(39,	'Guethenoc',	NULL,	NULL,	NULL,	39),
(40,	'Le Seigneur Jacca',	NULL,	NULL,	NULL,	40),
(41,	'Kadoc',	NULL,	NULL,	NULL,	41),
(42,	'Karadoc',	'Karadoc.jpg',	'Publié sur Facebook compte officiel de Kaamelott — https://www.facebook.com/KaamelottOff/photos/4138221182906338',	NULL,	42),
(43,	'Lancelot',	'Lancelot.jpg',	'Publié sur Facebook compte officiel de Kaamelott — https://www.facebook.com/KaamelottOff/photos/4138220602906396',	NULL,	43),
(44,	'Léodagan',	'Leodagan.jpg',	'Publié sur Facebook compte officiel de Kaamelott — https://www.facebook.com/KaamelottOff/photos/4138221279572995',	NULL,	44),
(45,	'Loth',	'Loth.jpg',	'Publié sur Facebook compte officiel de Kaamelott — https://www.facebook.com/KaamelottOff/photos/4138221292906327',	NULL,	45),
(46,	'Le Maître d\'Armes',	NULL,	NULL,	NULL,	46),
(47,	'Méléagant',	NULL,	NULL,	NULL,	47),
(48,	'Merlin',	'Merlin.jpg',	'Publié sur Facebook compte officiel de Kaamelott — https://www.facebook.com/KaamelottOff/photos/4138221349572988',	NULL,	48),
(49,	'Perceval',	'Perceval.jpg',	'Publié sur Facebook compte officiel de Kaamelott — https://www.facebook.com/KaamelottOff/photos/4138221442906312',	NULL,	49),
(50,	'Roparzh',	NULL,	NULL,	NULL,	50),
(51,	'Séli',	'Selie.jpg',	'Publié sur Facebook compte officiel de Kaamelott — https://www.facebook.com/KaamelottOff/photos/4138221632906293',	NULL,	51),
(52,	'Le Tavernier',	NULL,	NULL,	NULL,	52),
(53,	'Urgan',	NULL,	NULL,	NULL,	53),
(54,	'Venec',	NULL,	NULL,	NULL,	54),
(55,	'Yvain',	NULL,	NULL,	NULL,	55),
(56,	'Tumet (Les Jumelles du pêcheur)',	NULL,	NULL,	NULL,	21);

DROP TABLE IF EXISTS `play_quizz`;
CREATE TABLE `play_quizz` (
  `id` int(11) NOT NULL AUTO_INCREMENT,
  `quizz_id` int(11) DEFAULT NULL,
  `user_id` int(11) DEFAULT NULL,
  `score` tinyint(4) DEFAULT NULL,
  PRIMARY KEY (`id`),
  KEY `quizz_id` (`quizz_id`),
  KEY `user_id` (`user_id`),
  CONSTRAINT `play_quizz_ibfk_1` FOREIGN KEY (`quizz_id`) REFERENCES `quizz` (`id`) ON DELETE SET NULL,
  CONSTRAINT `play_quizz_ibfk_2` FOREIGN KEY (`user_id`) REFERENCES `user` (`id`) ON DELETE SET NULL
) ENGINE=InnoDB DEFAULT CHARSET=utf8mb4;

INSERT INTO `play_quizz` (`id`, `quizz_id`, `user_id`, `score`) VALUES
(1,	1,	NULL,	NULL),
(2,	2,	NULL,	NULL),
(3,	3,	NULL,	NULL);

DROP TABLE IF EXISTS `question`;
CREATE TABLE `question` (
  `id` int(11) NOT NULL AUTO_INCREMENT,
  `title` longtext NOT NULL,
  `answer1` longtext NOT NULL,
  `answer2` longtext NOT NULL,
  `answer3` longtext NOT NULL,
  `answer4` longtext NOT NULL,
  `goodAnswer` longtext NOT NULL,
  `quizz_id` int(11) DEFAULT NULL,
  PRIMARY KEY (`id`),
  KEY `quizz_id` (`quizz_id`),
  CONSTRAINT `question_ibfk_1` FOREIGN KEY (`quizz_id`) REFERENCES `quizz` (`id`) ON DELETE SET NULL
) ENGINE=InnoDB DEFAULT CHARSET=utf8mb4;

INSERT INTO `question` (`id`, `title`, `answer1`, `answer2`, `answer3`, `answer4`, `goodAnswer`, `quizz_id`) VALUES
(1,	'A quel siècle se déroule l\'histoire ?',	'Au V ème',	'Au VI ème',	'Au XV ème',	' Au IV ème',	'Au V ème',	1),
(2,	'Est-ce qu\'on peut s\'en servir pour donner de l\'élan à un pigeon ? Qui a osé dire ça à propos d\'une catapulte ?',	'Perceval',	' Kadoc',	'Yvain',	'Karadoc\r\n',	'Yvain',	1),
(3,	'Le Sloubi ça peut se jouer avec des dés MAIS normalement ça se joue avec quoi ?',	'Du suc\'',	'Des haricots',	' Des bouts de fromage',	'Des bouts de bois',	'Des bouts de bois',	1),
(4,	'Quelle chanson entête le roi Arthur pendant tout un épisode ?',	'Une souris verte',	'A la volette',	'Pomme d’api',	'Le roi Dagobert',	'A la volette',	1),
(5,	'Qui n’est pas la maîtresse du roi ?',	'Demetra',	'Aelis',	'Guenièvre',	'Azenor',	'Guenièvre',	1),
(6,	'Qu’est-ce qui est petit et marron?',	'Un Marron',	'Une Châtaigne',	'Un Gland',	'Je ne mange pas de graines!',	'Un Marron',	1),
(7,	'Elle est où la poulette?',	'Ça suffit ! Elle est où la poulette ? Elle est bien cachée ?',	'Vous rendez la poulette sinon c\'est plus vous qui donnez à manger aux lapins !',	'Vous rendez la poulette ou c\'est tout nus dans les orties !',	'Ça suffit, vous rendez la poulette, sinon papi va se mettre en colère.',	'toutes les réponses sont bonnes',	1),
(8,	'Qui descend plus “de la pucelle que du démon” ?',	'Arthur',	'Merlin',	'Guenièvre',	'La dame du lac',	'Merlin',	1),
(9,	'Qui dit \'Oh bah ça va je picole pas souvent !\' ?',	'Léodagan',	'Karadoc',	'Perceval',	'Lancelot',	'Lancelot',	1),
(10,	'Qui dit : \'Eh bien puisque c\'est ça, allez-y : détruisez tout ! Entretuez-vous ! Mettez la Bretagne à feu et à sang ! Et ne comptez plus sur moi pour vous amener mes gâteaux à la purée de pomme dont vous êtes si friand ! Dorénavant, vous devrez vous les cuisiner vous-même ! ENTRE DEUX MISES À SAC !\'',	'Bohort',	'Yvain',	'Le duc D’Aquitaine',	'Gauvain',	'Bohort',	1),
(11,	'Elias de Kelliwic’h dit ',	'le Perfide',	'le Fourbe',	'le Sournois',	'le Rusé',	'le Fourbe',	2),
(12,	' Qui dit : \'- Voilà ! C’est tout ce qu’y a ! Unisson, quarte, quinte et c’est marre ! Tous les autres intervalles, c’est de la merde ! Le prochain que je chope en train de siffler un intervalle païen, je fais un rapport au pape !\'',	'Arthur',	'Le Répurgateur',	'Boniface évêque de Germanie',	'Le Père Blaise',	'Le Père Blaise',	2),
(13,	'Qui dit : \'Invoquer une meute de loups ? Moi je veux bien, mais je vous préviens : s’ils se retournent contre nous pour nous bouffer les miches, vous viendrez pas pleurer !\'',	'Merlin',	'Elias de Kelliwic’h',	'Méléagan',	'La Dame du Lac',	'Merlin',	2),
(14,	'Qui dit : \'Attention, attention… il va y arriver un moment où il y a des granges qui vont se mettre à flamber, faudra pas demander d’où ça vient !\'',	'Roparzh',	'Le tavernier',	'Kadoc',	'Guethenoc',	'Guethenoc',	2),
(15,	'Qui dit: \'Faut arrêter ces conneries de nord et de sud ! Une fois pour toutes, le nord, suivant comment on est tourné, ça change tout !\'',	'Gauvain\r\n',	'Perceval',	'Yvain',	'Karadoc',	'Perceval',	2),
(16,	'Qui dit: \'- Les chicots c\'est sacré ! Parce que si on en prend pas soin, dans dix ans, c\'est tout à la soupe. Et celui qui me fera bouffer de la soupe, il est pas né !\'',	'Karadoc',	'Perceval',	'Le tavernier',	'Le maître d’armes',	'Karadoc',	2),
(17,	'Qui dit : \'J’y connais rien, mais à votre avis, le fait que vous me touchiez pratiquement jamais, ça a une influence sur la fécondité ?\'',	'Demetra',	'Guenièvre',	'Azenor',	'Aelis',	'Guenièvre',	2),
(18,	'Qui dit: \'- Un village assailli de brigands, une femme qui se fait tabasser, une poule qui boîte, c\'est pas les opprimés qui manquent ! Et là au moins, j\'aurais l\'impression de servir à quelque chose.\'',	'Léodagan',	'Calogrenant',	'Lancelot',	'Caius',	'Lancelot',	2),
(19,	'Qui dit : \'Donc là, pour le voyageur isolé y\'a deux solutions : soit il dépose ses armes, ses objets, sa bouffe et ses fringues par terre, et il s\'en va d\'où il est venu à poil dans la neige, soit il décide de se battre... À un contre dix.\'',	'Le maître d’armes',	'Venec',	'Léodagan',	'Arthur',	'Venec',	2),
(20,	'Qui dit : \'Si j’échoue, je garde la butte aux Cerfs et je fais tomber une pluie de calamités sur le royaume par vengeance ! C’est pas pour rien qu’on m’appelle « le Fourbe ». Si je réussis, je garde la butte aux Cerfs, plus… Le tertre des  mes…\'',	'Elias de Kelliwitc’h',	'Merlin',	'Meleagan',	'Le roi Loth',	'Elias de Kelliwitc’h',	2),
(21,	'Qui dit : \'Tempora mori, tempora mundis recorda. Voilà. Et bien ça, par exemple, ça veut absolument rien dire, mais l’effet reste le même, et pourtant j’ai jamais foutu les pieds dans une salle de classe attention !\'',	'Ketchatar roi d’Irlande',	'Hoël roi d’Armorique',	'Loth roi d’Orcanie',	'Léodagan roi de Carmélide',	'Loth roi d’Orcanie',	3),
(22,	' Qui dit : \'Ah, le printemps ! La nature se réveille, les oiseaux reviennent, on crame des mecs\'',	'Le roi Loth',	'Arthur',	'Lancelot',	'Léodagan',	'Arthur',	3),
(23,	'Selon Perceval, les vieux c’est classe car:',	'On les respecte en tant que tel.',	'La patience est un plat qui se prépare à l\'avance. ',	'Il dit rien, on ne sait pas ce qu’il pense, c’est mystérieux.',	'La patience est un plat qui se mange sans sauce.',	'Il dit rien, on ne sait pas ce qu’il pense, c’est mystérieux.',	3);

DROP TABLE IF EXISTS `quizz`;
CREATE TABLE `quizz` (
  `id` int(11) NOT NULL AUTO_INCREMENT,
  `title` varchar(255) NOT NULL,
  PRIMARY KEY (`id`)
) ENGINE=InnoDB DEFAULT CHARSET=utf8mb4;

INSERT INTO `quizz` (`id`, `title`) VALUES
(1,	'Quizz 1'),
(2,	'Quizz 2'),
(3,	'Quizz 3');

DROP TABLE IF EXISTS `quote`;
CREATE TABLE `quote` (
  `id` int(11) NOT NULL AUTO_INCREMENT,
  `text` longtext NOT NULL,
  `rating` tinyint(4) DEFAULT NULL,
  `validated` tinyint(4) NOT NULL,
  `episode_id` int(11) NOT NULL,
  `personage_id` int(11) NOT NULL,
  `user_id` int(11) DEFAULT NULL,
  PRIMARY KEY (`id`),
  KEY `episode_id` (`episode_id`),
  KEY `personage_id` (`personage_id`),
  KEY `user_id` (`user_id`),
  CONSTRAINT `quote_ibfk_1` FOREIGN KEY (`episode_id`) REFERENCES `episode` (`id`),
  CONSTRAINT `quote_ibfk_2` FOREIGN KEY (`personage_id`) REFERENCES `personage` (`id`),
  CONSTRAINT `quote_ibfk_3` FOREIGN KEY (`user_id`) REFERENCES `user` (`id`) ON DELETE SET NULL
) ENGINE=InnoDB DEFAULT CHARSET=utf8mb4;

INSERT INTO `quote` (`id`, `text`, `rating`, `validated`, `episode_id`, `personage_id`, `user_id`) VALUES
(1,	'Hé ben, si un jour j\'oublie que je suis boniche, vous serez gentil de me le rappeler !',	0,	0,	1,	1,	NULL),
(2,	'Si Monsieur et Madame préfèrent s\'envoyer des fions dans l\'intimité, je peux aussi me retirer.',	0,	0,	2,	1,	NULL),
(3,	'(À Arthur et à Mevanwi ensemble dans leur lit) Entre le calme plat du temps de Madame et la guérilla de cette nuit, je me permets de dire à Monsieur que Monsieur n\'a pas bien le sens de la mesure. Monsieur est en dents de scie...',	0,	0,	3,	1,	NULL),
(4,	'(À Arthur au sujet de Mevanwi) Je dois avouer que la chose a du bon, si c\'est pour m\'éviter la vue de la grande décarade, le défilé des nouvelles têtes, la parade des amoureuses à calcul, les poids lourds de la jambe légère, le festival de la morue, en somme...',	0,	0,	4,	1,	NULL),
(5,	'Quand on veut être sûr de son coup, mon petit bonhomme, on plante des carottes, on ne joue pas les chefs d\'État !',	0,	0,	5,	2,	NULL),
(6,	'(S\'adressant au roi Loth) Excusez-moi, est-ce qu\'à un seul moment, j\'aurais par mégarde donné le moindre signe de vouloir discuter avec vous?',	0,	0,	5,	2,	NULL),
(7,	'Vous êtes une gigantesque tarlouze.',	0,	0,	5,	2,	NULL),
(8,	'Jusqu\'à présent, vous cumuliez trois statuts : bâtard, fils d\'assassin et usurpateur. Bâtard, vous le serez toujours, de même que vous serez toujours le fils de votre sale ordure de père. Mais aujourd\'hui, vous n\'êtes plus roi, vous n\'usurpez plus votre titre, c\'est déjà ça.',	0,	0,	5,	2,	NULL),
(9,	'(au Maître d\'Armes) J\'pensais à une chose, en toute amitié, un gros pain dans votre tête, ça serait de nature à vous convenir ?',	0,	0,	6,	3,	NULL),
(10,	'En fait, je m\'en suis pris deux, mais j\'ai cherché la merde.',	0,	0,	6,	3,	NULL),
(11,	'Ouais c\'est bien qu\'on reste un peu dehors, comme ça j\'pourrais vous mettre une grosse tarte en plein air.',	0,	0,	7,	3,	NULL),
(12,	'Désolé mais vous l\'avez chié votre mariage. Ce s\'rait rien si c\'était pas juste la deuxième fois.',	0,	0,	8,	3,	NULL),
(13,	'Je vais tout casser, ici, MOI! Kaamelott Kaamelott : y va rester un tas de caaaailloux, comme ça! Je veux l\'or, tout l\'or sinon c\'est la guerre !',	0,	0,	9,	4,	NULL),
(14,	'Je te mettrai à genoux, Arthur de Bretagne !',	0,	0,	9,	4,	NULL),
(15,	'Pourquoi pas ?',	0,	0,	9,	4,	NULL),
(16,	'Alors les femmes. [...] Donnez nous les femmes ! [...] Tous les femmes !!! [...] AAAAAAHH !!!',	0,	0,	9,	4,	NULL),
(17,	'Arthur ! Kaamelott, c\'est zéro ! Des cailloux, des cailloux, des cailloux, ça m\'énerve ! !',	0,	0,	10,	4,	NULL),
(18,	'Cette fois-ci, on part avec les femmes ! HAHAAAHA !!!!',	0,	0,	10,	4,	NULL),
(19,	'(Beurré) Sire, vous êtes quand même un sacré souverain. Accueillir des péquenots qui sentent la bouse, comme ça, dans votre chapeau, ben je dis château ! ',	0,	0,	11,	5,	NULL),
(20,	'Sire, on en a déjà parlé de la pierre ! Je peux pas monter une pierre d\'une toise et demi dans un escalier à colimaçon !',	0,	0,	12,	6,	NULL),
(21,	'Le cuir, ça restera toujours le cuir. Le cuir, ça traverse les âges, les frontières, les modes. D\'autant qu\'là j\'vous ai pas mis d\'la vache moisie. Attention ! C\'est d\'la tannerie d\'luxe ! Assemblée au crochet de six ! Y\'a des heures de main d\'œuvre derrière ! ',	0,	0,	12,	6,	NULL),
(22,	'Ça vous dérange si… si j\'mets ma p\'tite griffe là ? Si y a un chef de clan qui vient poser ses miches par là devant et il trouve ça cossu. Ben le jour où il voudra faire un buffet ou un plumard sur mesure... il saura où m\'trouver, quoi.',	0,	0,	12,	6,	NULL),
(23,	'Ben, d\'la réclame beau Dieu ! ',	0,	0,	12,	6,	NULL),
(24,	'C\'est carré-carré chez vous, hein ?',	0,	0,	12,	6,	NULL),
(25,	'Après, moi, pour le détail, je sais pas',	0,	0,	12,	6,	NULL),
(26,	'Vous n\'avez qu\'à considérer que je suis officiellement cul nu.',	0,	0,	13,	7,	NULL),
(27,	'Quoi ? Vous voulez que j\'humilie ma terre natale pour une connerie d\'armure rouillée ?',	0,	0,	13,	7,	NULL),
(28,	'(En parlant à Arthur d\'un cadeau offert par un clan saxon) Mais c\'est un petit mâle, il s\'appelle ... \'Ferme ta gueule\', c\'est que quand il est né il arrêtait pas de couiner...',	0,	0,	14,	7,	NULL),
(29,	'Attendez, on dit chef de clan parce qu\'il faut dire quelque chose, hein !\r\nMais Conran, il doit y avoir trois cahutes sur la plage, ils sont une dizaine à tout casser, et c\'est tous des clodos, alors...',	0,	0,	15,	7,	NULL),
(30,	'(En Parlant d\'Hervé de Rinel) Ah mais c\'est ça qui pue!',	0,	0,	15,	7,	NULL),
(31,	'(Un sénateur : - J\'vais vous dire : le jour où j\'ai accepté d\'être sénateur, j\'aurais mieux fait de m\'péter une jambe.) Ça peut encore s\'arranger.',	0,	0,	16,	8,	NULL),
(32,	'Ça s\'enferme les registres ! (Glaucia : Ah bon ?) Ouais ! Et les trous du cul qui font pas leur boulot, ça s\'enferme aussi !',	0,	0,	16,	8,	NULL),
(33,	'(Glaucia : - Ave Publius Servius Capito, t\'avais demandé un rendez-vous ?) Non. J\'ai pas envoyé de fleurs non plus.',	0,	0,	16,	8,	NULL),
(34,	'(S\'adressant à Merlin) Vous préférez monter dans la barque, maintenant, de plein gré, ou dans vingt secondes avec un coup de pompe dans l\'oignon ?',	0,	0,	17,	8,	NULL),
(35,	'Tu salues plus les généraux ? C\'est pourtant largement au-dessus de ton grade merdique.',	0,	0,	18,	8,	NULL),
(36,	'Alors, sans vouloir te commander, aurais-tu l\'obligeance de bien vouloir te magner le cul.',	0,	0,	18,	8,	NULL),
(37,	'Sans rire, vous foutez quoi là-dedans là ? Pourtant, vous croulez pas sous les visites diplomatiques, il me semble ? Une fois tous les dix ans, vous pouvez donner un coup de balai, non ?',	0,	0,	8,	8,	NULL),
(38,	'J\'ai à peu près compris le principe du double jeu, mais je ne saurais dire pourquoi, j\'ai l\'impression que tu nous l\'as mis dans l\'os ? Et je pense que si tu refous les pieds à Rome, ne le prends pas mal hein... je te ferai éliminer. ',	0,	0,	8,	8,	NULL),
(39,	'A l\'époque, quand je levais le doigt, y avait 15 000 soldats qui gueulaient Imperator ! Maintenant, quand je lève le doigt, c\'est pour aller pisser... ',	0,	0,	19,	9,	NULL),
(40,	'Imperator ! Aaaaah ! Imperator ! Ah ça fait du bien crénom ! Ca me change de tous ces glands là... Votre tranquillité par-ci, votre tranquillité par-là... Ça, dis donc... Pour être tranquille, 24h sur 24 au plumard... À pioncer, à bouffer de la compote... Ça, c\'est sûr que j\'enchaîne pas les crises de nerf... Mais assieds-toi là ! On dirait que tu vas chanter une chanson ! Allez ! ',	0,	0,	19,	9,	NULL),
(41,	'On devient pas chef parce qu\'on le mérite andouille ! On devient chef par un concours de circonstances, on le mérite après ! Moi, il m\'a p\'têt fallu dix ans pour mériter mon grade, si pas vingt. Tous les jours, j\'ai travaillé pour pas nager dans mon uniforme. Y a pas trente-six solutions. Arturus ? Hein ? Fais semblant ! Fais semblant d\'être Dux. Fais semblant de mériter ton grade. Fais semblant d\'être un grand chef de guerre. Si tu fais bien semblant, un jour tu verras, t\'auras plus besoin !',	0,	0,	18,	9,	NULL),
(42,	'Mais moi non plus, je suis pas le chef suprême de la première puissance mondiale ! Le chef suprême de la première puissance mondiale, c\'est celui qui tire les ficelles dans l\'arrière-boutique, moi je suis juste un spectacle de marionnettes. Voilà. La petite journée désarticulée de César le pantin. Et ça se passe dans le ghetto !',	0,	0,	20,	9,	NULL),
(43,	'[S\'adressant à Arthur.] Des chefs de guerre, il y en a de toutes sortes. Des bons, des mauvais, des pleines cagettes, il y en a. Mais une fois de temps en temps, il en sort un. Exceptionnel. Un héros. Une légende. Des chefs comme ça, il y en a presque jamais. Mais tu sais ce qu\'ils ont tous en commun ? Tu sais ce que c\'est, leur pouvoir secret ? Ils ne se battent que pour la dignité des faibles.',	0,	0,	20,	9,	NULL),
(44,	'[César offre à Arthur la bague de contrôle des lames] C\'est pour t\'apprendre à faire confiance à la magie, parce qu\'il n\'y a que ça qui marche sur Terre, Arturus, la magie. Le reste, ça ne vaut pas un rond.',	0,	0,	20,	9,	NULL),
(45,	'Allez, vous devriez mettre les bouts, les demi-sels ! C\'est gentil d\'être passés ! On va vous faire un p\'tit sac avec des restes pour manger chez vous.',	0,	0,	8,	10,	NULL),
(46,	'Le premier truc qui frappe, c\'est la langue. Vous savez ce que c\'est, on arrive sur place, boum… En fait, c\'est quand on commence à entendre les gens parler que là… là, on se dit : je suis pas chez moi.',	0,	0,	21,	11,	NULL),
(47,	'[Le vieux] a essayé de me vendre un genre de turban, comme ils se mettent sur la tête, là-bas. J\'ai d\'abord commencé par l\'envoyer chier, puis je me suis dit que ça ferait sûrement plaisir au seigneur Karadoc.',	0,	0,	22,	11,	NULL),
(48,	'Heureusement qu\'on n\'a aucune dignité… Sinon on serait bien dans la merde.',	0,	0,	23,	11,	NULL),
(49,	'Eh... Il a pas inventé le plat de la main morte, celui-là.',	0,	0,	24,	11,	NULL),
(50,	'J\'ai dit \'elle aussi\' ? […] Oh, ça m\'étonne, ça... Vous êtes sûr que j\'ai pas dit \'elle est sympa\' ?',	0,	0,	25,	12,	NULL),
(51,	'Vous n\'avez aucun courage. Aucune dignité. Votre manque de foi est en train de tout détruire.',	0,	0,	26,	12,	NULL),
(52,	'(Terrorisée) Ils m\'ont ba... Ils m\'ont ba... (Arthur essaie divers mots) ILS M\'ONT BANNIE!',	0,	0,	27,	12,	NULL),
(53,	'Au départ, je devais vous guider vers la lumière, vers le Graal. Mais vous, vous préférez n\'en faire qu\'à votre tête : Lancelot s\'en va ? Pas grave, qu\'il s\'en aille ! Guenièvre part avec lui ? Eh ben qu\'elle se tire, ça fera de l\'air ! Il faut jamais convoiter la femme d\'un autre chevalier ? Ben eh, je m\'en fous, moi. Je la convoite quand même ! Résultat : Bannie ! Ah vous pouvez être fier de vous ! (elle pleure)',	0,	0,	27,	12,	NULL),
(54,	'Je sais ni boire, ni manger, ni m\'habiller, ni me laver, ni rien ! Vous sentez que je vais être un fardeau pour vous, ou pas ?',	0,	0,	27,	12,	NULL),
(55,	'Gardez votre épée et servez-vous-en pour trouver le Graal ! [Arthur replante Excalibur]',	0,	0,	28,	12,	NULL),
(56,	'Hé ! Hééé ! J\'suis pas une spécialiste, mais, à mon avis, là, vous allez mourir, hein !',	0,	0,	29,	12,	NULL),
(57,	'Mille excuses... Normalement, je devrais pas dire ça à un prêtre chrétien, mais, comme vous m\'avez tout l\'air d\'être un gros baltringue euh, je me permets ?\r\n(Père Blaise : Mmmh ?...) Vous avez oublié les alliances.',	0,	0,	20,	13,	NULL),
(58,	'Je préviens monsieur et madame que s\'ils ont dans l\'idée de remplacer leur hypothétique progéniture par des groupes d\'amis dans le style de celui-ci, en ce qui me concerne, y a d\'la démission dans l\'air.',	0,	0,	20,	13,	NULL),
(59,	'(Présentant sa nouvelle femme à Seli, Arthur et Leodagan)\r\nAh mais non... Mais vous vous êtes encore sur l\'ancienne ! […]\r\nTout à fait, excusez-moi, j\'ai pas percuté. Non non, l\'autre elle est morte. Heu... Les articulations soutenaient plus son poids. Donc elle a commencé par se remplir d\'eau par les coudes et après c\'est passé aux chevilles, c\'est remonté aux genoux et un matin, elle avait tellement gonflé que j\'ai appelé la garde.\r\nAlors heu... Ils sont venus, ils lui ont mis un coup de lance et puis elle a essayé de se... de se faufiler comme ça, pour se cacher sous le buffet.\r\nPis elle passait pas parce que bon ben... Elle avait plus conscience de sa masse donc elle est restée là, comme ça, pis... Bah six heures après, elle était crevée.\r\nDonc, la Duchesse d\'Aquitaine !',	0,	0,	30,	14,	NULL),
(60,	'(Récitant d\'un ton peu convaincant) «Si c\'est ma tête qui vous revient pas, vous pouvez toujours aller roupiller dans le couloir. […] Et à partir de maintenant, si j\'entends un mot plus haut que l\'autre je vous… renvoie dans votre bled d\'at… natal à coups de pied dans… dans le fion. Comme ça vous pourrez aller ratisser la bouse et torcher le cul des poules, ça vous fera prendre l\'air.»',	0,	0,	31,	14,	NULL),
(61,	'Non, mais on peut adapter. […] On peut dire, euh… <small>bon, je dis :</small> […] «Avec votre dégaine… euh… […] Avec votre dégaine de crevette, faites gaffe à pas vous faire bouffer par un mérou.»',	0,	0,	32,	14,	NULL),
(62,	'Mais c\'est pas juste, ça ! J\'ai jamais porté de rose, hein. J\'aime pas les fleurs, je me lave pas et je pisse dans mon armure, comme vous !',	0,	0,	33,	15,	NULL),
(63,	'Quoi, c\'est parce que je préfère les hommes c\'est ça ? À ce compte-là, faut virer Bohort aussi...',	0,	0,	33,	15,	NULL),
(64,	'Tapette, mais c\'est qui qui se trimballe en robe à travers tout le pays? […] Moi j\'te parle p\'tite fofolle!!',	0,	0,	33,	15,	NULL),
(65,	'Dehors le cureton! Dehors le cureton!',	0,	0,	33,	15,	NULL),
(66,	'Ouais ! Qu\'il y vienne patauger dans la merde !',	0,	0,	34,	16,	NULL),
(67,	'Nous on est Celtes ! Et on est fiers de l\'être !',	0,	0,	34,	16,	NULL),
(68,	'(Au Père Blaise)\r\nIl nous parle bien de travers, le cureton, aujourd\'hui !',	0,	0,	35,	16,	NULL),
(69,	'Moi, à une époque, je voulais faire vœu de pauvreté (...) Mais avec le pognon que j\'rentrais, j\'arrivais pas à concilier les deux.',	0,	0,	36,	16,	NULL),
(70,	'(A Lancelot) Han le lèche-pompe! On vous dérange Apollon? C\'est votre casque qui vous gêne ? ',	0,	0,	37,	16,	NULL),
(71,	'(A Dagonnet) Oui... Ben non !',	0,	0,	38,	16,	NULL),
(72,	'(A Lancelot) Et ben allez-y, recevez-le dans la merde. Y\'a pas un siège pour s\'asseoir, pas un truc à lui offrir à boire (...) C\'est le roi d\'Orcanie quand même. C\'est pas Jo le Clodo. ',	0,	0,	39,	16,	NULL),
(73,	'Vous me faites penser à ces types qui se servent jamais en premier pour faire poli, et quand c\'est à eux...ils prennent tout le fromage gratiné et les autres, ils sont obligés de manger le légume seul.',	0,	0,	40,	16,	NULL),
(74,	'(Aux rois assemblés) FUMIEEEERS !!!!',	0,	0,	7,	17,	NULL),
(75,	'(À Arthur au sujet de l\'héritier) Je comprends qu\'avec deux livres de viande sur l\'estomac, on ne soit pas très actif dans une chambre à coucher. Ça ronfle à faire craquer le joint des murs.',	0,	0,	41,	17,	NULL),
(76,	'C\'est justement parce que vous avez été cocollé par une lopette de jardinier que vous gouvernez comme une femme !',	0,	0,	42,	17,	NULL),
(77,	'Allons, je suis humilié. Moi qui croyais que le Romain respectait ses ennemis, et ben non ! En voilà encore une belle désillusion. S\'ils croient que c\'est avec une mentalité pareille qu\'ils vont fédérer le pays, on leur rend leur fric, on remonte sur les chevaux, et on leur met sur la gueule ! D\'un autre côté, restituer une pareille quantité de blé, ça frise le mauvais gout, je suis désolé, ça ne se fait pas ! Ne serait-ce par respect pour les plus nécessiteux. Bon allons, après, il y a le serment : si je garde le blé, j\'attaque pas ! Et ben voilà : je garde le blé, j\'attaque pas, un serment c\'est sacré. Oui mais ce qui m\'ennuie, c\'est que c\'est pile le jour que j\'avais choisi pour vous passer le pouvoir, c\'est quelque chose, les dates, hein ! Je garde le blé, j\'attaque pas, je suis sous serment. Mais vous, maintenant que vous êtes roi de Carmélide, si... s\'il vous prend le goût d\'aller leur dérouiller le cul, je ne vois vraiment pas comment je pourrais vous en empêcher !',	0,	0,	16,	17,	NULL),
(78,	'Alors c\'est ça, la stratégie moderne? Réunir cinq trous-de-balle en cercle et s\'balancer des fions?',	0,	0,	17,	17,	NULL),
(79,	'Alors écoutez-moi bien les sent-la-pisse, vous êtes probablement en train d\'insulter un roi désigné par les dieux, et s\'il y a une chose dont il ne faut pas se foutre, c\'est les dieux !',	0,	0,	7,	17,	NULL),
(80,	'( À Arthur et Guenièvre) Hé ! A l\'origine j\'étais sorti pour lâcher une caisse, mais quand on vous voit comme ça dans le clair de lune, on a pas envie de bousiller le tableau. J\'vais aller loufer à l\'intérieur pour emboucaner les autres fumiers. Profitez ! Le plus beau dans les histoires d\'amour, c\'est le début...',	0,	0,	43,	17,	NULL),
(81,	'Je vous ai passé le pouvoir, je vais pas vous le reprendre. Mais faites attention de pas devenir une tarlouse.',	0,	0,	8,	17,	NULL),
(82,	'Et ben vous inviterez vos copains à la maison, on vous organisera une petite après-midi à la plage et vous pourrez faire des pâtés !.',	0,	0,	17,	17,	NULL),
(83,	'Allez ! Et si on part assez tôt, on pourra peut-être s\'arrêter deux minutes si on tombe sur des champis !.',	0,	0,	17,	17,	NULL),
(84,	'J\'ai rêvé qu\'il y avait des scorpions qui voulaient me piquer. En plus, y en avait un il était mi-ours, mi-scorpion et re mi-ours derrière !',	0,	0,	44,	18,	NULL),
(85,	'Non, sans blague, Seigneur Bohort, avec tout le respect que je vous dois, la prochaine fois que je vous revois tourner autour de la chambre du roi, je vous déglingue la tête.',	0,	0,	45,	18,	NULL),
(86,	'Moi, un jour j\'ai rêvé qu\'y avait un type qui venait me voir. Il me dit : «Vous avez jamais connu vos parents ?» J\'lui réponds «non». Et là, il me dit : «Eh ben, vous inquiétez pas, ils sont fromagers.»',	0,	0,	46,	18,	NULL),
(87,	'Ben ils m\'ont dit d\'aller me faire mettre. Après, ils m\'ont jeté des gadins et une marmite avec un restant de soupe de poisson.',	0,	0,	15,	19,	NULL),
(88,	'J\'ai pénétré leur lieu d\'habitation de façon subrogative […] en tapinant.',	0,	0,	47,	19,	NULL),
(89,	'Ahhh, c\'est pour ça que vous avez changé de siège, c\'est parce que vous êtes pépé... Heu non, c\'est parce que vous êtes roi.',	0,	0,	48,	19,	NULL),
(90,	'Y\'a plusieurs personnes qui sont passées par votre siège là, et beeen, le tout premier, je crois qu\'il s\'appelait... Carbure, ça fait vachement longtemps qu\'on l\'a pas vu. Moi, je serais vous, je lancerais des recherches.',	0,	0,	49,	19,	NULL),
(91,	'L\'adjectif qui me correspond le mieux, c\'est : le plancton.',	0,	0,	7,	19,	NULL),
(92,	'Déjà, à la base, un Burgonde, c\'est con comme une meule, alors celui-là ! Ah, vous pouvez pas savoir c\'que c\'est que de tomber interprète avec un engin pareil ! (bruit de pet) Tiens, vous voyez ? Toute la journée, c\'est comme ça ! Il pue, il pète, il lâche des ruines ! Tiens, l\'autre jour à table... Il devient tout bleu. Il était en train de s\'étouffer avec un os de caille, cet abruti ! Il tousse, il crache, il re-tousse, et BINGO ! Il m\'dégueule dessus ! Vous l\'croyez, ça ?',	0,	0,	50,	20,	NULL),
(93,	'La culture burgonde ? Je savais même pas qu\'y en avait une… Non, moi je voulais faire grec moderne, mais y avait plus de place. Il restait que burgonde ou anglais. Aaaaanglais ! Mais c\'est encore moins répandu.',	0,	0,	51,	20,	NULL),
(94,	'Nous, si vous réfléchissez bien, on a quatre bras. Avec les vôtres, ça fait six ! Posez tout ça sur le trône, imaginez un peu les possibilités…',	0,	0,	52,	21,	NULL),
(95,	'Peau de vache.',	0,	0,	53,	22,	NULL),
(96,	'(Au Père Blaise)\r\nZ\'êtes un glandeur. Un gros... GLANDEUR !!!',	0,	0,	53,	22,	NULL),
(97,	'Ah non ! AH NON ! On ne se vautre pas dans la bouffe, c\'est INTOLÉRABLE !!! Vous allez arrrrrrêter !!!',	0,	0,	48,	22,	NULL),
(98,	'Ah mais vous êtes pas ma mère ! Si j\'ai envie de mettre des grosses morues dans mon plumard, JE FAIS CE QUE JE VEUX !!! Soyez gentille, lâchez-moi la chemise !',	0,	0,	54,	22,	NULL),
(99,	'BANDES DE TROUS DU CUL !!!',	0,	0,	54,	22,	NULL),
(100,	'Mais vous êtes une grosse morue!',	0,	0,	53,	22,	NULL),
(101,	'Une nuit, une nuit à attendre... Une longue nuit avant de savoir si le souverain ennemi acceptera un traité de paix, si fragile, si friable qu\'on aurait même de la peine à le prendre au sérieux. Des solutions précaires, du rafistolage, voilà tout ce que j\'ai su inventer. La Bretagne résistait quand je suis arrivé, elle résistera encore quand je partirai. Je ne saurais dire pourquoi, je conserve encore, rescapée de mon découragement, une curiosité : existe t-il quelqu\'un parmi nous déjà - ou encore à naitre - qui se destine à restaurer l\'ordre sur l\'île de Bretagne? Et s\'il existe, que peut-il bien posséder que je ne possède moi-même ? D\'où vient-il? Est-il romain? Quelle arme tient-il à sa ceinture ? Celui qui vaincra là où j\'ai échoué, je voudrais voir son visage une fois, car je lui conserve encore, rescapé de mon découragement, ma curiosité.',	0,	0,	16,	23,	NULL),
(102,	'C\'est tout ? Treize ans qu\'ils me laissent pourrir sur pied, dans ce pays de merde ! Treize ans ! Maintenant ils m\'envoient un message, il faut que je rentre chez moi !\r\n[...] Mais qu\'est ce qui leur fait croire que ça existe encore chez moi ?!! Est-ce qu\'un type qui a foutu le camp treize ans peut encore avoir un chez soi ? C\'est complètement absurde...',	0,	0,	20,	23,	NULL),
(103,	'Je voudrais, pour une fois dans ma vie, ne pas avoir l\'impression de dormir dans un chenil ! […] Karadoc, soit vous montez dans ce bain, soit vous me perdez.',	0,	0,	55,	24,	NULL),
(104,	'Selon Karadoc, un lit n\'est pas un lit s\'il n\'y a pas de quoi manger une semaine dedans sans en sortir.',	0,	0,	56,	24,	NULL),
(105,	'Une fois j\'ai dormi avec un porc pendant une semaine. [Arthur: Un porc entier?]\r\nUn porc vivant.',	0,	0,	56,	24,	NULL),
(106,	'Regarde, vois ! Cette glorieuse cité cosmopolite, regarde.  Carrefour des civilisations, hôtesse orgueilleuse de peuplades fascinées, regarde. On nous reproche assez qu\'il n\'existe plus de vrais Romains, hein ? Hein ? Allez trouve un Breton, trouve. ',	0,	0,	57,	25,	NULL),
(107,	'Ca y est ! C\'est leur dernière saison aux débiles. Tu peux préparer les outils, on passe directement de la discussion à la désintégration.',	0,	0,	58,	25,	NULL),
(108,	'(Capito : Les quatre en une seule fois, vous avez pas peur que ça soit un peu voyant non ?) Rien à foutre ! Tu peux même les crucifier sur une estrade au milieu du forum si ça te chante, c\'est moi qui paye l\'orchestre. ',	0,	0,	58,	25,	NULL),
(109,	'Je vais poser une question simple : et vous, vous le méritez ? Ah non mais attendez, est-ce que vous le méritez, est-ce que vous méritez votre place ?! Lurco ! Tu devais aller en Germanie... c\'est ta tante qui t\'a fait entrer au sénat ! Pisansius ! Pas une seule année dans la légion, pas une seule ! J\'m...e demande même parfois si t\'as déjà tenu une arme dans ta vie... Destisius ! C\'est ton père qui a donné la moitié de ses terres pour que quelqu\'un puisse prendre ta place en Afrique... C\'est vrai ou c\'est pas vrai ? Vous êtes tous des planqués, tous, tous, tous, tous , tous. [...] Vous allez me signer cette tablette, parce que le p\'tit mérite largement son grade autant que vous vous méritez votre place au Sénat... Largement.',	0,	0,	59,	25,	NULL),
(110,	'C\'est vrai que, dans votre position, il y a plus de chance de subir un siège plutôt que d\'en organiser un.',	0,	0,	60,	26,	NULL),
(111,	'Je suis assez grande pour voir que si vous achetez des troncs d\'arbres à ce prix-là, vous êtes en train de vous faire enfler !',	0,	0,	60,	26,	NULL),
(112,	'Vous croyez quoi ? Que ça s\'trouve dans l\'cul des poules, le fric ?',	0,	0,	60,	26,	NULL),
(113,	'Quand je vais raconter à mon oncle combien vous raquez pour vos béliers pourris, il va bien se marrer !',	0,	0,	60,	26,	NULL),
(114,	'Quoi ? Qu\'est-ce qu\'y a ? On cherche la marave ?',	0,	0,	60,	26,	NULL),
(115,	'Oh allez, mon pote ! Fais un effort ! Dans dix minutes, t\'es pendu et on n\'en parle plus. ',	0,	0,	59,	27,	NULL),
(116,	'D\'autant que les orchestres en Bretagne, franchement, autant se frotter les noyaux avec des orties!',	0,	0,	61,	27,	NULL),
(117,	'Oui ... et tu veux les jeter où, tes épluchures ? ... en Germanie ?\r\nBalance-moi tes saloperies, et radine sur le champs.\r\nPARCE-QUE QUAND je dis TOUT l\'MONDE ... ET BEN C\'EST TOUT L\'MONDE !\r\n...\r\nTu es gentil.',	0,	0,	61,	27,	NULL),
(118,	'Ah mais ouais... Ah mais bien sûr, les gars... évidemment... nan mais allez-y, c\'est mon truc les bateaux moi, je connais à mort... Allez-y hein... J\'balance un caillou dans la flotte, y\'en à trente qui r\'montent.',	0,	0,	16,	28,	NULL),
(119,	'Ah ouais non mais attends, c\'est du joli boulot là, les p\'tits sacripants... Oui, sacripants, oui. C\'est un terme un peu craignos. D\'ailleurs, ben voilà, même craignos, c\'est craignos. Mais c\'est parce que je suis choqué ! Qu\'est-ce que j\'entends ? Tu demandes en mariage une personne âgée ? Et la p\'tite Julia alors, dans tout ça ? Ah il faut que j\'m\'en occupe tout seul, c\'est ça ? Ah très bien... Merci les p\'tits fripons... Tiens, ça aussi, c\'est un peu craignos, tu vois ? Mais c\'est parce que là ouuuh ! Et bravo général, beau boulot ! Ah les pots cassés, c\'est Verinus qui répare les pots cassés tout simplement... Ok d\'accord, très bien...',	0,	0,	20,	28,	NULL),
(120,	'Y a un truc, quand même, qu\'il faut que vous compreniez bien les gars... Si vous voulez, moi, à la base... J\'suis une balance... C\'est le postulat de départ, on a devant soi, une balance. Donc une personne, si vous voulez, qu\'on n\'a pas besoin de cogner puisque elle vient elle-même délivrer l\'information, sans que vous ayez même à la demander. Parce que non, pourquoi j\'vous dis ça ? Puisque... on est quand même à une heure et demie de marrons dans la gueule là... Et si j\'vous dis que je ne sais rien, c\'est que je pense qu\'effectivement...\r\n(Procyon le frappe)\r\nPfff... je n\'sais rien...',	0,	0,	8,	28,	NULL),
(121,	'Ben dis donc, j\'sais pas c\'que c\'est, \'la pire\', mes p\'tits cousins, mais j\'peux vous garantir que, vu d\'ici, ça fout les boules, hein... Ouuuh... Non, parce que, quand il a dit euh... plusieurs options, j\'ai fait toute une série de p\'tits pets comme ça, pou, pou, pou...',	0,	0,	8,	28,	NULL),
(122,	'(À propos du chateau de Kaamelott) Vulgaire ? Oui... Mais pas seulement.',	0,	0,	62,	29,	NULL),
(123,	'[Arthur : Vous mangez à quelle heure, vous, à Tintagel?] A Tintagel, on mange quand on l\'a mérité, quand on sait qu\'on a accompli ses commandements avec humilité et qu\'on a glorifié sa famille [Arthur : Oui, non, nous, on mange quand on a faim.]',	0,	0,	62,	29,	NULL),
(124,	'(En parlant d\'Arthur et en le regardant d\'un air narquois) Au cas où il aurait une petite \'faim-faim\'!?',	0,	0,	62,	29,	NULL),
(125,	'(À Arthur) Dîtes tout de suite que vous avez honte de votre éducation.',	0,	0,	63,	29,	NULL),
(126,	'Mais je vous empêche pas de faire la guerre, mais vous la ferez guéri !',	0,	0,	64,	29,	NULL),
(127,	'Vous êtes des porcs !',	0,	0,	66,	29,	NULL),
(128,	'[Dame Séli : La pêche, les tartes, tout ça c\'est du patrimoine] (Arthur, montrant la tarte) C\'est du patrimoine ça ?',	0,	0,	67,	30,	NULL),
(129,	'Y a pas à dire, dès qu\'il y a du dessert, le repas est tout de suite plus chaleureux !',	0,	0,	67,	30,	NULL),
(130,	'Qu\'est ce qu\'ils foutent ces cons de Saxons ?',	0,	0,	68,	30,	NULL),
(131,	'Mon père, il n\'était pas ébouriffé, déjà, hein, il avait une coupe à la con mais c\'était plutôt aplati et puis il était pas vaporeux, voilà ! Allez, au lit !',	0,	0,	69,	30,	NULL),
(132,	'Mais Bohort, j\'vais vous faire mettre au cachot [...]. Non mais j\'vous écoute, j\'vous écoute seulement j\'vous préviens, j\'vous l\'dis, j\'vais vous faire descendre en cabane avec un pichet de flotte et un bout de pain sec. J\'suis désolé, j\'suis démuni, j\'vois pas d\'autre solution. Et puis j\'pense que ça vous donnera un peu l\'occasion de... de réfléchir un peu à tout ça à tête reposée, de prendre un peu d\'recul sur les choses parce que Bohort, on n\'réveille pas son roi en pleine nuit pour des conneries, encore moins deux fois d\'suite...',	0,	0,	69,	30,	NULL),
(133,	'(À Merlin) C\'est vrai ce qu\'on dit, vous êtes le fils d\'un démon et d\'une pucelle ? […] Vous avez plus pris de la pucelle.',	0,	0,	70,	30,	NULL),
(134,	'Nouvelle technique : on passe pour des cons, les autres se marrent, et on frappe. C\'est nouveau. […] Ah non, ça c\'est que nous. Parce qu\'il faut être capable de passer pour des cons en un temps record. Ah non, là-dessus on a une avance considérable.',	0,	0,	71,	30,	NULL),
(135,	'Il commence doucement à me faire chier celui là!',	0,	0,	72,	30,	NULL),
(136,	'Sortez-vous les doigts du cul !!!',	0,	0,	72,	30,	NULL),
(137,	'(S\'adressant au seigneur Perceval)\r\nSur le principe, la Table ronde, c\'est pas obligatoire.',	0,	0,	73,	30,	NULL),
(138,	'(À Lancelot)\r\nOui, je sais, j\'ai arbitré un peu sec. Mais en même temps…',	0,	0,	74,	30,	NULL),
(139,	'(À Guenièvre, à propos de sa mère, Dame Ygerne)\r\nAvec ma mère, faut que tout soit carré.',	0,	0,	62,	30,	NULL),
(140,	'(À sa mère, Dame Ygerne)\r\nOui… non… nous, on mange quand on a faim.',	0,	0,	62,	30,	NULL),
(141,	'Ah, mais des tanches pareilles, on devrait les mettre sous verre, hein !',	0,	0,	75,	30,	NULL),
(142,	'(À Perceval, à propos de Merlin)\r\nAu bout d\'un moment, il est vraiment druide, c\'mec-là, ou ça fait quinze ans qu\'il me prend pour un con ?',	0,	0,	76,	30,	NULL),
(143,	'(Plantant la seringue dans le bras de Merlin)Ah ! ben ça… i\'faut se méfier, avec les mecs à cran !…',	0,	0,	77,	30,	NULL),
(144,	'On se fait couper les deux bras, on revient vous voir et 5 minutes après on retourne se mettre sur la gueule ! Mettez-vous à la place des ennemis, c\'est désespérant.',	0,	0,	78,	30,	NULL),
(145,	'Non, moi j\'crois qu\'il faut qu\'vous arrêtiez d\'essayer d\'dire des trucs. Ça vous fatigue, déjà, et pour les autres, vous vous rendez pas compte de c\'que c\'est. Moi quand vous faites ça, ça me fout une angoisse... j\'pourrais vous tuer, j\'crois. De chagrin, hein ! J\'vous jure c\'est pas bien. Il faut plus que vous parliez avec des gens.',	0,	0,	79,	30,	NULL),
(146,	'Quand je viens vous voir, pour vous demander des trucs , c\'est l\'enchanteur que je viens voir , pour qu\'il m\'donne des solutions d\'enchanteur : pas des combines à la noix ou des remèdes de bonne femme ! Vous êtes mon enchanteur, vous êtes pas ma grand-mère, OK ?',	0,	0,	80,	30,	NULL),
(147,	'(À Guenièvre)La prochaine fois que vous faites venir un barde, je lui ouvre le bide de là à là, j\'lui sors les boyaux et je file sa langue à bouffer aux chiens. C\'est clair, ça ?',	0,	0,	80,	30,	NULL),
(148,	'Ça vous fait pas mal à la tête de glandouiller vingt-quatre heures sur vingt-quatre ?',	0,	0,	81,	30,	NULL),
(149,	'Oh, mais c\'est pas vrai, mais vous allez m\'gonfler jusqu\'à quand ? Une heure que j\'crapahute dans tout le château avec ma bougie, ça va bien, maintenant !',	0,	0,	69,	30,	NULL),
(150,	'J\'en ai rien à foutre ! Vous pourriez vous marier avec une chèvre si ça vous chante. Et puis, si y en a une qu\'est d\'accord, rappelez-vous qu\'c\'est inespéré puis sautez sur l\'occasion.',	0,	0,	82,	30,	NULL),
(151,	'Dieu ! Depuis qu\'vous êtes arrivé - ça fait quoi, ça fait deux-trois ans à peu près, enfin j\'veux dire deux-trois ans que le truc a bien pris, quoi, qu\'les gens en parlent, tout ça - moi j\'fais tout c\'que j\'peux pour mettre les gars au pas. La quête du Graal, le côté symbolique, la lumière, la salvation tout ça j\'crois qu\'c\'est bien rentré. Parce que c\'était pas gagné quand même. Moi les mectons d\'la Table Ronde c\'est pas des flèches, vous êtes au courant d\'ça. Quand j\'leur parle du Graal, eux ils cherchent un vase, et c\'est marre. Si j\'commence à m\'lancer dans des explications comme quoi c\'est pas l\'objet qui est important mais le côté symbolique, le sang d\'vot\'fils, la vie éternelle alors là, les gars y me regardent avec des billes comme ça et puis y décrochent, ah hein, rideau ! Alors j\'crois que c\'qu\'y s\'rait pas mal, si on veut faire un peu avancer l\'histoire, voyez, ça s\'rait de faire péter un signe, mais un truc commak, hein. Parce que la Dame du Lac c\'est bien gentil, mais euh, comme y a que moi qui peux la voir c\'est pas très encourageant pour les autres. Non au contraire, quand y m\'voient causer tout seul, y s\'demandent si j\'ai pas carrément tourné la carte. Alors voilà, faites c\'que vous pouvez, quoi. J\'compte sur vous. Donc euh… amen… enfin euh… deo gratias j\'sais pu quoi… j\'suis désolé j\'ai pas eu le temps de potasser les formules.',	0,	0,	83,	30,	NULL),
(152,	'(À Guenièvre) Merlin, i\'sait déjà pas monter des blancs en neige, alors préparer une potion de polymorphie… Permettez-moi d\'avoir des doutes.',	0,	0,	84,	30,	NULL),
(153,	'Mais comment voulez-vous que j\'vous prouve que j\'suis moi, ça devient débile, à la fin !',	0,	0,	85,	30,	NULL),
(154,	'De toutes façons, c\'est ma mère, j\'vais pas la faire tabasser par la garde.',	0,	0,	86,	30,	NULL),
(155,	'Qu\'est-ce que c\'est, le Graal? Vous savez pas vraiment! Et moi non plus! Et j\'en ai rien à cirer! Regardez-nous: y\'en a pas deux qui ont le même âge, pas deux qui viennent du même endroit! Des seigneurs, des chevaliers errants, des riches, des pauvres! Mais, à la table ronde, pour la première fois dans toute l\'histoire du peuple breton, nous cherchons tous la même chose: le Graal! C\'est le Graal qui fait de vous des chevaliers, des hommes civilisés, qui nous différencie des tribus barbares. Le Graal, c\'est notre union. Le Graal c\'est notre grandeur.',	0,	0,	87,	30,	NULL),
(156,	'J\'suis chef de guerre moi, j\'suis pas là pour agiter des drapeaux et jouer d\'la trompette...',	0,	0,	72,	30,	NULL),
(157,	'(À Perceval) Rangez moi ça, débile, la table ronde, c\'est pas la fête de l\'artisanat !',	0,	0,	21,	30,	NULL),
(158,	'Au gros sel ? Qu\'est ce que c\'est que ces conneries ? Vous me prenez pour une épaule d\'agneau?',	0,	0,	78,	30,	NULL),
(159,	'Mais j\'ai pas l\'temps ! De faire de la broderie, maintenant ! J\'vous dis qu\'on est en train de se prendre une peignée !',	0,	0,	78,	30,	NULL),
(160,	'Vous croyez vraiment que vous avez les moyens de me convoquer ? Je suis là parce que j\'veux bien… Et si vous m\'avez fait déplacer pour rien, je vous balance quinze jours dans une cage sans boire ni bouffer et je me démerde pour que vous chopiez le typhus. Je vous écoute. (Perceval : bon, on va faire simple.) J\'vous l\'conseille, oui.',	0,	0,	88,	30,	NULL),
(161,	'Quel tas de merdier... Non mais sérieusement, quel merdier ! Vous vous croyez où?',	0,	0,	88,	30,	NULL),
(162,	'Décarre tes troupes de chez moi ou j\'crame ton pays. C\'est assez simple comme vocabulaire ?',	0,	0,	89,	30,	NULL),
(163,	'(À Perceval) Arthur, le dragon, Arthur... Y a rien qui gigote là-dedans ?',	0,	0,	90,	30,	NULL),
(164,	'Vous, vous devriez arrêter de sourire. J\'vous promets, ça devient vraiment malsain.',	0,	0,	90,	30,	NULL),
(165,	'Quand vous voyez des gadins de 15 pieds de haut, plantés en rond, figurez-vous qu\'ils ont pas poussé dans la nuit.',	0,	0,	91,	30,	NULL),
(166,	'Vil félon, où as-tu dissimulé le Graal Sacré ?<br/>\r\nDans ton cul !<br/>\r\nTu paieras pour cet affront ! ',	0,	0,	92,	30,	NULL),
(167,	'Non mais regardez. Maintenant que j\'ai enlevé le mie de mon pain, aaah ouh, Arthur ! Le Graal tu t\'en iras quérir. Mam mam mam mam, mam.',	0,	0,	92,	30,	NULL),
(168,	'Attention, l\'ogre des collines !',	0,	0,	92,	30,	NULL),
(169,	'(Parlant tout seul, à table, jouant avec des aliments) Sire, nous voici a l\'entrée de la grotte... Pied à terre mon fidèle Lancelot, le Graal est a porté de main ! Attention sire derrière vous ! Le chevalier noir ! Euheuh hrrr... inhin Arthur ta dernière heure a sonné... Vil félon, ou as tu dissimulé le Graal sacré ? Dans ton cul ! Tu paieras pour cet affront ! Tfftftfftfff brrrr... BRRR ! Aaahh... Victoire sire ! Le Graal enfin ! Il est vachement gros ! Attention il est pas du tout comme j\'imaginais ! Sire écoutez, les villageois, ils vous acclament comme des villageois ! Vive Arthur, vive le roi de Bretagne, vive Arthur ! Hourraaa ! Hourraaa !\r\nAu secours, au secours, appelez Merlin ! Merlin arrive, oaaaahhh, apparition inexpliquée, boule de feu boule de feu brrf brrf pffifff. Attention l\'ogre des collines bbhhheeuh, disparaissez de mes terres, périssez êtres inférieurs ! Catapuuultttttess catapuuultees catapuuullttes tirrrreeeezzz ! Pfrioou pfriouuu pfrioou pfriouuu pfrioou pfriouuu… (La servante arrive)\r\nC\'est bon vous pouvez débarrasser...',	0,	0,	93,	30,	NULL),
(170,	'(A Guethenoc) Fleur, unique, belle, vite ! J\'ai besoin d\'exprimer mon transport. (Guethenoc répond : Pour le transport, vaut mieux la brouette !)',	0,	0,	94,	30,	NULL),
(171,	'Mais je vous emmerde, mon petit pote ! Vous commandez ce que je vous dis de commander et vous la fermez bien comme il faut !',	0,	0,	95,	30,	NULL),
(172,	'Le plus intéressant, c\'est, comment vous arrivez à faire un truc aussi immonde avec des ingrédients normaux ? [...] Mais c\'est incroyable, j\'ai l\'impression de bouffer de la terre avec de la bouse et du gravier, ça sent le poulailler, mais c\'est du céleri et des oignons, c\'est prodigieux.',	0,	0,	96,	30,	NULL),
(173,	'Ah, le printemps ! La nature se réveille, les oiseaux reviennent, on crame des mecs.',	0,	0,	96,	30,	NULL),
(174,	'Une heure avant, je me dis toujours : «Tiens, je vais déjeuner avec Perceval, ça me fait plaisir». [...] Ça vous la coupe, ça, hein ? Bon, après, une fois que j\'ai bouffé avec vous, je regrette, hein, on est d\'accord. Arrivé au milieu du repas, j\'ai toujours envie de vous éclater le crâne avec le tranchant de la coupe, là, vous voyez, pour vous faire... fermer votre gueule une bonne fois pour toutes... mais sinon... je vous aime.',	0,	0,	97,	30,	NULL),
(175,	'C\'est parce que je cherche le Graal que je suis roi. Et du coup que vous êtes reine. Si je cherchais pas le Graal, vous seriez encore en Carmélide en train de torcher le cul des vaches dans une des fermes de votre con de père !',	0,	0,	98,	30,	NULL),
(176,	'Mais je ne suis pas romain, merde !',	0,	0,	63,	30,	NULL),
(177,	'( parlant tout seul, ivre) On y voit comme à travers un pelle là-dedans... Hé lumières !!! Pff bande de fainéants... Ah ça, pour roupiller, vous êtes fortiche (s\'esclaffe) Les chevaliers de la Table Ronde... CHEVALIERS DE MES DEUX !!! Chuis p... chuis pas roi, moi ? C\'est p..., c\'est pas moi le roi ?! (dégainant Excalibur) Et ça, c\'est du nougat ??? Tout seul, je vais le chercher le Graal, moi, et la vie éternelle, c\'est pour bibi !!! Et vous, vous irez vous gratter !!!',	0,	0,	99,	30,	NULL),
(178,	'Le seigneur Perceval ne se met jamais en situation dangereuse. Pour ça, il fait preuve d\'une intelligence redoutable.',	0,	0,	100,	30,	NULL),
(179,	'Mais vous êtes pas mort, espèce de connard ?',	0,	0,	101,	30,	NULL),
(180,	'Oubliez ce que je viens de dire. Le Graal, c\'est de la merde.',	0,	0,	101,	30,	NULL),
(181,	'J\'vais vous dire : même si le pays était à feu et à sang, il serait hors de question que j\'rate un truc pareil !',	0,	0,	102,	30,	NULL),
(182,	'Et si je vous dis que vous êtes deux glands, là, vous avez du péremptoire. C\'est vous qui voyez.',	0,	0,	102,	30,	NULL),
(183,	'Je gueule , c\'est vrai, j\'suis un peu sec, tout ça, mais pour quelqu\'un comme moi qui a facilement tendance à la dépression c\'est très important ce que vous faites, parce que... Comment vous dire... C\'est systématiquement débile mais c\'est toujours inattendu. Et ça c\'est très important pour la... la santé du... du cigare...',	0,	0,	102,	30,	NULL),
(184,	'Mais ça va, maintenant, arrêtez le cirque, on va pas y passer la journée ! J\'vous dis qu\'il faut qu\'j\'aille chez Dagonet, alors j\'attends qu\'vous vous pétiez un bras, et j\'me casse, alors magnez-vous l\'tronc !',	0,	0,	102,	30,	NULL),
(185,	'Y\'a trop de clampins qui se disent poètes qui sortent la licence poétique dès qu\'ils pondent trois merdes que personne comprend .',	0,	0,	103,	30,	NULL),
(186,	'Au printemps, le sommeil ne cesse dès l\'aurore. Partout se font ouïr les gazouillis d\'oiseaux. La nuit s\'achève enfin dans le souffle des eaux, qui sait combien de fleurs seront tombées encore . Ah, ben oui, c\'est sûr, c\'est du chinetoque (poème de [[Meng Haoran]] - VIII°s), hein, les mecs ils se râclent un peu la soupière avant de sortir n\'importe quelle connerie !',	0,	0,	103,	30,	NULL),
(187,	'Mais qu\'est-ce que que vous faites là, trou du cul ?',	0,	0,	104,	30,	NULL),
(188,	'Est-ce que vous avez conscience que j\'ai de menues responsabilités au sein de ce gouvernement qui me tiennent relativement éloigné des problèmes de répartition des piaules ?',	0,	0,	105,	30,	NULL),
(189,	'Et alors vous allez me libérer les locaux avant ce soir vous entendez, j\'veux les turnes impeccables, les draps en tas dans le couloir et les clefs sur la porte, vous retournez crécher dans vos pays de débiles et vous foutez le camp de ma salle de bain !',	0,	0,	105,	30,	NULL),
(190,	'Bohort, je vous donne l\'ordre de vous rendre immédiatement en Andalousie pour y rencontrer le chef wisigoth et lui transmettre le message de paix suivant :... «Coucou»...',	0,	0,	106,	30,	NULL),
(191,	'Eh bien, c\'est l\'histoire d\'un petit ourson qui s\'appelle… Arthur. Et y\'a une fée, un jour, qui vient voir le petit ourson et qui lui dit : Arthur tu vas partir à la recherche du Vase Magique. Et elle lui donne une épée hmm… magique (ouais, parce qu\'y a plein de trucs magiques dans l\'histoire, bref) alors le petit ourson il se dit : \'Heu, chercher le Vase Magique ça doit être drôlement difficile, alors il faut que je parte dans la forêt pour trouver des amis pour m\'aider.\' Alors il va voir son ami Lancelot… le cerf (parce que le cerf c\'est majestueux comme ça), heu, Bohort le faisan et puis Léodagan… heu… l\'ours, ouais c\'est un ours aussi, c\'est pas tout à fait le même ours mais bon. Donc Léodagan qui est le père de la femme du petit ourson, qui s\'appelle Guenièvre la truite… non, non, parce que c\'est la fille de… non c\'est un ours aussi puisque c\'est la fille de l\'autre ours, non parce qu\'après ça fait des machins mixtes, en fait un ours et une truite… non en fait ça va pas. Bref, sinon y\'a Gauvain le neveu du petit ourson qui est le fils de sa sœur Anna, qui est restée à Tintagel avec sa mère Igerne la… bah non, ouais du coup je suis obligé de foutre des ours de partout sinon on pige plus rien dans la famille… Donc c\'est des ours, en gros, enfin bref… Ils sont tous là et donc Petit Ourson il part avec sa troupe à la recherche du Vase Magique. Mais il le trouve pas, il le trouve pas parce qu\'en fait pour la plupart d\'entre eux c\'est… c\'est des nazes : ils sont hyper mous, ils sont bêtes, en plus y\'en a qu\'ont la trouille. Donc il décide de les faire bruler dans une grange pour s\'en débarrasser… Donc la fée revient pour lui dire : \'Attention petit ourson, il faut être gentil avec ses amis de la forêt\' quand même c\'est vrai, et du coup Petit Ourson il lui met un taquet dans la tête à la fée, comme ça : \'BAH !\'. Alors la fée elle est comme ça et elle s\'en va… et voilà et en fait il trouve pas le vase. En fait il est… il trouve pas… et Petit Ourson il fait de la dépression et tous les jours il se demande s\'il va se tuer ou… pas…',	0,	0,	107,	30,	NULL),
(192,	'Le Graal, je sais pas où il est mais il va y rester un moment, c\'est moi qui vous l\'dis !',	0,	0,	108,	30,	NULL),
(193,	'Quand on file une histoire à un copiste, pour qu\'il en fasse 3 exemplaires, qu\'ça va lui prendre trois mois,et qu\'ça va coûter la peau des fesses, c\'est pas pour raconter le temps qu\'il fait ou ce que vous avez bouffé le midi, hein, il faut qu\'ça pète !',	0,	0,	109,	30,	NULL),
(194,	'Le Saint-Suaire ? Vous avez foutu en l\'air le Saint-Suaire ?',	0,	0,	110,	30,	NULL),
(195,	'La religion c\'est le bordel, admettez-le ! Alors laissez-moi prier c\'que j\'veux tranquille. \'M\'empêche pas d\'la chercher, votre saloperie de Graal.',	0,	0,	111,	30,	NULL),
(196,	'Mais c\'est pas vrai mais c\'est pas vrai mais c\'est pas vraiiiiiiii !',	0,	0,	112,	30,	NULL),
(197,	'\r\n[Bohort: Ça dépend, Attila vous le comptez comme un Hun ?]\r\nBen évidemment, j\'le compte pas comme un Ibère !',	0,	0,	113,	30,	NULL),
(198,	'(À Perceval) Est-ce que vous avez souvenir qu\'il se soit passé quelque chose entre Mevanwi et moi ?\r\nPerceval : À quel niveau ?\r\nAu niveau... du chou rouge.',	0,	0,	114,	30,	NULL),
(199,	'(À Sefriane d\'aquitaine) Mais votre oncle mes béliers pourris il va se les prendre dans le fion !',	0,	0,	115,	30,	NULL),
(200,	'J\'vais vous en faire préparer un de bon de sortie. Signé, tamponné, tout ce qu\'il y a de plus officiel. Et puisque vous aimez les catapultes, on va vous mettre les miches dedans, vous, votre fils, votre femme, et tout l\'orchestre. Et paf, feu nourri, direction Carmélide, la Bretagne vue du ciel ! Ça vous apprendra à bouffer à tous les râteliers.',	0,	0,	116,	30,	NULL),
(201,	'Et ben si ils veulent la place les gars, je leur laisse !…\r\nQu\'ils y viennent chercher le Graal avec la compagnie de loustics que je me promène… Je leur souhaite un bon séjour aux mecs !… Ils se les farciront, les séances de la Table Ronde où tout le monde roupille du début à la fin !… Les doléances, les revendications, les clans !… Moi, pendant ce temps-là, j\'irai glander en Andalousie !… Là-bas au moins, on peut se baigner sans avoir les doigts de pieds tout bleus au bout de cinq minutes !',	0,	0,	117,	30,	NULL),
(202,	'C\'était quand la dernière fois qu\'on s\'est retrouvés tous d\'accord sur un truc !?',	0,	0,	118,	30,	NULL),
(203,	'Franchement, j\'ai connu des cafards moins opiniâtres...',	0,	0,	119,	30,	NULL),
(204,	'Vous allez voir qu\'il n\'y a aucun problème…\r\nSiècle des larmes, hurlements…\r\nTrès bien.\r\nAu jour, Dieu Roi de…\r\nRoi de Logres ?\r\nFait affront du Lac combattant frère à l\'épée\r\nFemme de Vannes épousée commet faute\r\nPanique, ruines, fin d\'un monde\r\nSur Terre, sans démons ni sorcières\r\nVient dieu des morts solitaire des frayeurs\r\nDu ciel à l\'insulte la Réponse\r\n[…]\r\nLà, ça pue du cul, mais violent.',	0,	0,	120,	30,	NULL),
(205,	'Je pense que vous glandouillez bien assez comme ça dans la réalité pour qu\'on puisse se permettre d\'optimiser le fictionnel.',	0,	0,	121,	30,	NULL),
(206,	'(À Gauvain) Non, comme salope en Orcanie, y\'a ma sœur, la reine, votre mère quoi, mais vous le saviez ça? ',	0,	0,	122,	30,	NULL),
(207,	'[Dame Séli] Bon qu\'est-ce qu\'y a ? C\'est pas bon ?\r\n[Arthur] Naaan mais c\'est au-delà de ça je crois. L\'autre jour, je rentrais de la plage et j\'suis tombé sur un coin à fraises. Alors j\'m\'en suis fais un plein ventre ... paske les fraises, quand on leur fout la paix en fait, elles sont consommables. Là c\'est aussi des fraises, probablement les mêmes d\'ailleurs, mais par un procédé miraculeux, que j\'arrive pas à m\'imaginer ... on dirait des gadins.  ',	0,	0,	123,	30,	NULL),
(208,	'(à Perceval et Karadoc)  Vous vous entrainez à mettre le merdier ?!?',	0,	0,	124,	30,	NULL),
(209,	'J\'bouff\'rais un ch\'val en salade !!! ',	0,	0,	125,	30,	NULL),
(210,	'Faire tourner cette baraque… et guider tous ces débiles jusqu\'au Graal, c\'est sur moi que c\'est tombé. Les dieux ont trouvé une bonne pomme pour s\'arracher les cheveux avec cette histoire de dingues, ils sont pas près de la lâcher.',	0,	0,	126,	30,	NULL),
(211,	'Je suis désolé, mais les dieux ont pas l\'air de votre avis. Je crois qu\'ils en ont marre de ma tronche.',	0,	0,	127,	30,	NULL),
(212,	'J\'suis roi de Bretagne, j\'ai pas de conseil à recevoir d\'une clodo !',	0,	0,	128,	30,	NULL),
(213,	'Mais enfin, ça fait 15 lieues que vous nous pétez les noyaux avec vos bestioles : les moutons, les chèvres, les poules, vous croyez que ça nous intéresse ça ? (...) Oh la la, mais c\'est pas vrai, les poules euh… c\'est plus ce que c\'était, les chèvres c\'est pas rentable, maintenant les moutons c\'est fastidieux ! Vous savez même pas ce que ça veut dire «fastidieux» !',	0,	0,	129,	30,	NULL),
(214,	'ARRÊTEZ DE M\'APPELER SIRE !!!!!',	0,	0,	130,	30,	NULL),
(215,	'(À Anton) Je parle moins maintenant, je terrasse plus mes ennemis par l\'éloquence. Plus je vieillis plus je ferme ma gueule. Aujourd\'hui ce qu\'il me faudrait c\'est le médaillon Harpocrate avec le doigt sur la bouche comme ça. Je suis désolé de jamais être revenu vous voir.',	0,	0,	131,	30,	NULL),
(216,	'Pour le Graal, j\'ai bâti une forteresse, moi. Kaamelott, ça s\'appelle. J\'ai été chercher des chevaliers dans tout le royaume. En Calédonie, en Carmélide, à Gaunes, à Vannes, aux Pays de Galles. J\'ai fait construire une grande table, pour que les chevaliers s\'assoient ensemble. Je l\'ai voulue ronde, pour qu\'aucun d\'entre eux  ne se retrouve assis dans un angle, ou en bout de table. C\'était compliqué, alors j\'ai essayé d\'expliquer ce qu\'était le Graal, pour que tout le monde comprenne. C\'était difficile, alors j\'ai essayé de rigoler pour que personne ne s\'ennuie. J\'ai raté, mais je veux pas qu\'on dise que j\'ai rien foutu, parce que c\'est pas vrai.',	0,	0,	132,	30,	NULL),
(217,	'Qu\'est-ce que c\'est que quelqu\'un qui souffre et qui fait couler son sang par terre pour que tout le monde soit coupable ? Tous les suicidés sont le Christ. Toutes les baignoires sont le Graal... ',	0,	0,	133,	30,	NULL),
(218,	'Ça fait une heure qu\'on vous achète tout ce qui vous passe sous le nez ! Si jamais on vous attaque, les gardes peuvent même pas vous défendre parce qu\'ils sont obligés de transporter vos saloperies !',	0,	0,	59,	30,	NULL),
(219,	'Les rêves, ça se compare pas.',	0,	0,	133,	30,	NULL),
(220,	'Je suis le Roi Arthur, je ne désespère pas. Jamais je perds courage. Je suis un exemple pour les enfants.',	0,	0,	133,	30,	NULL),
(221,	'Non mais attendez, je crois qu\'on s\'est mal compris, là : vous avez une idée du temps qu\'il me faut pour tracer une lettre avec ces PUTAINS DE PLUMES ?!',	0,	0,	35,	31,	NULL),
(222,	'Oh oui oui, c\'est magnifique, oui, oui,  il y a des taches, c\'est tout barré, j\'ai tellement raturé que j\'ai transpercé le papier... C\'est immonde... on dirait que j\'ai lavé par terre avec, mais c\'est fait...',	0,	0,	35,	31,	NULL),
(223,	'Voilà ! C\'est tout ce qu\'y a ! Unisson, quarte, quinte et c\'est marre ! Tous les autres intervalles, c\'est de la merde ! Le prochain que je chope en train de siffler un intervalle païen, je fais un rapport au pape !',	0,	0,	134,	31,	NULL),
(224,	'Bohort : […] Et c\'est joli.\r\nPère Blaise : Et c\'est de la merde.',	0,	0,	134,	31,	NULL),
(225,	'Non, mais attention ! Si je deviens pape, y\'a rien qui m\'empêche de revenir de temps en temps pour faire un petit coucou.',	0,	0,	135,	31,	NULL),
(226,	'(À Perceval) Vous racontez ce qui s\'est passé, d\'un coup, sans vous arrêter, et si vous changez des trucs, je vous envoie le registre à travers la gueule. Vu ?',	0,	0,	112,	31,	NULL),
(227,	'En voilà une bonne chose, faisons la liste des cons, et puis ça me donnera l\'occasion de gratter du papier.',	0,	0,	136,	31,	NULL),
(228,	'Ouais, ben si vous vouliez du captivant, fallait peut-être me faire lire autre chose que des textes de lois !',	0,	0,	137,	31,	NULL),
(229,	'Moi je viens un peu en tant que médiateur hein, et je confirme hein, c\'est une très grosse morue dont vous devriez vous méfier !',	0,	0,	49,	31,	NULL),
(230,	'Jo le rigolo ???!!!',	0,	0,	9,	32,	NULL),
(231,	'Faut que j\'enlève mon armure sinon y va se passer quelque chose d\'atroce.[Part... Revient] J\'ai pas eu le temps d\'enlever mon armure...',	0,	0,	75,	32,	NULL),
(232,	'D\'après mes derniers renseignements, il serait tout à fait possible que le Graal ne soit ni un vase, ni une coupe, mais... un récipient.',	0,	0,	138,	32,	NULL),
(233,	'(À Arthur, Léodagan et Vene)Ça vous ennuie si je vomis ?',	0,	0,	139,	32,	NULL),
(234,	'J\'irai me coucher quand vous m\'aurez juré qu\'il n\'y a pas dans cette forêt d\'animal plus dangereux que le lapin adulte !',	0,	0,	140,	32,	NULL),
(235,	'(À Arthur, Perceval et Léodagan)\r\nMoi aussi, je ne me sens pas dans mon assiette, j\'ai jamais beaucoup aimé les tunnels.',	0,	0,	141,	32,	NULL),
(236,	'(Au maître d\'armes)Vous êtes un grand malade mental !',	0,	0,	95,	32,	NULL),
(237,	'(Hurlant à plein poumons) MÉÉCRÉÉAAAAAAAAANTS !',	0,	0,	95,	32,	NULL),
(238,	'Fort heureusement, l\'incident n\'a fait aucune victime.',	0,	0,	142,	32,	NULL),
(239,	'La neige, on l\'enlève, elle revient. Toujours. Encore et encore. Et nous, pauvres âmes chagrines, nous perdons notre regard dans l\'horizon blanc de notre solitude.',	0,	0,	143,	32,	NULL),
(240,	'(Criant) NOUS ALLONS TOUS MOURIR !',	0,	0,	104,	32,	NULL),
(241,	'(À Arthur et Lancelot)Ah bah ça va, excusez moi d\'avoir paniqué... Finalement c\'est pas des démons. C\'est juste les pires bestioles de tout l\'univers. Mettons deux gardes là devant et allons boire un coup !',	0,	0,	104,	32,	NULL),
(242,	'C\'est une catastrophe !',	0,	0,	144,	32,	NULL),
(243,	'Balancez-leur les radasses et qu\'ils s\'en aillent au diable !',	0,	0,	10,	32,	NULL),
(244,	'Je suis un misérable !',	0,	0,	145,	32,	NULL),
(245,	'En même temps, admettez que me tuer n\'aurait pas beaucoup de sens ! Vos nerfs seraient soulagés dans un premier temps, je ne dis pas, mais si vous considérez la situation avec un minimum de recul, vous vous apercevrez que le transport de votre hargne sur ma personne n\'est pas départi d\'une certaine forme d\'absurdité. Et c\'est là que j\'ai envie de dire : est-ce que ça vaut bien le coup ?',	0,	0,	146,	32,	NULL),
(246,	'Eh bien puisque c\'est ça, allez-y : détruisez tout ! Entretuez-vous ! Mettez la Bretagne à feu et à sang ! Et ne comptez plus sur moi pour vous amener mes gâteaux à la purée de pomme dont vous êtes si friand ! Dorénavant, vous devrez vous les cuisiner vous-même ! ENTRE DEUX MISES À SAC !',	0,	0,	147,	32,	NULL),
(247,	'Qui veut une tartelette ?',	0,	0,	148,	32,	NULL),
(248,	'Moi, je suis en charge des négociations protocolaires de la surveillance intérieure de l\'inspection de certains postes avancés, eh bien, voyez-vous, si on me disait : Bohort, tout ça c\'est fini, à partir de maintenant, vous vous occuperez des pâtisseries et du linge de maison, je vous assure, je n\'hésiterai pas une seconde .',	0,	0,	149,	32,	NULL),
(249,	'Vous prenez votre arc et vous le bouffez ! Espèce de dégénéré sanguinaire !',	0,	0,	150,	32,	NULL),
(250,	'Séchez vos larmes mon épousée, je m\'occupe d\'aller chercher ces petites salopes par la peau du fion !',	0,	0,	18,	32,	NULL),
(251,	'(En coin, à sa mère) Pardon, mère.',	0,	0,	18,	32,	NULL),
(252,	'Fort heureusement, je tiens à préciser que l\'incident n\'a fait aucune victime.',	0,	0,	142,	32,	NULL),
(253,	'Ah, Biographie ! (Pet)… Biographie…',	0,	0,	50,	33,	NULL),
(254,	'Arthour !… Couhillère !',	0,	0,	151,	33,	NULL),
(255,	'Interprèèète ? Interprèèète, couhillère ?',	0,	0,	151,	33,	NULL),
(256,	'La fleur en bouquet fane, et jamais ne renaît !',	0,	0,	89,	33,	NULL),
(257,	'Arthour !… Pas changer assiette pour fromage !',	0,	0,	89,	33,	NULL),
(258,	'Couhillère, couhillère, couhillère ! Ave Cesar ! (lache une caisse)',	0,	0,	89,	33,	NULL),
(259,	'MÉTÉOOOOOOOOO !',	0,	0,	89,	33,	NULL),
(260,	'Troupa ! Troupa ! Troupatroupatroupatroupa ! TROUPA ! HAHAHAHAHAHAHA ! Troupaskaya !',	0,	0,	89,	33,	NULL),
(261,	'Arthour ! On est fort en pomme.',	0,	0,	152,	33,	NULL),
(262,	'Arthour ! Qu\'est-ce à dire que ceci ? ON EST FORTS ! En pommes…',	0,	0,	152,	33,	NULL),
(263,	'Non posso volo, no tépo mayo. Un posso volo, tandolon toulo. Tamasso (pet) tanlamalasso. Tamasso (pet) les oiseaux petits (sur l\'air de \'À la volette\')',	0,	0,	152,	33,	NULL),
(264,	'Les oiseaux sifflent, le printemps siffle !',	0,	0,	153,	33,	NULL),
(265,	'Arthour, j\'apprécie les fruits au sirop !',	0,	0,	154,	33,	NULL),
(266,	'SALSIFIS !!!!!!',	0,	0,	154,	33,	NULL),
(267,	'Jouer ! Guerre ! Salsifis !',	0,	0,	154,	33,	NULL),
(268,	'N\'empêche que chez nous, on sait construire ! Les aqueducs, c\'est quand même un petit peu plus classe que vos murs en merde séchée...Ouais, je dis ça, je dis tout !',	0,	0,	155,	34,	NULL),
(269,	'On fait marrer tout le monde avec nos chenilles à la purée d\'fraises et nos couilles d\'oursins aux amandes, et je sais plus quelles autres saloperies !',	0,	0,	155,	34,	NULL),
(270,	'MAIS ARRETEZ J\'ARRETE PAS DE RETROUVER DES PTITES BOULETTES DE CACA PARTOUT ! Me prenez pas pour un con, sans blague, c\'était une bergerie ici ?',	0,	0,	156,	34,	NULL),
(271,	'J\'ai toujours dit que je supportais pas les jupes , mais c\'est l\'uniforme réglementaire, j\'y suis pour rien !',	0,	0,	155,	34,	NULL),
(272,	'Jamais je ne trahirai. Ave César ! Ave César ! […] La seule chose que je voudrais savoir, c\'est si dans deux jours, je change d\'avis… Est-ce que la proposition tient toujours ?',	0,	0,	157,	34,	NULL),
(273,	'Le poisson qui étouffe sur la berge remue plus que celui qui est dans l\'eau. C\'est bien la preuve de ce que je dis : si on se débat, c\'est qu\'on est en train de crever.',	0,	0,	158,	34,	NULL),
(274,	'Non, mais là vous auriez pu prévenir qu\'il y avait un couvert de plus. Bon ça va que j\'ai pas fait à manger, mais bon, c\'est chaud.',	0,	0,	156,	34,	NULL),
(275,	'Ah bah en fait, c\'est tout moisi seigneur breton. Parce qu\'en plus, il faut que je nourrisse des mecs.',	0,	0,	156,	34,	NULL),
(276,	'- Hé les connards ! Vous pouvez faire griller un porcelet s\'il vous plaît ?',	0,	0,	156,	34,	NULL),
(277,	'Non mais je bosse, moi, de jour. Je suis dans l\'armée, je tiens pas un stand de crêpes.',	0,	0,	158,	34,	NULL),
(278,	'J\'y suis dans ma maison pourrie.Les 2 pieds dans la merde de poules. Ça vous va ?',	0,	0,	159,	34,	NULL),
(279,	'Est-ce que je suis votre maîtresse préférée ?',	0,	0,	160,	35,	NULL),
(280,	'Vous vous rendez compte que vous amenez des boucs dans ma chambre ?',	0,	0,	14,	35,	NULL),
(281,	'On vous offre des boucs, à vous, maintenant ?',	0,	0,	14,	35,	NULL),
(282,	'Parce que j\'ai le même type que les Jumelles maintenant ? ',	0,	0,	161,	35,	NULL),
(283,	'Votre père, il a les cheveux noirs. Alors on continue de traiter tout le monde de bâtard ou on se calme ? ',	0,	0,	161,	35,	NULL),
(284,	'C\'est vexant de me ressembler ? C\'est pour ça qu\'on vous a choisi et qu\'on vous a sorti de votre cambrousse, alors du respect ! ',	0,	0,	161,	35,	NULL),
(285,	'Et surtout : pensez POUVOIR ! ',	0,	0,	162,	35,	NULL),
(286,	'Par exemple, je trouve que quand elle est partie du jour au lendemain sans prévenir, elle s\'est conduite comme la reine des putes. ',	0,	0,	52,	35,	NULL),
(287,	'Si j\'échoue, je garde la butte aux Cerfs et je fais tomber une pluie de calamités sur le royaume par vengeance ! C\'est pas pour rien qu\'on m\'appelle «le Fourbe». Si je réussis, je garde la butte aux Cerfs, plus… Le tertre des Âmes…',	0,	0,	70,	36,	NULL),
(288,	'Y\'a toujours au moins deux solutions à un problème.',	0,	0,	163,	36,	NULL),
(289,	'(À Merlin) Une pluie de pierres en intérieur, donc ! Je vous prenais pour un pied de chaise, mais vous êtes un précurseur, en fait !',	0,	0,	164,	36,	NULL),
(290,	'(À Merlin) Oh vous, toujours vous, mais allez chier dans une fiole, on verra après.',	0,	0,	164,	36,	NULL),
(291,	'Écoutez, si j\'avais un sort pour contrecarrer les volontés divines, je serais pas en train de faire des potions de virilité pour tous les mous de la tige du pays breton.',	0,	0,	165,	36,	NULL),
(292,	'(À Arthur) Croyez bien que si j\'avais [un truc en stock pour aider Merlin], je le dirais pas ! Parce que voir celui-là passer pour un conneau devant tous les druides du continent, j\'aime autant vous dire que je risque pas de louper ça ! J\'vais même amener des copains.',	0,	0,	166,	36,	NULL),
(293,	'(À Merlin) Je veux insinuer que vous n\'avez pas de connaissances suffisantes pour faire des crêpes. Alors vous imaginer en train de bricoler des plaques de dissimulation, c\'est à pisser de rire.',	0,	0,	167,	36,	NULL),
(294,	'(À Merlin) Mais retournez à l\'état sauvage, espèce de con. Foutez le camp dans les montagnes avec une paire de chèvres. On vous achètera vos fromages, promis. […] Vous le sentez pas, l\'appel de la nature, là? Les animaux de la forêt, y z\'ont pas besoin d\'un toubib ? […] Tirez-vous d\'ici. Définitivement. Et laissez bosser ceux qui savent faire ! Y a pas de place pour les amateurs ici.',	0,	0,	168,	36,	NULL),
(295,	'Dans la vie, faut bosser pour personne, et y faut faire bosser personne ! C\'est le secret de la liberté. […] Rien que d\'imaginer que je retire l\'épée du rocher et que je me retrouve à la tête de ce bordel, ça me fait de la spasmophilie !',	0,	0,	169,	36,	NULL),
(296,	'Ecoutez ma p\'tite dame, ya des fois où y faut sentir le vent tourner et mettre du pognon a gauche pour filer a la concurrence [Mevanwi : où ça ? Chez Lancelot ?] [...] Pour aller là-bas, y faudrait que j\'aie des principes, une quête à accomplir [Mevanwi : Et vous n\'en avez pas ?] Si, m\'en mettre plein les fouilles !',	0,	0,	169,	36,	NULL),
(297,	'Je me sens la fureur de l\'ours ! […]\r\nJe me sens le courage de l\'oiseau ! […]\r\nJe suis sautillant comme le mulot ! […]\r\nJe frétille comme une p\'tite truite ! […]\r\nJ\'ai la vigueur d\'un insecte !',	0,	0,	170,	37,	NULL),
(298,	'Et à un moment... Le sorcier s\'est mis à nous menacer, avec ses parties génitales.',	0,	0,	171,	37,	NULL),
(299,	'Mon oncle, n\'est-ce pas vous même qui m\'avez dit que rien ne remplaçait une véritable amitié et qu\'en cas d\'urgence c\'était la seule corde à laquelle on pouvait vraiment se raccrocher ?.',	0,	0,	172,	37,	NULL),
(300,	'Noblesse bien remisée ne trouve jamais l\'hiver à sa porte... Non, porte close...',	0,	0,	173,	37,	NULL),
(301,	'Nous sommes jeunes, nous marchons à pieds… J\'opterai donc pour un surnom en rapport : \'les Petits Pédestres\'.',	0,	0,	174,	37,	NULL),
(302,	'Seigneur Bohort, pouvons-nous nous retirer afin d\'aller prendre notre goûter ?',	0,	0,	175,	37,	NULL),
(303,	'Ah tiens, aujourd\'hui j\'ai fait tailler le rosier de l\'arrière-cour parce qu\'il en avait drôlement besoin. […] Et vous, vous me racontez pas votre petite journée ?',	0,	0,	139,	38,	NULL),
(304,	'J\'y connais rien, hein, mais… À votre avis, le fait que vous me touchiez pratiquement jamais, ça a une influence sur la fécondité ?',	0,	0,	176,	38,	NULL),
(305,	'Guenièvre: Mais qu\'est-ce que je vais devenir, maintenant que mon corps s\'est habitué...?\r\nArthur: Et ben vous vous deshabiturez. Comment vous faisiez avant ? \r\nGuenièvre: Mais avant ma vie, c\'était de la merde vous entendez?!  Recevoir le chef de ci, le roi de mi, toujours polie, toujours bien mise, le symbole de la nation bretonne, ha! Il en faut bien des compensations pour encaisser toute ces conneries hein! Toujours s\'occuper de tout, pis surtout de vous, parce que vous avez des responsabilités! Et qui s\'occupe de moi pendant c\'temps?! Alors oui, maintenant qu\'y a plus de pâte d\'amande, je tourne en rond,  je suis sur les nerfs!! J\'ai pas d\'amis, pas de loisirs... Comme vous me touchez pas, les choses de l\'amour je m\'assois dessus, et je parle au figuré, alors je m\'suis plongée dans la pâte d\'amande! Quand je vous regarde et que j\'vois comment vous m\'traitez, hein, je m\'dis que j\'aurais meilleur compte d\'aller d\'ici jusqu\'à Rome à pieds pour en chercher parce que c\'est finalement la meilleure chose qui me soit arrivée ….',	0,	0,	177,	38,	NULL),
(306,	'(à Demetra)Vous savez où vous pouvez vous la mettre, votre potion ?',	0,	0,	8,	38,	NULL),
(307,	'(Imitant Ygerne)Si votre père était vivant, il se retournerait dans sa tombe.',	0,	0,	178,	38,	NULL),
(308,	'Eh ben moi une fois, j\'ai pissé par la fenêtre !',	0,	0,	179,	38,	NULL),
(309,	'(À Arthur)Vous me prenez vraiment pour une conne.',	0,	0,	180,	38,	NULL),
(310,	'Mais je n\'ai rien à dire moi, on a rien à dire quand on est con comme une chaise !',	0,	0,	180,	38,	NULL),
(311,	'(À Arthur)Mouais. Méfiez-vous des cons. Y en a qui vont beaucoup plus loin qu\'on ne pense !',	0,	0,	181,	38,	NULL),
(312,	'Vous savez, euh si on fait fouetter les ouvriers et qu\'on menace de les brûler vifs, ils peuvent peut-être finir tout à l\'heure, hein... (regard désespéré à Arthur) Non ? Oh bon, bah... je vais... pleurer un petit peu... (sanglots)... Excusez-moi.',	0,	0,	182,	38,	NULL),
(313,	'(À Dame Ygerne, qui veut lui raconter son cauchemar)Oh je vous en prie, faites, ça fait tellement longtemps que je ne me suis pas évanouie dans mes urines...',	0,	0,	182,	38,	NULL),
(314,	'(À Dame Ygerne, qui lui raconte son cauchemar)Ah, ça y est, il arrive le pipi !',	0,	0,	182,	38,	NULL),
(315,	'(À Dame Ygerne, qui lui raconte son cauchemar)Ça vous ennuie, si j\'me taille les veines?',	0,	0,	182,	38,	NULL),
(316,	'(À Bohort qui vient de lui déclarer que Lancelot est amoureux d\'elle)Mais qu\'est-ce que vous déconnez, Seigneur Bohort ? Vous avez picolé ?',	0,	0,	25,	38,	NULL),
(317,	'(À Lancelot)On a beau expliquer tout ce qu\'on veut expliquer… Au bout d\'un moment, pour savoir faire du cheval, il faut faire du cheval !',	0,	0,	183,	38,	NULL),
(318,	'(À Lancelot)Eh ben, on est pas sortie du sable !',	0,	0,	183,	38,	NULL),
(319,	'Ah non, avec les jolies seulement. C\'est de là que j\'ai conclu que, comme y m\'touchait pas, je faisais moi-même partie des grosses mochetés.',	0,	0,	184,	38,	NULL),
(320,	'Je voulais savoir pourquoi vous laissiez tous vos chevaliers former des clans séparatistes, alors que l\'une de vos plus importantes missions a toujours été de fédérer les clans existants autour de votre royaume et de la quête du Graal ? ... Enfin c\'était pas tout à fait ça...',	0,	0,	185,	38,	NULL),
(321,	'(À propos des moutons) Mais je n\'comprends pas, c\'est pas des moutons ça ? […] Bah ils sont tout... tout bizarres... […] Tondus ? Oh mon Dieu mais quelle horreur ! Mais pourquoi vous avez fait ça ?!',	0,	0,	129,	38,	NULL),
(322,	'Attention, attention… il va y arriver un moment où il y a des granges qui vont se mettre à flamber, faudra pas demander d\'où ça vient !',	0,	0,	74,	39,	NULL),
(323,	'Je vais rentrer mes vaches, là, elles sont accessibles ou faut que je fasse monter un échafaudage ?',	0,	0,	91,	39,	NULL),
(324,	'Ce que je dis, tout le monde s\'en tamponne ! Je gueule, je gueule, j\'pourrais gueuler dans le cul d\'un poney ce serait pareil !',	0,	0,	186,	39,	NULL),
(325,	'(À Roparzh) Non mais vous allez faire chier le monde pendant combien de temps vous encore avec vos vaches pourries là, hein ?! Vous voyez pas que vous êtes pas fait pour l\'agriculture ?! Hein, vous avez qu\'à vous recycler dans la mendicité ! En plus, vous avez… Vous avez déjà la tenue !',	0,	0,	187,	39,	NULL),
(326,	'Je lui rembourse mes genoux, et si il a filé la vérole à mes bêtes, chuis chuis un marteau moi ! Je crame tout moi ! Ma ferme, la sienne, celles des autres, le château, j\'vais flamber la moitié de la Bretagne.',	0,	0,	187,	39,	NULL),
(327,	'Ces bourgeois, ils savent plus quoi inventer ! A force de lire et d\'écrire, ils deviennent tous plus cons les uns qu\'les autres.',	0,	0,	188,	39,	NULL),
(328,	'(À Roparzh) Excusez ! Y a moyen de vous entretenir deux secondes ? [Roparzh : Oui, c\'est au sujet de quoi-t\'est-ce ?] C\'est au sujet que ce matin je suis passé par hasard devant vos enclos, et j\'ai vu que vous aviez une jolie p\'tite poule blanche ! [Roparzh : Oui, tout à fait !] Une jolie petite poule \'voyez, le bel animal […] C\'est au sujet qu\'en fait c\'est la mienne, et que vous allez prendre un pain dans la tête, mais quelque chose de violent ! ',	0,	0,	189,	39,	NULL),
(329,	'(À Roparzh) Vous avez tué ma poule ?! Non mais est-ce que vous êtes pas un peu marteau, vous ? Parce que moi ça y est, j\'ai les nerfs qui commencent à vriller ! Je vous montre : moi je bondis comme ça, et je vous arrive dessus en piqué diagonal. Et là c\'est l\'hymne à la cruauté, hein, un autel dressé au culte de la barbarie !',	0,	0,	189,	39,	NULL),
(330,	'(À Roparzh) Messieurs dames, dans quelques instants le grand spectacle de la souffrance. Si vous pouvez tâcher moyen de vous éloigner de 25 pieds, bons pieds, hein parce que ça va gicler un peu. !',	0,	0,	189,	39,	NULL),
(331,	'Ca fait deux cent ans qu\'il y a que les paysans qui payent les taxes, alors je vois pas pourquoi aujourd\'hui ça change, comme ça d\'un seul coup et ça me tombe dessus comme une merde sur une planche !',	0,	0,	190,	40,	NULL),
(332,	'2500 pièces d\'or ???! Eh... eh... C\'est une blague? 2500 pièces d\'or, mais où voulez vous que je trouve 2500 pièces d\'or, dans le cul d\'une vache ?!',	0,	0,	190,	40,	NULL),
(333,	'Excusez moi Sire, c\'est sur le coup du...[dit à plusieurs reprises]',	0,	0,	190,	40,	NULL),
(334,	'Et le seigneur Lothar, il paye pas, lui, je sais il me l\'a dit ...[Léodagan : non il paye pas, parce qu\'il participe au combat]... Mais vous vous foutez de moi?! Il a au moins 95 ans, il a une jambe raide, il est tellement bigleux qu\'il trouverait même pas sa bite pour pisser !',	0,	0,	190,	40,	NULL),
(335,	'Attendez, ça fait combien de dizaines d\'années que je leur laisse cultiver mes terres, à ces connards ? En plus de ça ils sont même pas polis, ils sont cons... Comme des tables ! Ils font un pain dégueulasse - on s\'pète les dents dessus - non, là, j\'ai besoin d\'un peu de pognon, alors j\'aime autant vous dire qu\'ils vont passer à la caisse, les pécores !',	0,	0,	190,	40,	NULL),
(336,	'Pour savoir s\'il va y avoir du vent, il faut mettre son doigt dans le cul du coq.',	0,	0,	191,	41,	NULL),
(337,	'Ou mettre du beurre dans le fond du plat pour pas que le gratin colle.',	0,	0,	191,	41,	NULL),
(338,	'Y\'a des méchants ?',	0,	0,	191,	41,	NULL),
(339,	'J\'te présente vos hommages au roi Arthur.',	0,	0,	191,	41,	NULL),
(340,	'J\'ai le droit d\'être 4 jours pas chez moi, et après chez moi. Mais y a du voyage qui se prépare, et pour soigner les bêtes, y a pas que ma tante, y a moi aussi.',	0,	0,	191,	41,	NULL),
(341,	'Pourquoi je peux pas avoir un chien moi ? […] Mais c\'est juste pour mettre des coups de pied dedans ! […] Moi j\'en ai marre de toujours donner des coups de pied aux poules !',	0,	0,	192,	41,	NULL),
(342,	'À Kadoc ! À Kadoc !',	0,	0,	193,	41,	NULL),
(343,	'Tatan, elle fait des flans.',	0,	0,	193,	41,	NULL),
(344,	'Les pattes de canaaaaaaaaaaaaaaaaaaaaaaaaaaaaard !',	0,	0,	193,	41,	NULL),
(345,	'Elle est où la poulette ?',	0,	0,	193,	41,	NULL),
(346,	'Mooordu! Mooordu! Mordu mordu mordu mordu la ligne !!!!',	0,	0,	193,	41,	NULL),
(347,	'Karadoc il s\'occupe, mais c\'est pas ma Tatan !',	0,	0,	193,	41,	NULL),
(348,	'(à propos du père Blaise) Il ressemble à Tatan !',	0,	0,	193,	41,	NULL),
(349,	'Le caca des pigeons c\'est caca, faut pas manger.',	0,	0,	194,	41,	NULL),
(350,	'(Sur l\'air de Promenons-nous dans les bois)\r\nPas du tout, les lapins, les lapins, c\'est gentil !\r\nLe poissooon ! Le petit poissooon !',	0,	0,	194,	41,	NULL),
(351,	'Des fois on n\'a pas le choix faut sacrifier des jeunes, c\'est le grand qu\'a dit.',	0,	0,	195,	41,	NULL),
(352,	'Dans trois jours, ma tata elle m\'emmène à la mer pour me noyer.',	0,	0,	196,	41,	NULL),
(353,	'(Sur l\'air de Promenons-nous dans les bois)\r\nY\' vont faire des beignets !',	0,	0,	53,	41,	NULL),
(354,	'Quand y\'a plus de roi, c\'est caca.',	0,	0,	53,	41,	NULL),
(355,	'Ça suffit ! Elle est où la poulette ? Elle est bien cachée ?',	0,	0,	197,	41,	NULL),
(356,	'Vous rendez la poulette sinon c\'est plus vous qui donnez à manger aux lapins !',	0,	0,	197,	41,	NULL),
(357,	'Ça suffit !!! Ça suffit !!! Ça suffiiiiiiiit !!!',	0,	0,	197,	41,	NULL),
(358,	'Vous rendez la poulette ou c\'est tout nus dans les orties !',	0,	0,	197,	41,	NULL),
(359,	'Le caca des canards c\'est caca.',	0,	0,	197,	41,	NULL),
(360,	'Il est où Kadoc ? Il est bien caché ?',	0,	0,	198,	41,	NULL),
(361,	'Camouflage caca...',	0,	0,	198,	41,	NULL),
(362,	'Il faut pas respirer la compote, ça fait tousser.',	0,	0,	49,	41,	NULL),
(363,	'Caca.',	0,	0,	49,	41,	NULL),
(364,	'Ça suffit, vous rendez la poulette, sinon papi va se mettre en colère.',	0,	0,	199,	41,	NULL),
(365,	'Si Kadoc il surveille bien, il aura des p\'tits cubes de fromage.',	0,	0,	19,	41,	NULL),
(366,	'Y sont où les quignons à Kadoc ? Y sont dans la poche? Y sont bien cachés ?',	0,	0,	8,	41,	NULL),
(367,	'On construit un barrage, après on lance de la caillasse de l\'autre côté de la rivière pour faire croire aux autres qu\'on a traversé dans l\'autre sens. Une fois qu\'ils sont au milieu, on casse le barrage et on les noie. Ouais... le seul problème c\'est que quand on a passé quatre semaines à construire un barrage, ça fait un peu mal au cul d\'le détruire...',	0,	0,	200,	42,	NULL),
(368,	'Mais y a rien à développer ! C\'est de la merde, c\'est de la merde, c\'est tout ! Moi, on me sert ça dans une auberge, le tavernier, il s\'prend une quiche dans sa tête !',	0,	0,	201,	42,	NULL),
(369,	'Ce pain-là, il est cuit trop vite dans un four trop chaud , la montée n\'a pas le temps de se faire et il y a trop d\'air dans la mie. […] C\'est de la merde.',	0,	0,	201,	42,	NULL),
(370,	'L\'agneau était daubé du cul !',	0,	0,	202,	42,	NULL),
(371,	'Eh oui mémé, t\'es bien mouchée!',	0,	0,	203,	42,	NULL),
(372,	'Par exemple, vous prenez aujourd\'hui. Vous comptez sept jours. Ça vous emmène dans une semaine. Et bien on sera exactement le même jour qu\'aujourd\'hui… À une vache près, hein… C\'est pas une science exacte.',	0,	0,	204,	42,	NULL),
(373,	'Des p\'tits croutons tout vieux genre pour les lapins ? Ouais j\'savais pas c\'que c\'était, dans le doute j\'les ai bouffés.',	0,	0,	204,	42,	NULL),
(374,	'[La politique de l\'autruche, c\'est] Une politique qui court vite, une politique qui fait des gros œufs, c\'est tout.',	0,	0,	205,	42,	NULL),
(375,	'Les chicots, c\'est sacré ! Parce que si j\'les lave pas maintenant, dans dix ans, c\'est tout à la soupe. Et l\'mec qui me fera manger de la soupe il est pas né !',	0,	0,	55,	42,	NULL),
(376,	'Si ça peut m\'éviter de chlinguer du cul, je peux bien me tremper une ou deux fois par an.',	0,	0,	55,	42,	NULL),
(377,	'Qu\'est-ce que c\'est que ce style de bouffer des petits machins tout secs et trois gallons de flotte par jour ? […] Si la jeunesse se met à croire à ces conneries, on se dirige tout droit vers une génération de dépressifs ! Le gras, c\'est la vie.',	0,	0,	206,	42,	NULL),
(378,	'Sire ! Enfin vous arrivez pour me sauver. […] De l\'hypolipémie ! J\'ai plus de gras dans le sang. Je vais me mettre à peler et à perdre mes cheveux…',	0,	0,	207,	42,	NULL),
(379,	'Ça y est… je vois trouble. C\'est le manque de gras, je me dessèche.',	0,	0,	207,	42,	NULL),
(380,	'Vous nous utilisez bon gré malgré pour arriver sur la fin.',	0,	0,	208,	42,	NULL),
(381,	'Le Graal par ci, le Graal par là. Le Graal par ci, le Graal par là. Le Graal par ci, le Graal par là. Le Graal par ci, le Graal par là...',	0,	0,	208,	42,	NULL),
(382,	'Mon frère, il peut pas aller à l\'école. Quand on lui explique un machin technique, il s\'évanouit.',	0,	0,	191,	42,	NULL),
(383,	'C\'est normal, c\'est en se cassant la gueule qu\'on apprend à marcher. Combien de fois j\'ai failli m\'étouffer avec un os de lapin. Il faut jamais se laisser abattre par un échec, c\'est ça le secret.',	0,	0,	209,	42,	NULL),
(384,	'Oh le con! Mais il est pas fini d\'affiner! ',	0,	0,	210,	42,	NULL),
(385,	'La neige qui poudroie dans la solitude de notre enfance. Qu\'est ce que vous dites de ça ? ',	0,	0,	209,	42,	NULL),
(386,	'On tombe sur le fric, comme ça, du premier coup ! On s\'est même pas fait un cor au pied !',	0,	0,	211,	42,	NULL),
(387,	'Cette histoire de Graal, ça a assez traîné ! […] Si c\'est pas moi qui prend les choses en main, on y est encore dans cent piges… […] Préparez la fiesta, j\'suis un héros !',	0,	0,	212,	42,	NULL),
(388,	'Parce que d\'un point de vue santé publique, il vaut mieux bouffer ça une fois par mois que de la merde tous les jours. Je vais vous dire, à ce niveau là, c\'est plus de la gastronomie, c\'est de l\'érotisme.',	0,	0,	213,	42,	NULL),
(389,	'La joie de vivre et le jambon, y\'a pas trente-six recettes du bonheur !',	0,	0,	214,	42,	NULL),
(390,	'Parce que mon couteau pour le pâté, euuh, y\'a rien à faire, jm\'en tape.',	0,	0,	215,	42,	NULL),
(391,	'Lorsqu\'on le tient par la partie sporadique, ou boulière, le fenouil est un objet redondant.',	0,	0,	216,	42,	NULL),
(392,	'Tout à l\'heure, on a vu que le chapelet de saucisses n\'était pas un objet redondant. Et pourtant, on a pu lui trouver une utilisation périmétrique en s\'en servant comme un fouet.',	0,	0,	216,	42,	NULL),
(393,	'Là, y\'a les méduses, les insectes. Là, y\'a les glandus, les grouillots. Là, y\'a les mecs normaux. Là, y\'a les chevaliers. Là, y\'a les rois et les princes. Et après, bien au-dessus, y\'a le Roi Arthur. Vous, vous aurez eu deux bonhommes dans votre vie, eh ben vous pourrez dire que vous avez tapé dans l\'exception.',	0,	0,	217,	42,	NULL),
(394,	'Allez, faites-vous belle, que j\'me pointe avec la came présentable.',	0,	0,	218,	42,	NULL),
(395,	'Ma femme… mon ex-femme… C\'était peut être un peu moins prestige parce qu\'elle est pas reine… mais au moins, elle habitait pas à six heures de marche avec un autre mec.',	0,	0,	219,	42,	NULL),
(396,	'C\'est pas que c\'est difficile de la récupérer... C\'est que c\'est sa mère difficile de la récupérer, la race de sa grand-mère !',	0,	0,	137,	42,	NULL),
(397,	'Du passé faisons table en marbre.',	0,	0,	220,	42,	NULL),
(398,	'Vous dites pas : «Qu\'est ce qu\'il fait chaud…», vous dites : «La chaleur est un plat qui se mange froid.»',	0,	0,	220,	42,	NULL),
(399,	'Les chiffres, c\'est pas une science exacte figurez-vous!',	0,	0,	221,	42,	NULL),
(400,	'Quand je pense à la chance que vous avez de faire partie d\'un clan dirigé par des cerveaux du combat psychologique, qui se saignent...aux quatre parfums du matin au soir ! !',	0,	0,	222,	42,	NULL),
(401,	'[Perceval: Si vous foutez tout en l\'air, on vous envoie notre assassin, ça va pas traîner.]\r\nOuais. Ou alors le mec qu\'on dirait qu\'il marche normalement mais en fait il marche alternativement à cloche-pied sur chaque pied.',	0,	0,	223,	42,	NULL),
(402,	'N\'ayez crainte, Sire, je protégerai la reine de la férocité des bêtes de la nuit !',	0,	0,	224,	43,	NULL),
(403,	'(À Guéthenoc) Si votre but c\'était de séduire les dames fallait faire chevalier, c\'est tout !',	0,	0,	225,	43,	NULL),
(404,	'(À Guenièvre qui n\'est pas ravie de devoir porter une ceinture de chasteté) Nan mais si vous voulez, je passerai vous voir discrètement le soir et je vous la débouclerai... Comme ça vous passerez une bonne nuit...',	0,	0,	177,	43,	NULL),
(405,	'(À Gallessin qui se moque du soin qu\'il apporte à son physique) Apollon il va se lever et vous le mettre dans le pif son casque !!',	0,	0,	226,	43,	NULL),
(406,	'Bah ça va, je picole pas souvent !',	0,	0,	99,	43,	NULL),
(407,	'(À Arthur) Non mais je sais pas comment c\'est arrivé sur le tapis… On parlait d\'esclavage, je crois. Les autres disaient que vous l\'aboliriez sans doute dans l\'avenir , moi j\'ai dit que c\'est parce que vous aviez pas le courage de l\'faire maintenant , il y en a un qui m\'a dit qu\'il fallait pas que je me prenne pour le roi et voilà ! (un peu gêné) Alors j\'ai dit… \'Le roi je l\'emmerde\'… Mais c\'était dit sans méchanceté.',	0,	0,	227,	43,	NULL),
(408,	'(À Arthur) Alors faites des efforts pour arrêter de vous comporter comme un connard ! Moi j\'en ai plein le cul de seconder un merdeux de dix ans même pas foutu de trouver un Graal ou de faire un gamin à sa femme ! Oui alors voilà, je me suis assis sur votre trône parce que je fais la moitié de votre boulot… Et je vous emmerde !',	0,	0,	227,	43,	NULL),
(409,	'Les villageois, je les emmerde !',	0,	0,	228,	43,	NULL),
(410,	'Un village assailli de brigands, une femme qui se fait tabasser, une poule qui boîte, c\'est pas les opprimés qui manquent ! Et là au moins, j\'aurais l\'impression de servir à quelque chose.',	0,	0,	228,	43,	NULL),
(411,	'Ils ont rien ramené parce que c\'est des débiles. Arrêtez d\'envoyer Perceval et Karadoc en mission, c\'est ridicule !',	0,	0,	229,	43,	NULL),
(412,	'Vous savez que j\'occupe à mi-temps ma place à la Table Ronde, et que l\'autre moitié de mon temps je reprends ma place de chevalier errant... Eh bien tout ça, c\'est fini. [ARTHUR : C\'est-à-dire, vous revenez définitivement ?] Non, je \'pars\' définitivement.',	0,	0,	230,	43,	NULL),
(413,	'Qu\'est-ce que vous voulez que je développe ? Vous n\'êtes pas de taille à mener la quête du Graal, vous n\'avez pas les épaules. De plus comme vous êtes incapable de vous séparer de la bande de pantins ridicules qui vous sert de gouvernement, vous passez pour un faible et un laxiste aux yeux du peuple et des pays voisins, et puis je parle pas des dieux évidemment, ceux-là, s\'ils pouvaient parler... […] Et même tout nu et sur un pied, j\'irai toujours cent fois plus loin que vous et votre risible compagnie de crétins !',	0,	0,	230,	43,	NULL),
(414,	'Vous allez me lâcher les noyaux, oui ? Y\'a pas assez à faire dans ce camp sans venir me les péter toutes les deux minutes ?! Faut forcément que je vous colle un ordre à chaque fois qu\'il s\'agit de ratisser un tas de feuilles ?! Mettez moi de l\'ordre dans ce campement nom d\'un chien ! Vous êtes pas à Kaamelott ici ! Je veux pas voir traîner un quignon d\'pain c\'est compris ?! Revue de détail dans un quart d\'heure, allez zou !',	0,	0,	231,	43,	NULL),
(415,	'Pour tout vous dire, je crois pas que ce soit bon pour mon autorité que mes soldats apprennent que je suis \'une grosse pucelle\' !',	0,	0,	183,	43,	NULL),
(416,	'Non, je suis désolé, c\'est pas possible , on se lève pas à midi dans un camp militaire ! Demain matin, celui qui est pas debout à l\'aube, je le pends à un arbre, c\'est clair ?',	0,	0,	232,	43,	NULL),
(417,	'Je préfère vous tuer de mes mains plutôt que de vous perdre.',	0,	0,	233,	43,	NULL),
(418,	'Arthur : De toute façon faudra bien vous y faire parce qu\'à partir de maintenant, on va s\'appeler Les Chevaliers de la Table Ronde !\r\nEncore une chance qu\'on se soit pas fait construire un buffet à vaisselle, hein !',	0,	0,	234,	44,	NULL),
(419,	'(À Bohort) Vous parlez comme les bouquins. Bon, moi, c\'est l\'idée que j\'m\'en fais, j\'peux pas blairer d\'lire.',	0,	0,	235,	44,	NULL),
(420,	'[Dame Séli : J\'ai envie de faire des tartes, voilà. Vous allez pas m\'obliger à me justifier !] Ah bah non, du moment que vous nous obligez pas à les manger !',	0,	0,	236,	44,	NULL),
(421,	'C\'est dingue, cette histoire ! C\'est pas parce que vous faites des tartes pour des petits-enfants qui existent pas que je dois les emmener à la pêche, si ?!',	0,	0,	236,	44,	NULL),
(422,	'Sans vouloir la ramener, la seule différence concrète avec des briques, c\'est que vous appelez ça des tartes !',	0,	0,	236,	44,	NULL),
(423,	'Ah bah c\'est sûr qu\'c\'est pas Jo l\'Rigolo.',	0,	0,	237,	44,	NULL),
(424,	'Non, mais attendez, vous faites semblant de négocier, tranquille. Pendant ce temps, moi je fais celui qui va pisser, là bas, et quand j\'arrive à sa hauteur, tac, je sors ma dague et je l\'ouvre en deux par le bas.',	0,	0,	237,	44,	NULL),
(425,	'J\'pense pas que deux trous-du-cul soient plus efficaces qu\'un seul !',	0,	0,	172,	44,	NULL),
(426,	'Vous allez pas être embêté avec une maîtresse qu\'a plus d\'mains ?',	0,	0,	238,	44,	NULL),
(427,	'(À Bohort)Vous êtes marié, comme moi , vous savez que la monstruosité peut prendre des formes très diverses.',	0,	0,	235,	44,	NULL),
(428,	'Qu\'est-ce que vous voulez, mon p\'tit Bohort : entre son épée qui fait de la lumière, son Merlin qui fait pleuvoir des grenouilles et sa Dame du Lac qui se prend pour une truite, il lui manque plus qu\'un numéro de trapèze, au roi des Bretons.',	0,	0,	235,	44,	NULL),
(429,	'(À propos d\'Yvain)\r\nIl dit tellement rien qu\'on dinerait avec un tabouret ce serait pareil.',	0,	0,	239,	44,	NULL),
(430,	'(À table, en famille)\r\nCalogrenant, c\'est le roi des cons.',	0,	0,	239,	44,	NULL),
(431,	'(À Arthur)Dites tout de suite que j\'ai des idées de tocard !',	0,	0,	240,	44,	NULL),
(432,	'(À Bohort)Faut toujours que vous veniez foutre votre merde, vous…',	0,	0,	240,	44,	NULL),
(433,	'(À Arthur)C\'est vrai que c\'est curieux cette manie de pas vouloir torturer , ça vient de quoi, ça ?',	0,	0,	139,	44,	NULL),
(434,	'(À Goustan le Cruel, parlant d\'Arthur)Tenez ! c\'est le mot que je cherchais… il gouverne comme une femme !',	0,	0,	42,	44,	NULL),
(435,	'Ma parole, des engins comme vous, ça devrait être fourni avec une notice !',	0,	0,	241,	44,	NULL),
(436,	'(À Bohort)C\'est quand même formidable ce pays, faut galoper à coté de la route pour pas se casser la gueule.',	0,	0,	87,	44,	NULL),
(437,	'(À Bohort)Le minotaure... Le minotaure c\'est jamais qu\'une grosse vachette montée sur deux pieds, hein! C\'est pas ça qui va m\'empêcher d\'dormir !',	0,	0,	242,	44,	NULL),
(438,	' C\'est quand même magnifique une armée bien coordonnée, hein...ben quoi, vous allez pas m\'dire qu\'on a pas l\'air con avec nos drapeaux, ça fait une heure qu\'on fait des signes y\'en a pas un qui va dans le même sens !',	0,	0,	72,	44,	NULL),
(439,	'Mais qu\'est-ce que vous venez me gonfler avec votre père Blaise !',	0,	0,	90,	44,	NULL),
(440,	'J\' dis déjà pas merci dans ma langue, alors je vais pas l\'apprendre en picte.',	0,	0,	243,	44,	NULL),
(441,	'Personnellement, la condition paysanne, j\'me la taille en biseau, voyez.',	0,	0,	244,	44,	NULL),
(442,	'J\'ai toujours eu du bol avec l\'aléatoire, moi',	0,	0,	245,	44,	NULL),
(443,	'C\'est pas parce qu\'un vieux moisi vient nous baver dans les étagères que ça vaut forcément que\'que chose.',	0,	0,	246,	44,	NULL),
(444,	'Remarquez… Bohort, éclaireur… rien que pour la curiosité…',	0,	0,	246,	44,	NULL),
(445,	'Ooooooooh, non mais faire du labyrinthe avec un trou-de-balle pareil, faut drôlement de la vaillance, hein !',	0,	0,	247,	44,	NULL),
(446,	'(Hurlant) QUAND J\'PENSE QU\'J\'AI R\'FILE MA FILLE A UN ROMAIN ! J\'SUIS À DEUX DOIGTS D\'CRÂMER L\'CHÂTEAU !!',	0,	0,	248,	44,	NULL),
(447,	'Avec un pif pareil ils feraient mieux de chercher des truffes plutôt que de nous emmerder !',	0,	0,	249,	44,	NULL),
(448,	'Vous savez c\'que c\'est, mon problème ? Trop gentil.',	0,	0,	250,	44,	NULL),
(449,	'En tout cas, on a cramé leur tueur, s\'ils veulent le récupérer, il est facile à transporter.',	0,	0,	250,	44,	NULL),
(450,	'Ben c\'est pas pour prendre la défense de la petite mais c\'est vrai qu\'il tabasse le rouquin aujourd\'hui.',	0,	0,	99,	44,	NULL),
(451,	'(au père Blaise)Vous mériteriez que je vous foute à la lourde avec les chiens au calcif !',	0,	0,	53,	44,	NULL),
(452,	'Moi une fois, j\'étais tellement bourré que j\'avais l\'impression de me faire attaquer de tous côtés, j\'me défendais, j\'me défendais... En fait, j\'étais dans un pâturage, j\'ai tué 76 chèvres !',	0,	0,	251,	44,	NULL),
(453,	'(à Arthur) Hé ouais ! C\'est pas les idées qui vous manquent, c\'est la conviction de devoir les réaliser !',	0,	0,	15,	44,	NULL),
(454,	'Bon par exemple moi j\'adore les fraises, bon bah si j\'bouffe 3 bassines de fraises en 1 heure ah bah j\'choppe la chiasse hein, j\'suis comme tout l\'monde hein...',	0,	0,	252,	44,	NULL),
(455,	'Moi, j\'ai appris à lire, et ben je souhaite ça à personne !',	0,	0,	253,	44,	NULL),
(456,	'(À Séli, à propos de Merlin)Quoi, j\'y vais ? Je l\'avoine ?',	0,	0,	163,	44,	NULL),
(457,	'Eh bah mon vieux... Pour ça comme pour le reste, on n\'est pas à la hauteur de la légende.',	0,	0,	10,	44,	NULL),
(458,	'(À la Dame du Lac, que tout le monde peut voir, sauf Arthur) Nooon, mais c\'est bon, ne me prenez pas pour une bille, non plus ! Vous êtes la Dame du Lac.',	0,	0,	254,	44,	NULL),
(459,	'C\'est marrant parce que, d\'habitude, dans les tartes, moi, je mange les fruits puis je laisse la pâte. \r\n(Arthur : Et là, vous faites l\'inverse ?)\r\nHein ? Ah non, là, je laisse tout.',	0,	0,	255,	44,	NULL),
(460,	'Ben moi en général, je lui réponds \'merde\'. En principe ça colle avec tout.',	0,	0,	256,	44,	NULL),
(461,	'Oh, la fierté… Si j\'avais dû être à cheval là-dessus, je vous aurais pas épousée, déjà.',	0,	0,	257,	44,	NULL),
(462,	'Moi, j\'étais sur qu\'ils reviendraient crevés , ils sont vivants, un succès. Mieux, une surprise.',	0,	0,	258,	44,	NULL),
(463,	'On a les mains prises ducon !!!',	0,	0,	259,	44,	NULL),
(464,	'Heu... à propos de devenir marteau, vous savez que chez moi ça peut aller assez loin ?\r\nParce que bon, mettons là heu... on s\'pose, on analyse le truc. Le crin-crin ça fait des heures que ça dure et en plus, vous vous y mettez à plusieurs.Et ben moi le machin, une fois que j\'en ai fait des copeaux, et ben je peux très bien mettre le feu au plumard ! Même au mobilier, ça m\'fait pas peur !',	0,	0,	260,	44,	NULL),
(465,	'(À Dame Séli)En somme, il faudrait déclarer la guerre à Lancelot pour récupérer la Reine et donner un héritier au trône, en tablant sur l\'éventualité que la Reine est enceinte et pas d\'une fille? [Dame Séli : En somme] Et c\'est moi le paramètre hasardeux ?',	0,	0,	183,	44,	NULL),
(466,	'(À Élias de Kelliwic\'h)Eh ben, vous avez une de ces tronches, vous ! [Élias : Quoi ? Quelle tête ?] J\'en sais rien mais plus que d\'habitude, hein ! Vous avez toujours une mine de chiotte mais là... j\'sais pas si c\'est la lumière du feu ou quoi mais on dirait que vous êtes mort.',	0,	0,	261,	44,	NULL),
(467,	'Je vous le dis, cette histoire ça pue !',	0,	0,	262,	44,	NULL),
(468,	'Ce qu\'il y a de bien avec les opinions tranchées, c\'est qu\'ça relance le débat. En somme vous êtes une sorte de provocateur, quoi.',	0,	0,	263,	44,	NULL),
(469,	'Prenons un symbole connu : le Graal. Tout le monde sait bien que c\'est beaucoup plus qu\'un vase, hein ? Y\'a toute une signification autour. Mais regardez ça par exemple : c\'est une couronne. Alors d\'un point de vue purement concret, ça veut juste dire que je suis Roi. mais d\'un point de vue symbolique c\'est beaucoup plus intéressant... Par exemple, cette couronne nous informe symboliquement que tous les mous du slibard qui avaient l\'habitude de se les rouler sous l\'ancien régime vont devoir se mettre un coup de fouet s\'ils veulent pas que je leur mette moi-même. Cette couronne symbolise la fin des haricots et la décarrade des tire-au-flanc, et surtout l\'avènement de l\'ordre et de la discipline. En d\'autres termes, la rigolade, c\'est terminé.',	0,	0,	264,	44,	NULL),
(470,	'Et qu\'est-ce que vous voulez que j\'y fasse à la paperasse, moi ? Vous me prenez pour un serre-livre ?',	0,	0,	265,	44,	NULL),
(471,	'Parce qu\'au bout d\'un moment, il va falloir envisager la possibilité de me lâcher la collerette ! ',	0,	0,	265,	44,	NULL),
(472,	'Non, mais je crois que mes ambitions se résument clairement: la férocité avant tout.',	0,	0,	265,	44,	NULL),
(473,	'(À Séli)Vous voulez que j\'aille lui mettre une avoine ? ',	0,	0,	265,	44,	NULL),
(474,	'Dites, vous savez qu\'à solliciter trop souvent la patience des gens, on finit par agacer ? ',	0,	0,	265,	44,	NULL),
(475,	'(À Loth)Alors, si vous êtes plus à l\'aise avec les notions concrètes, je peux vous proposer mon pied dans les noix...',	0,	0,	65,	44,	NULL),
(476,	'(En parlant d\'Yvain et Gauvain)Ils ont la notion de rien. Même la notion de la menace que représente mon pied au cul ils l\'ont pas. C\'est désespérant.',	0,	0,	266,	44,	NULL),
(477,	'(À Séli)Les coups de génies, j\'ai pas besoin qu\'on me les souffle.',	0,	0,	6,	44,	NULL),
(478,	'(À Séli)Oui vous avez raison, soyez pas trop d\'mon côté. On aurait l\'air un peu couple à la con à être tout l\'temps d\'accord !',	0,	0,	7,	44,	NULL),
(479,	'(À Loth)Je veux bien passer sur vos tentatives de putsch, vos combines véreuses... En revanche, si vous ne la fermez pas tout de suite, mais, définitivement, je vous aplatis les boules avec ça.',	0,	0,	267,	44,	NULL),
(480,	'(Aux rois de Logres)Moi je vous le dis, si on monte pas dans le char quand il nous passe sous le nez, on finira la route à pied.',	0,	0,	6,	44,	NULL),
(481,	'Eh les gars, vous savez ce qu\'on bouffe ce soir ? DU ROMAIN !',	0,	0,	16,	44,	NULL),
(482,	'Ave Cesar, rosae rosam, et spiritus rex ! Ah non, parce que là, j\'en ai marre !',	0,	0,	253,	45,	NULL),
(483,	'Tempora mori, tempora mundis recorda. Voilà. Eh bien ça, par exemple, ça veut absolument rien dire, mais l\'effet reste le même, et pourtant j\'ai jamais foutu les pieds dans une salle de classe attention !',	0,	0,	253,	45,	NULL),
(484,	'Les mômes maintenant, ils lisent, ils lisent, ils lisent et résultat...ils sont encore puceaux à 10 ans...',	0,	0,	253,	45,	NULL),
(485,	'Je ne reviendrai plus jamais, cette fois je le dis, je le fais, je reste chez moi. Merde. Ça suffit. ',	0,	0,	253,	45,	NULL),
(486,	'Vous êtes chevalier, je suis roi… Je vous demande de venir, vous venez et puis c\'est tout !… Je vais pas non plus aller brûler un cierge sous prétexte que vous avez fait un tour de cheval !',	0,	0,	268,	45,	NULL),
(487,	'Pour faire court, vous êtes ici chez les salopards. C\'est admis. On n\'a pas des idées bien jojos, et on n\'a pas peur de le dire ! On fomente, on renégate, on laisse libre cours à notre fantaisie.',	0,	0,	268,	45,	NULL),
(488,	'Voilà… Moi de mon coté j\'avais parié que vous étiez encore trop branquignole pour savoir c\'qui était à vous… Je vois que j\'ai encore tapé juste !',	0,	0,	268,	45,	NULL),
(489,	'Oh Là ! Attendez. Nous ici, on est en train de parler à quelqu\'un d\'intelligent. Si vous en êtes encore à respecter vos serments, on va couper court, on est tous très occupés.',	0,	0,	268,	45,	NULL),
(490,	'[À Lancelot]  Ah ! À ce propos, je dois vous avouer que j\'ai longtemps réflechi à savoir comment vous deviez m\'appeler. [...] Éh oui ! Parce que vous êtes pas, à proprement parler, un de mes sujets. Vous êtes pas sous mes ordres non plus. \'Sire\' c\'est quand même un peu ampoulé. Alors j\'ai pensé à beaucoup de choses. \'Loth\', \'Seigneur\', \'Monsieur\'... Je me suis même demandé si vous deviez pas m\'appeler \'vieille branche\', \'mon p\'tit pote\' ou \'canaillou\'.',	0,	0,	39,	45,	NULL),
(491,	'[À Lancelot] Alors là, pareil. J\'vais dire une banalité : Ne jamais négliger les bienfaits du couple dans la fonction militaire , surtout quand on est à poste de décisions. Moi, j\'ai toujours mené mes troupes de façon laborieuse et pénible, pourquoi ? Avant tout -faut pas s\'le cacher- parce que ma femme est une grosse salope.',	0,	0,	39,	45,	NULL),
(492,	'Moi, quand ma garce de femme est là, ça déménage pas mal aussi… Hier, elle m\'a fendu le tibia avec une amphore, la salope !',	0,	0,	233,	45,	NULL),
(493,	'Victoriae mundis et mundis lacrima. Bon, ça ne veut absolument rien dire, mais je trouve que c\'est assez dans le ton. ',	0,	0,	269,	45,	NULL),
(494,	'Quand on veut être sûr de son coup, Seigneur Dagonet… on plante des navets. On ne pratique pas le putsch.',	0,	0,	270,	45,	NULL),
(495,	'(À Venec) C\'est un style que vous vous donnez d\'être à moitié cul nu ? [...] Remarquez ça change. Et puis ça désacralise le guet-apens.',	0,	0,	270,	45,	NULL),
(496,	'Vous, vous êtes un peigne-cul en toutes circonstances. N\'importe qui vous pousserait à n\'importe quoi pourvu qu\'il parle un peu fort',	0,	0,	184,	45,	NULL),
(497,	'Non, c\'est moi qui y suis pour quelque chose. Le coup d\'État, c\'est moi ! Le clan séparatiste, c\'est moi ! Et d\'une manière générale j\'ai un lien plus ou moins direct avec tout ce qui se manigance de vicelard en Bretagne depuis ces trente dernières années, ça tout le monde le sait. Ce qu\'on sait moins en revanche, c\'est la raison qui me pousse à faire tout ça... [Arthur : Oui je vous écoute, qu\'est ce qui vous pousse à faire tout ça?] L\'amour ! Que je porte à ma femme, à votre sœur. [Arthur : Demi sœur!] Personne ne vous déteste plus qu\'elle dans tout le royaume sire. Et moi, pauvre fou d\'amour esclave de ses yeux, je ne cherche qu\'à contenter ses désirs de vengeance. Me commanderait-elle de venir attaquer vos armées seul contre un million, je le ferai sans réfléchir. Alors quand cette salope a su que Lancelot organisait une armée séparatiste, elle m\'a ordonné de m\'associer à lui et de lui filer du pognon. Et moi, pauvre bête dressée, je me suis lâchement exécuté. Misa brevis et spiritus maxima. Ça veut rien dire, mais je suis très en colère contre moi même. ',	0,	0,	184,	45,	NULL),
(498,	'C\'est allé relativement vite, mais il a quand même fallu que je m\'y reprenne à deux fois… J\'l\'avais pourtant étranglé pendant cinq bonnes minutes, le fumier, il était bleu outre-mer avec une jolie langue gonflée comme une escalope de dinde, et pourtant croyez-moi si vous voulez, il respirait encore la vieille carne. Et, je sais pas si c\'est cette respiration paniquée et sifflotante, ou alors si c\'est le fait qu\'il me fixait avec de grands yeux rouges - parce que tous les vaisseaux avaient pété - mais je me suis senti un peu déstabilisé. Alors j\'lui ai bourré la bouche avec un linge trempé dans de l\'huile de lampe et j\'ai foutu le feu. Bah ça répond à votre question du coup : oui, c\'est allé assez vite.',	0,	0,	271,	45,	NULL),
(499,	'Oui mais, quand je reste trop dans ma baraque, je conspire, c\'est un réflexe. Du coup, je prends l\'air, ça vaut mieux pour tout le monde.',	0,	0,	272,	45,	NULL),
(500,	'Ah, mais c\'est pas possible, ça ! J\'ai pas envie, de participer ! À rien ! C\'est pas mon genre, de participer ! Jamais je participerai ! À part à vos obsèques, bande de cons !',	0,	0,	273,	45,	NULL),
(501,	'Mais ils sont tous plus débiles les uns que les autres ces pigeons. Les nôtres quand on les envoie à Kaamelott on se les fait systématiquement ramener par la vielle de la ferme d\'à coté ![...] ça s\'adresse à personne, les pigeons sont cons, point !',	0,	0,	273,	45,	NULL),
(502,	'(A Galessin : \'Le rapport entre quoi et quoi ?\') Entre Excalibur et le fromage gratiné. Réponse: Aucun. C\'est une métaphore moisie tiraillée entre votre stupidité d\'ordre général et votre surprenante inaptitude à utiliser les métaphores...',	0,	0,	40,	45,	NULL),
(503,	'Vous entendez ça ? Il parait que je suis malpoli ! Qu\'est-ce que vous en pensez bande de trous-du-cul ?',	0,	0,	40,	45,	NULL),
(504,	'Moi, après deux heures de retard, j\'ai passé le cap de l\'agacement. Le peu de volonté que j\'avais de me farcir une réunion avec ce débile de Dagonet a définitivement disparu. Je suis une sorte de meuble.',	0,	0,	274,	45,	NULL),
(505,	'[À Galessin] Mais parce que votre existence est merdique mon pauvre ami, vous avez l\'œil qui brille à chaque fois qu\'un oiseau pète, c\'est triste à voir. Ça fait des années que vous menez un train de vie de noix de St-Jacques, alors évidemment, un message qui annonce la visite d\'un imbécile porteur de bonnes nouvelles, c\'est déjà un petit festival pour vous ! J\'suis sûr que vous vous êtes peigné pour l\'occasion !',	0,	0,	274,	45,	NULL),
(506,	'Euh, \'Vous êtes là.\', c\'est-à-dire qu\'il est surpris lui-même, ça lui viendrait pas à l\'idée de raccorder le fait qu\'on est là avec le fait qu\'il nous l\'a demandé.',	0,	0,	274,	45,	NULL),
(507,	'Moi c\'est comme vous sentez, j\'ai eu deux heures à vide, c\'est pas si souvent, je pense que j\'en ai inconsciemment profité pour dresser un petit bilan.',	0,	0,	274,	45,	NULL),
(508,	'J\'ai soudain la sensation limpide d\'avoir gaspillé ma jeunesse... L\'avoir vue s\'échapper de mes mains comme l\'anguille effrayée et m\'appeler à présent sur le lierre du tombeau, où patiente depuis toujours le chant des enfants, les raisins volés…',	0,	0,	274,	45,	NULL),
(509,	'Je vais y aller, de jour, devant tout le monde. Et si je deviens roi de Bretagne, je vous nomme respectivement ministre des armes, et responsable de la protection des frontières. Parce que mon destin, c\'est de m\'entourer de nuls, de vrais nuls… Timeo libri rex agitur, ça veut rien dire, mais c\'est ce que j\'ai trouvé de plus… aigre !',	0,	0,	274,	45,	NULL),
(510,	'(À Arthur) Avant de vous lancer dans les excès de virilité, vous auriez la curiosité de jeter un œil à la table du fond. Je suis venu avec quelqu\'un qui veut vous parler... [Tavernier : Qu\'est ce qu\'on fait la?] Rien, y faut surtout pas s\'en mêler. Comme quand deux chats sauvages se retrouvent sur le même terrain. Y s\'observent et aucun des deux ne baisse le regard sous peine d\'être saigné à blanc. Ce qui couperait court c\'est qu\'il y en ait un plus faible que l\'autre, mais là c\'est pas le cas. C\'est les deux même sales bestioles, inflexibles, indomptables et vivaces. Y tiennent ça de leur mère! [Tavernier : De leur mère? vous voulez dire que c\'est sa sœur ?][Arthur et Anna : Demi sœur!] Ah! ça cause. Le dialogue s\'amorce. Peut être que vous vous ferez pas dévaster votre boui-boui.',	0,	0,	275,	45,	NULL),
(511,	'(À Anna) j\'aime autant vous dire que quand une bande de détrousseurs embusqués nous tombera sur la viande, et qu\'il lui prendra le goût de vous passer dessus en file indienne, je lèverai pas le petit doigt.',	0,	0,	275,	45,	NULL),
(512,	'[À Léodagan] Écoutez, comme ça a priori, ça m\'évoque rien, mais honnêtement c\'est possible. Ce serait assez le genre de la maison, en tout cas ! De l\'autre côté, voyez un peu l\'ironie, si j\'avais pas fomenté une attaque par l\'ouest, vous seriez allés vous écraser contre les Romains à l\'est !\r\nOui, alors, pourquoi ? Pourquoi trahir sans arrêt les gens avec qui je collabore ? Je dirais que c\'est probablement une réponse compulsive à une crainte de m\'attacher. Briser une relation plutôt que la cultiver pour ne pas se retrouver démuni face au bonheur. Oui, pour répondre à votre question : j\'ai peur d\'aimer !',	0,	0,	267,	45,	NULL),
(513,	'[Aux rois de Logres] Bon. Ca c\'est bien gentil mais… À quel moment on trahit ?',	0,	0,	6,	45,	NULL),
(514,	'Ah voilà ! Et c\'est là le danger de la métaphore... si on parle avec des gros tas de bidoches, au bout de cinq minutes personne ne parle de la même chose!',	0,	0,	6,	45,	NULL),
(515,	'Si on cueille pas les cerises tant qu\'elles sont sur l\'arbre, on fera tintin pour le clafoutis. ',	0,	0,	20,	45,	NULL),
(516,	'Moi les premières années avec ma femme, je faisais ces conneries aussi. Une réunion hebdomadaire pour régler les problèmes avant qu\'ils ne s\'enveniment. Résultat aujourd\'hui, quand elle tombe sur moi dans les couloirs de la maison, elle a des remontées gastriques, elle me trouve laid et con, et elle essaie de me tuer trois fois par semaine. Euh depuis les tables rondes, j\'y crois plus beaucoup...',	0,	0,	7,	45,	NULL),
(517,	'(À propos des biscuits de la marraine du roi d\'Armorique) Ils sentent la pisse, aussi.',	0,	0,	7,	45,	NULL),
(518,	'Deus minimi placet : seul les dieux décident.',	0,	0,	7,	45,	NULL),
(519,	'[À Galessin] Soyons futés. [...] Non... mais pas vous ! Vous, vous pouvez rester tsoin-tsoin comme d\'habitude.',	0,	0,	8,	45,	NULL),
(520,	'Votre salope de fille m\'a renversé une pleine soupière de bouillon sur toute la zone génitale, ça m\'a LITTÉRALEMENT cuit les boules ! Vous remarquerez à quel point il m\'est égal de parler de mes noix à ma belle-mère, famille de tarés !',	0,	0,	8,	45,	NULL),
(521,	'Il est roi d\'Orcanie, le sanglier boulimique, chère madame !',	0,	0,	8,	45,	NULL),
(522,	'[Parlant de sa femme, Anna] Bon bah moi... je la suis ! Parce que je suis... très amoureux.',	0,	0,	8,	45,	NULL),
(523,	'\'Mundi placet et spiritus minima\', ça n\'a aucun sens mais on pourrait très bien imaginer une traduction du type : \'Le roseau plie, mais ne cède... qu\'en cas de pépin\' ce qui ne veut rien dire non plus.',	0,	0,	8,	45,	NULL),
(524,	'Bon bon... Moi c\'que j\'en dis, c\'est que, si vous arrivez à contenir vos élans, et à me laisser gérer tout ça à ma sauce, on pourrait bien se retrouver à la tête du Royaume en moins de temps qu\'il n\'en faut pour dire putsch. Ha ha ha ! J\'aime assez ce p\'tit ton décalé euh...',	0,	0,	8,	45,	NULL),
(525,	'HAHA, Sire ! Je vous attends ! À moins que vous préfériez que l\'on dise partout que le roi est une petite pédale qui pisse dans son froc à l\'idée de se battre !',	0,	0,	276,	46,	NULL),
(526,	'Sire ! Mon père est peut-être unijambiste, mais moi, ma femme n\'a pas de moustache ! […] Alors ça vient? p\'tite bite !',	0,	0,	276,	46,	NULL),
(527,	'En garde, espèce de vieille pute dégarnie !',	0,	0,	276,	46,	NULL),
(528,	'JE NE MANGE PAS DE GRAINES !',	0,	0,	206,	46,	NULL),
(529,	'J\'estime que si on avale l\'équivalent de son poids en viande deux fois par jour, il ne faut pas s\'étonner de ne pas pouvoir mettre un pied devant l\'autre sur un champ de bataille.',	0,	0,	206,	46,	NULL),
(530,	'Moi, une fois, j\'étais soûl comme cochon, je me suis fait tatouer \'J\'aime le raisin de table\' sur la miche droite, et ça y est toujours !',	0,	0,	99,	46,	NULL),
(531,	'Non, je veux dire \'malade mental\', c\'est votre maximum, comme insulte ? Non parce qu\'il va falloir passer le cran au-dessus, mon vieux, parce que sinon, on y est encore demain !',	0,	0,	277,	46,	NULL),
(532,	'En garde, ma biquette ! Je vais vous découper le gras du cul, ça vous fera ça de moins à trimbaler !',	0,	0,	278,	46,	NULL),
(533,	'(À Grüdü) Quand on est idiot, on plante des carottes on ne s\'occupe pas de sécurité !',	0,	0,	279,	46,	NULL),
(534,	'(Sur l\'air de \'À la Volette\') Le bon roi Arthur est une p\'tite tapette. Le bon roi Arthur est une p\'tite tapette. Est une p\'tite à la volette, est une p\'tite à la volette, est une p\'tite tapette.',	0,	0,	280,	46,	NULL),
(535,	'Du nerf, mon lapinou !… Vous allez vous faire tailler le zizi en pointe !',	0,	0,	280,	46,	NULL),
(536,	'ALLEZ, EN GARDE GROSSE CONNE ! Non, ça va pas, ça va pas !',	0,	0,	280,	46,	NULL),
(537,	'Non mais c\'est à se coincer les parties dans une porte !',	0,	0,	280,	46,	NULL),
(538,	'Vous savez quoi, Sire ? On va commencer par se faire une saucisse grillée de trois pieds de long, avec un tonnelet de pinard chacun, et derrière, peut être bien qu\'on se paiera des filles. Ah oui ! A un moment, vive la vie !',	0,	0,	280,	46,	NULL),
(539,	'(À Bohort) Mais allez-y bon sang, magnez-vous le fion, espèce de grosse dinde !',	0,	0,	277,	46,	NULL),
(540,	'Seigneur Bohort! Je commence à en avoir ras le bol de votre comportement de péteux alors vous allez me faire le plaisir de me faire une bonne insulte et de vous foutre en rogne une bonne fois pour toutes!',	0,	0,	277,	46,	NULL),
(541,	'Euh, juste une chose... Manquez encore une seule fois de respect au futur roi de Bretagne, et je vous coupe les boules ! Ca vous fera une jolie petite sacoche pour ranger vos dés à coudre.',	0,	0,	20,	46,	NULL),
(542,	'(Manilius : Et ben je suis euh...) Je suis, je suis, je suis une petite tapette, qui parle à tort et à travers, sans que personne ne lui demande son avis, alors elle ferme son bec la poupoule... Et elle laisse parler les grands garçons.',	0,	0,	20,	46,	NULL),
(543,	'Regardez moi la jolie petite paire de fillettes, si c\'est pas fragile!',	0,	0,	7,	46,	NULL),
(544,	'Juste à notre aplomb, une corneille est posée sur une branche. Dans quelques secondes, elle va s\'envoler. (La corneille s\'envole.) Voilà. Nous avons franchi le solstice d\'été. Et pendant que d\'autres célèbrent le jour le plus interminable de l\'année… nous allons secrètement nous réjouir du retour des longues nuits. (Pause) Levez-vous.',	0,	0,	23,	47,	NULL),
(545,	'Mais je pensais que vous auriez trouvé une petite clairière… avec un ruisseau. Les tocards prennent toujours leur retraite près d\'un ruisseau, à cause de la soif. Pourtant une retraite, c\'est une retraite de tout, ne croyez-vous pas ? Moi, quand j\'ai plus rien à faire ici, je me retire… Plus une goutte d\'eau. Plus un rayon de soleil. Je me dessèche, de la tête aux pieds, en un petit cadavre sous un tas de feuilles… Les saisons me survolent sans me soupçonner… Et puis, un jour, la corneille raconte qu\'elle a entendu au loin quelqu\'un qui recommence à pleurer. Guenièvre ! Guenièvre ! Alors là, j\'ouvre un œil, je rampe, mangeant la neige, léchant l\'eau croupie… et mes ennemis tressaillent, car à me voir boire, ils comprennent que je suis de retour. (Pause) Vous m\'faites pas rentrer ? (Ricanement) Magnifique.',	0,	0,	281,	47,	NULL),
(546,	'VIVIANNE : Vous voulez vraiment pas me dire qui vous êtes? \r\nMELEAGANT : Non, mon nom ne vous dira rien... Mais chez vous on m\'appelle... La réponse [...] La réponse à votre pathétique désastre! ',	0,	0,	40,	47,	NULL),
(547,	'LANCELOT : La dame du lac ??!! \r\nMELEAGANT : (Ironique et frappant dans les mains) Héhéhé! On va passer... Une bonne soirée! MAGNIFIQUE!',	0,	0,	282,	47,	NULL),
(548,	'Cette épée grotesque est le plus pitoyable tour de passe-passe que les dieux aient jamais bricolé pour arriver à leurs fins.',	0,	0,	271,	47,	NULL),
(549,	'LANCELOT : Si vous tenez tant à la mort d\'Arthur, vous n\'avez qu\'à vous en occuper vous-même. \r\nMELEAGANT : Je n\'ai aucun intérêt à la mort des gens. \r\nLANCELOT : Mais alors, à quoi ? Bon sang, à quoi ? \r\nMELEAGANT : A leur sabordage. ',	0,	0,	283,	47,	NULL),
(550,	'Mais c\'est de ma faute, à moi, si vous semez des pères adoptifs dans tout le pays ?',	0,	0,	284,	47,	NULL),
(551,	'Vous pouvez rentrer à Kaamelott. Vous regarderez les gens. Vous regarderez les choses. Rien ne sera plus triste que vous.',	0,	0,	285,	47,	NULL),
(552,	'Tout cela n\'est rien. Absolument rien ! Il y a peu de temps quelque chose a fait «Boum». Voila, nous sommes sur une toute petite miette expulsée par ce boum, qui dérive et tournicote sur elle-même, en attendant sa fin, proche ! Sur cette miette de tous petits organismes gesticulent , ça nait, ça vit, ça meurt. Tout cela n\'a aucune conséquence.',	0,	0,	65,	47,	NULL),
(553,	'Qu\'est-ce qui est petit et marron ?\r\n[Élias de Kelliwic\'h : Un marron.]\r\nPutain, il est fort ce con.',	0,	0,	70,	48,	NULL),
(554,	'[À la fée Morgane]: J\'adore la chataîgne. Je m\'en ferais péter le bide. Vous en voulez ?',	0,	0,	286,	48,	NULL),
(555,	'[A Karadoc et Perceval] : La boutique est fermée, adressez-vous à la concurrence. (Cette réplique sera reprise dans le Livre V, lorsque Merlin quitte Kaamelott)',	0,	0,	88,	48,	NULL),
(556,	'(À propos du rassemblement du corbeau) J\'aime pas y aller à ce truc. Ça me gonfle. Y\'a tous les clodos du pays qui portent une barbiche et qui se prennent pour des druides !',	0,	0,	287,	48,	NULL),
(557,	'Mais évidemment c\'est sans alcool !',	0,	0,	287,	48,	NULL),
(558,	'Alors le chevalier il crie au Romain : Hé ! Vous vous prenez pour le Colisée !',	0,	0,	287,	48,	NULL),
(559,	'Hé toi là bas avec ton casque à cornes, présente-moi ta femme, tu sauras pourquoi t\'as des cornes !',	0,	0,	287,	48,	NULL),
(560,	'Franchement, une potion pour faire pisser bleu, ça presse forcément la minute ?',	0,	0,	288,	48,	NULL),
(561,	'Ah ben j\'suis mi-démon, moi, les démons c\'est pas foutu pareil. D\'ailleurs, dans le calendrier démonique je vais bientôt avoir sept ans. J\'aurai le droit d\'avoir une mogriave. […] Une mogriave ? C\'est comme un petit chien, mais hyper vilain.',	0,	0,	289,	48,	NULL),
(562,	'J\'ai tout entendu et c\'est honteux !!',	0,	0,	290,	48,	NULL),
(563,	'Vous n\'êtes pas le plus fort, Môssieur Élias ! Quand on confond un clafoutis et une part de clafoutis, on vient pas la ramener !',	0,	0,	291,	48,	NULL),
(564,	'Attendez, je veux être là quand vous lui mettez une chasse !',	0,	0,	292,	48,	NULL),
(565,	'Un arbre ça pousse, c\'est là où vous pourrez faire la différence: le camouflage il pousse pas !',	0,	0,	198,	48,	NULL),
(566,	'Quand je dis que Rome est à la Cité ce que la chèvre est au fromage de chèvre, je veux dire que c\'est le petit plus qui est corollaire au noyau mais qui est pas directement dans le cœur du fruit !',	0,	0,	293,	48,	NULL),
(567,	'Quand vous êtes parti, je me suis dit : Je vais me promener ? Je vais me pas promener ? Finalement j\'ai décidé de me beurrer la gueule.',	0,	0,	293,	48,	NULL),
(568,	'Moi, je dis que c\'est magique à cause des merdes qui pendouillent, mais ça se trouve, c\'est pas ça ...',	0,	0,	294,	48,	NULL),
(569,	'Remarquez que moi j\'ai un pote poissonnier qui sait boire du lait à la paille par les trous de nez !',	0,	0,	295,	48,	NULL),
(570,	'Moi j\'ai vomi deux fois mais c\'est moi qu\'ai ramassé\r\n !',	0,	0,	20,	48,	NULL),
(571,	'Ah mais foutez moi la paix ! J\'ai traversé l\'île en long, en large et en travers ! Pareil en Aquitaine et en Armorique ! Vous croyez que j\'me souviens de tous les trous du cul à qui j\'ai balancé mon laïus ?',	0,	0,	43,	48,	NULL),
(572,	'Si on faisait le coup du bouclier humain ?[...] Par exemple, Sire, Léodagan et moi on fait semblant de vous prendre en otage : on vous met une dague sous le cou et on traverse le camp adverse en gueulant : \'Bougez pas, bougez pas ou on bute le roi!\'...',	0,	0,	200,	49,	NULL),
(573,	'Putain, en plein dans sa mouille !',	0,	0,	200,	49,	NULL),
(574,	'Faut faire comme avec les scorpions qui se suicident quand ils sont entourés par le feu, faut faire un feu en forme de cercle, autour d\'eux, comme ça ils se suicident, pendant que nous on fait le tour et on lance de la caillasse de l\'autre côté pour brouiller... Non ?',	0,	0,	200,	49,	NULL),
(575,	'C\'est pas faux.',	0,	0,	296,	49,	NULL),
(576,	'Toi un jour je te crame ta famille, toi.',	0,	0,	297,	49,	NULL),
(577,	'Faut arrêter ces conneries de nord et de sud ! Une fois pour toutes, le nord, suivant comment on est tourné, ça change tout !',	0,	0,	297,	49,	NULL),
(578,	'Donc, pour résumer, je suis souvent victime des colibris, sous-entendu des types qu\'oublient toujours tout. Euh, non… Bref, tout ça pour dire, que je voudrais bien qu\'on me considère en tant que Tel.',	0,	0,	79,	49,	NULL),
(579,	'(Entrant subitement dans la Salle de la Table Ronde) Excusez, c\'est juste pour vous dire que je vais pas pouvoir rester aujourd\'hui ! Faut que je retourne à la ferme de mes vieux ! Y a ma grand-mère qui a glissé sur une bouse ! C\'est le vrai merdier !',	0,	0,	298,	49,	NULL),
(580,	'On a même un tabouret ! Quand on s\'assoit d\'ssus, on se retrouve sur un autre tabouret dans une taverne dans le Languedoc [...] Ouais, le siège de transport qu\'ils appellent. En plus, comme par hasard c\'est moi qui ai essayé le premier. Deux semaines et demi plus le bateau qu\'ça m\'a pris pour revenir. J\'avais pas compris qu\'en me rasseyant d\'ssus, ça me ramenait de l\'aut\'côté. Et à l\'arrivée j\'me suis fait mettre une chasse, parce que j\'avais ramené l\'autre tabouret, et que soit-disant il aurait fallu qu\'il reste là-bas. Pourtant ils marchent les deux tabourets ! Eh ben ils sont l\'un à côté de l\'autre. Alors ça fait pas pareil.',	0,	0,	299,	49,	NULL),
(581,	'C\'est pour ça : j\'lis jamais rien. C\'est un vrai piège à cons c\'t\'histoire-là. En plus j\'sais pas lire.',	0,	0,	299,	49,	NULL),
(582,	'Ben si, si c\'est l\'même volume sonore, on dit \'équidistant\' [...] S\'ils sont équidistants en même temps que nous, on peut repérer le dragon par rapport à une certaine distance. Si le dragon s\'éloigne, on s\'ra équidistant, mais ça s\'ra vachement moins précis et... et pas réciproque.',	0,	0,	300,	49,	NULL),
(583,	'(Assommant Karadoc) Ah ! oui... j\' l\'ai fait trop fulgurant, là. Ça va ?',	0,	0,	81,	49,	NULL),
(584,	'(À Arthur) Sire, avec tout le respect, est-ce que la reine a les fesses blanches ?',	0,	0,	301,	49,	NULL),
(585,	'(À Arthur et Lancelot) Ça sert à rien, un siège, si elle est enceinte, il faut des linges blancs et une bassine d\'eau chaude.',	0,	0,	302,	49,	NULL),
(586,	'(À Arthur et Lancelot) Une fois, à une exécution, je m\'approche d\'une fille. Pour rigoler, je lui fais : {{|Vous êtes de la famille du pendu ?}}... C\'était sa sœur. Bonjour l\'approche !',	0,	0,	302,	49,	NULL),
(587,	'Si Joseph d\'Arimathie a pas été trop con, vous pouvez être sûr que le Graal, c\'est un bocal à anchois.',	0,	0,	138,	49,	NULL),
(588,	'Sire, Sire ! On en a gros !',	0,	0,	208,	49,	NULL),
(589,	'(A Arthur) Moi j\'crois plutôt que la prochaine fois, vous nous enverrez bouler tout pareil, c\'est pas vrai ? (...) Ha... On en a gros...',	0,	0,	208,	49,	NULL),
(590,	'(À Arthur) Moi, j\'serais vous, je vous écouterais... Non, moi, j\'serais nous, je vous... Si moi, j\'étais vous, je vous écouterais ! Non, elle me fait chier, cette phrase !',	0,	0,	208,	49,	NULL),
(591,	'C\'est marrant les petits bouts de fromage par terre. C\'est ça que vous appelez une fondue ?',	0,	0,	303,	49,	NULL),
(592,	'J\'voudrais pas faire ma raclette, mais la soirée s\'annonce pas super.',	0,	0,	304,	49,	NULL),
(593,	'(En parlant des clients de la taverne) Quand même, ils sont onze. J\'ai calculé sur les treize dernières années, dans les deux heures qui précèdent le coucher du soleil, vous en êtes à une moyenne de 8,422.',	0,	0,	204,	49,	NULL),
(594,	'Après demain, à partir d\'aujourd\'hui ?',	0,	0,	204,	49,	NULL),
(595,	'De toutes façons, les réunions de la Table Ronde c\'est deux fois par mois. Donc, si le mec il dit après-demain à partir de dans deux jours, suivant s\'il le dit à la fin du mois, ça reporte.',	0,	0,	204,	49,	NULL),
(596,	'C\'qui compte, c\'est les valeurs !',	0,	0,	305,	49,	NULL),
(597,	'Là, vous faites sirop de vingt-et-un et vous dites : beau sirop, mi-sirop, siroté, gagne-sirop, sirop-grelot, passe-montagne, sirop au bon goût.',	0,	0,	305,	49,	NULL),
(598,	'LEODAGAN CONTRE-ATTAQUE !!! (il passe la balle à Léodagan)',	0,	0,	306,	49,	NULL),
(599,	'Et toc ! Remonte ton slibard, Lothard !',	0,	0,	307,	49,	NULL),
(600,	'13, 14, 15... Enfin tous les chiffres impairs jusqu\'à 22.',	0,	0,	102,	49,	NULL),
(601,	'J\'le dis pas (en parlant de la date de son anniversaire). [...] A l\'époque quand je le disais, tout le monde oubliait de me le souhaiter. Ça me faisait pleurer. Ça m\'a gonflé, j\'ai arrêté.',	0,	0,	308,	49,	NULL),
(602,	'Dans la vie, j\'avais deux ennemis : le vocabulaire et les épinards. Maintenant j\'ai la botte secrète et je bouffe plus d\'épinards. Merci, de rien, au revoir messieurs-dames.',	0,	0,	309,	49,	NULL),
(603,	'Salut, Sire. Je trouve qu\'il fait beau, mais encore frais, mais beau !',	0,	0,	310,	49,	NULL),
(604,	'(Montrant ses cousins à Arthur) Alors là, c\'est Ashton, lui c\'est Rutz, lui c\'est Pierce, l\'autre derrière c\'est Pierce aussi, j\'ai jamais compris pourquoi, et lui euh, j\'crois qu\'il a pas d\'prénom, tout le monde l\'appelle Connard...',	0,	0,	311,	49,	NULL),
(605,	'(À Arthur) C\'est l\'anniversaire dans tous les recoins, c\'est presque tous les ans qu\'on a l\'anniversaire. Grâce à cet anni... c\'est la joie c\'est pratique, c\'est au moins un principe à retenir pour faire la frite... c\'est huuuum lalalalala. Cette année c\'est bien, l\'anniversaire tombe à pic !',	0,	0,	312,	49,	NULL),
(606,	'(Ivre\') PAYS DE GALLES INDÉPENDANT ! J\'ai un pivert dans la tête... C\'est normal ?',	0,	0,	179,	49,	NULL),
(607,	'Karadoc, c\'est le gars brillant. Le frère, à côté, c\'est sûr... C\'est vraiment un gros con.',	0,	0,	191,	49,	NULL),
(608,	'Ben j\'en ai marre. Ça revient à chaque fois sur le tapis ça. [Arthur: Quoi ça ?] Fédéré! D\'habitude j\'dis rien mais là zut! J\'sais pas c\'que ça veut dire. Moi j\'veux bien faire des efforts pour comprendre les réunions mais faut que chacun y mette du sien aussi. Là on est partis pour une heure avec des fédérés par-ci des fédérés par-là, j\'vais encore rien biter et ça me gonfle.',	0,	0,	15,	49,	NULL),
(609,	'Sans blague on pourrait pas fêter la mort des mecs que je connais pour une fois ? Comment ça ? C\'est toujours la mort de vos potes à vous que l\'on fête, moi dans quatre jours c\'est l\'anniversaire de la mort d\'un oncle à moi, sans faire exprès il s\'est tiré dessus avec un arc.',	0,	0,	313,	49,	NULL),
(610,	'(Aux jeunes chevaliers) Le Graal, c\'est une vraie saloperie, méfiez-vous. Un jour c\'est un vase, une semaine après une pierre incandescente. [...] Incandescente, c\'est : qui peut accaparer des objets sans resurgir sur autrui.',	0,	0,	194,	49,	NULL),
(611,	'Non, vous, vous vous maravez. Quand on a pas de technique, il faut y aller à la zob.',	0,	0,	314,	49,	NULL),
(612,	'SI VOUS VOULEZ QU\'ON SORTE LES PIEDS DEVANT, FAUDRA NOUS PASSER SUR L\'COOOORPS !',	0,	0,	211,	49,	NULL),
(613,	'Le code c\'est \'le code\' ? Ça va, ils se sont pas trop cassé le bonnet, pour l\'trouver celui-là !',	0,	0,	315,	49,	NULL),
(614,	'Y\'a du grabuge alors on appelle les 2 couillons... On met les glandus à profit !',	0,	0,	315,	49,	NULL),
(615,	'(A Arthur) Ça prouve que j\'ai de l\'ubiquité... De l\'humilité ? C\'est pas quand il y a des infiltrations ?',	0,	0,	316,	49,	NULL),
(616,	'À ROULEEEEETTES !! HOULA... J\'l\'ai un peu trop gueulé ça, non ? À roulettes.',	0,	0,	316,	49,	NULL),
(617,	'Ah, mais c\'est de là que ça vient ! Quand on dit \'ça va comme sur des roulettes\'. En fait ça veut dire qu\'le mec il peut balancer un morceau de rocher comme une catapulte, il continue quand même d\'avancer d\'façon mobile. ',	0,	0,	316,	49,	NULL),
(618,	'Une maquette ?! Vous avez pas dit qu\'c\'était une catapulte ?',	0,	0,	316,	49,	NULL),
(619,	'[En parlant de la Dame du Lac que, pour une fois, tout le monde, sauf Arthur, peut voir] Ouh làlà! elle va pas me gonfler longtemps, la rouquine !!!',	0,	0,	317,	49,	NULL),
(620,	'Les 3 actes, c\'est les bonnes femmes qui sont mi-taupes mi-déesses, et qui ont forcé les mecs de Bethléem à construire les pyramides.',	0,	0,	318,	49,	NULL),
(621,	'Est-ce que vous avez assez de dés pour remplir un seau comme ça ? [Le tavernier n\'en a que trois] C\'est plus facile d\'en tirer cent ou deux-cents d\'un coup et d\'additionner, parce que là avec trois, on va être obligés de tirer quarante fois de suite à chaque tour.',	0,	0,	319,	49,	NULL),
(622,	'Sloubi 1, sloubi 2, sloubi 3, sloubi 4, sloubi 5 [...] sloubi 324, sloubi 325!...',	0,	0,	319,	49,	NULL),
(623,	'C\'est moi qui remporte le tour. Quand on remporte le tour à Sloubi, on a quatorze solutions possibles : soit on annule le tour , soit on passe , soit on change de sens , soit on recalcule les points , soit on compte , soit on divise par six , soit on jette les bouts de bois de quinze pouces, ça c\'est quand on joue avec les bouts de bois , soit on se couche , soit on joue sans atouts. Et après y\'a les appels : plus un , plus deux , attrape oiseaux , régoudon , ou chante Sloubi. [...] Comme vous êtes second, vous avez plus que dix-neuf solutions possibles : soit vous passez , soit vous sciez en deux les cinquante poutrelles de trente pieds, mais ça c\'est quand on joue avec les bouts de bois. Sinon c\'est les relances : doublette , jeu carré , jeu de piste , jeu gagnant , jeu moulin , jeu-jeu , joue-jeu , joue-joue , joue-jié , joue-ganou , gagnar , catakt , tacat , cacatac , cagat-cata et ratacat-mic. Ou : chante Sloubi. Nous, on va faire que chante Sloubi.',	0,	0,	319,	49,	NULL),
(624,	'Je vous ai vu une fois dans une carriole, tirée par un cheval. Enfin, la carriole tirée par un cheval.',	0,	0,	320,	49,	NULL),
(625,	'Dans le Languedoc, ils m\'appellent Provençal. Mais c\'est moi qui m\'suis gouré en disant mon nom. Sinon, en Bretagne, c\'est le Gros Faisan au sud, et au nord, c\'est juste Ducon ..',	0,	0,	321,	49,	NULL),
(626,	'Au printemps, j\'aime bien pisser du haut des remparts au lever du soleil… Y\'a une belle vue !',	0,	0,	322,	49,	NULL),
(627,	'Ils ont pas de bol, quand même ! Mettre au point un truc pareil et tomber sur des cerveaux comme nous !',	0,	0,	323,	49,	NULL),
(628,	'Sur une échelle de 2 à 76, et là je préfère prendre large, de 2 à 71 on ne nous écoute pas, de 72 à 75, on nous écoute toujours pas, et seulement à 76 on nous laisse parler sans nous engueuler.',	0,	0,	220,	49,	NULL),
(629,	'Mais cherchez pas à faire des phrases pourries... On en a gros, c\'est tout !',	0,	0,	324,	49,	NULL),
(630,	'En plus je connais une technique pour tuer trois hommes en un coup rien qu\'avec des feuilles mortes ! Alors là, vous êtes deux, vous avez bien de la chance.',	0,	0,	325,	49,	NULL),
(631,	'Vous vous prenez pour un enseignant ?... Non j\' s\'entais que c\'était le moment d\'faire une vanne mais y\'a rien qui est sorti.',	0,	0,	326,	49,	NULL),
(632,	'Bon ça suffit maintenant ! Vous voulez qu\'j\'me foute en rogne comme un enseignant ? ... Qu\'est ce que j\'ai avec ça moi ?',	0,	0,	326,	49,	NULL),
(633,	'Mais moi, j\'m\'en fous des honneurs, rien à péter, le Graal aussi, rien à péter. Moi, c\'est Arthur qui compte. Moi je suis pas un as de la stratégie ou du tir à l\'arc, mais je peux me vanter de savoir ce que c\'est que d\'aimer quelqu\'un.',	0,	0,	327,	49,	NULL),
(634,	'Moi, la canne, ça m\'aide. Je visualise le caillou dans l\'eau, j\'ai l\'impression de faire partie d\'un tout, moi, le caillou, le fil, le lac, le ciel, c\'est entier, vous comprenez ? C\'est bien fini. C\'est pour ça, moi je me dis, c\'est dans ces moments-là qu\'on peut bien comprendre des trucs. Vous me prenez pour un con, non ?',	0,	0,	328,	49,	NULL),
(635,	'Ah ça y\'est, j\'viens de comprendre à quoi ça sert la canne. En fait ça sert à rien… Du coup ça nous renvoie à notre propre utilité : l\'Homme face à l\'Absurde !',	0,	0,	328,	49,	NULL),
(636,	'C\'est pas moi qu\'explique mal, c\'est les autres qui sont cons !',	0,	0,	329,	49,	NULL),
(637,	'On va pas installer notre carré germinal à la taverne !',	0,	0,	330,	49,	NULL),
(638,	'(À Mevanwi) Elle a compris la vilaine frisée ? On a dans l\'projet de fonder un clan autonome pour partir à l\'aventure et ramener du pognon pour entretenir vos grosses miches !! Alors le cageot il dit merci et il ferme sa boîte à caca !!!',	0,	0,	331,	49,	NULL),
(639,	'Vous, vous avez une idée derrière la main, j\'en mettrais ma tête au feu !',	0,	0,	263,	49,	NULL),
(640,	'Si on avait bu un coup dans des trucs qui s\'cassent, j\'en aurais pété un par terre avant d\'monter dans ma chambre, pour bien montrer comment j\'suis colère.',	0,	0,	272,	49,	NULL),
(641,	'Je vais vous poser une série de questions. Vous répondez par oui, non, ou Zbradaraldjan. Ok c\'est parti : où se trouve l\'oiseau ?... Allez c\'est facile ça. Trouve pas ? Bon tant pis. C\'était \'sur la branche\'. Eh oui, y a des pièges.',	0,	0,	332,	49,	NULL),
(642,	'Si la mémoire est à la tête ce que le passé, peut-on y accéder à six ? Oui, non, zbradaraldjan ?',	0,	0,	332,	49,	NULL),
(643,	'Ma tante me demande de trouver un endroit pour y entreposer 667 noix. A la cave il y a de la place pour 595, à la remise il y a la place pour 337. Qu\'est-ce que je fais ? Je les ?... Allez on cherche bon dieu ! Je les... Zbradaraldjan le grenier!... Allez il dégage le bourrin !',	0,	0,	332,	49,	NULL),
(644,	'Et si je sens que y a des anguilles à la broche, dehors ! Comme César quand il a chassé les marchands du temple, et qu\'ils ont foutu le camp sur le bateau avec les bestioles et l\'pépé.',	0,	0,	332,	49,	NULL),
(645,	'Je crois que c\'est rentré par là, et c\'est ressorti par là , et c\'est re-rentré par là, et c\'est RE-RE-SORTI PAR LA. ET NOUS ON S\'SAIGNE AUX QUATRE FROMAGES !!!',	0,	0,	222,	49,	NULL),
(646,	'Par contre pas un mot là, sinon la porte. Bon là y en a pas, mais ce n\'est pas la première fois qu\'on fabrique une porte à la dernière minute pour virer un petit trou de balle qui fait son malin.',	0,	0,	198,	49,	NULL),
(647,	'Progressif... N\'oubliez pas, dans la casse, le plus important, c\'est les suites d\'épaisseurs ... Bûche de 10, Bûche de 16, Bûche de 32, Bûbûche, Bibuchette, et re-Bûche de 6 !!!',	0,	0,	198,	49,	NULL),
(648,	'On a une autorité naturelle, il faut en profiter... J\'suis sûr que même à poil on ferait toujours chef !',	0,	0,	333,	49,	NULL),
(649,	'(En parlant de Dame Mevanwi) Ouais ouais ben j\'suis pas trop. Sauf que quand on fait des choix il faut les tenir un minimum. Et ça change de chambre et ça change de mari... \r\n(Dame Mevanwi) Mais mêlez vous de vos fesses !\r\nOuais ouais ouais ! Il faudrait peut-être commencer par se comporter en adulte !',	0,	0,	185,	49,	NULL),
(650,	'Votre femme, si j\'avais pas la flemme de descendre de là, elle aurait pris mon pied dans son cul depuis un moment. Parce y\'a un truc qu\'on oublie quand on parle de retirer Excalibur : c\'est le respect au Roi Arthur! Et le respect au Roi Arthur je remarque que Madame en avait un peu plus quand elle était dans son PLUMARD !!',	0,	0,	274,	49,	NULL),
(651,	'Allez, y\'a plein de bruit, là ! Si ça se trouve c\'est bourré d\'oiseaux venimeux. Y\'en a des rouges, des jaunes, des re-rouges et des pourpres ! Y bouffent que des noisettes et des escalopes de veau. Et quand ils vous donnent un coup de bec vous voyez une grande lumière et ça vous donne la diarrhée !',	0,	0,	59,	49,	NULL),
(652,	'(à Arthur) Ouais en même temps ça vous a prouvé qu\'on avait pas froid au ventre !\r\n(Arthur : aux yeux!)\r\nComment ?\r\n(Arthur : Aux yeux, pas froid au ventre.)\r\n(Karadoc : Froid aux yeux ? Comment c\'est possible ça ?)\r\nBen si, à la limite avec du vent… mais bon si on a froid aux yeux on les ferme. !',	0,	0,	7,	49,	NULL),
(653,	'Nan mais je l\'ai déjà impressionné, moi ! Je lui ai expliqué une nouvelle technique de combat : on se bat à moitié à mains nues, et à moitié avec du calcium. J\'peux vous dire il faisait moins le malin !',	0,	0,	59,	49,	NULL),
(654,	'(à Arthur qui vient de lui raconter longuement un rêve)\r\nC\'est vraiment chouette comme rêve... Moi l\'autre nuit j\'ai rêvé que Karadoc avait des pinces... \r\nArthur : (confus) C\'est-à-dire? \r\nComme un crabe... \r\nArthur : Ah? Et qu\'est-ce qu\'il faisait avec ses pinces?\r\nIl me pinçait le ménisque.\r\nArthur : (interloqué) Le ménisque?\r\nComparés aux vôtres, ils sont pourris mes rêves, ou pas?',	0,	0,	334,	49,	NULL),
(655,	'Je vais le tuer, Sire ! Je vais tellement si tant y taper sa gueule qu\'il va décéder !',	0,	0,	335,	50,	NULL),
(656,	'Qu\'est-ce que vous voulez-vous insinuyer Sire ?',	0,	0,	336,	50,	NULL),
(657,	'Non mais vous croyez pas qu\'j\'marche au sifflet ! Mais qu\'est-ce que j\'en ai à foutre de vos horaires ? J\'arrive quand j\'arrive et puis c\'est tout.',	0,	0,	337,	50,	NULL),
(658,	'Bon ben je vous préviens, je vous écoute 30 secondes pas une de plus. Si il y a un mot plus haut que l\'autre, je vous mets toute la tartine dans la gueule et je rentre chez moi, j\'ai pas que ça à glander.',	0,	0,	337,	50,	NULL),
(659,	'Commencez pas à noyer la peau de l\'ours avant d\'avoir vendu le poisson.',	0,	0,	338,	50,	NULL),
(660,	'Et qu\'est-ce qui font-ils, au gouvernement ? Y\'s\'roucent les poules ! Y\'s\'poulent les rouces ! [Guethenoc : Y\'s\'roulent les pouces !] Voilà, mieux !',	0,	0,	338,	50,	NULL),
(661,	'Mais tout à fait ! En parlant de... d\'antidote hein, je souhaiterais vous suggérer un endroit ou vous pourriez éventuellement vous le carrer... en vous remerciant !',	0,	0,	339,	50,	NULL),
(662,	'Ah bah non ! On va leur foutre deux, trois pierres dans la gueule et on va allumer des incendies... Mais faut pas déconner, ils y sont pour rien.',	0,	0,	337,	50,	NULL),
(663,	'(À Guethenoc) Je vous donnerai la main, j\'en ai une aussi de masse moi aussi, comme ça j\'en profiterai pour vous en mettre un coup dans la gueule, c\'est pas bien méchant ! (Il commence à se battre avec Guethenoc)',	0,	0,	340,	50,	NULL),
(664,	'Môssieur Sire, en chair et en personne ! […] (À Guethenoc) J\'étais v\'nu pour vous emmerder, mais là ça m\'coupe le sifflet !',	0,	0,	341,	50,	NULL),
(665,	'(Complètement ivre) Quand j\'étais jeune, je pouvais faire rentrer un pigeon directement dans la bouteille sans la casser... C\'est pas compliqué, vous prenez un pigeon, vous y faites sécher jusqu\'à qu\'ce soit presque friable. Après vous y mettez sur les... sur la branche de prunier, autour de la fleur... Comme ça la poire elle pousse directement à l\'intérieur du pigeon séché, et avec le liquide... ça gon... ça gonfle heu... et ça fait r\'prende une... heu... ça fait r\'prende une forme de pigeon. (Il s\'écroule.)',	0,	0,	341,	50,	NULL),
(666,	'(Complètement ivres) (Belt : -Je lève le verre à notre souverain) Notre souverain, -rain -rain !',	0,	0,	11,	50,	NULL),
(667,	'(À Guethenoc) Je dirais également que le genou peut partir dans les noix de manière assez soudaine et que ça pourrait éventuellement vous faire sortir les baloches par les oreilles. N\'y voyez aucune malice !',	0,	0,	339,	50,	NULL),
(668,	'(Complètement ivre) I faut faire tenir un balai en équilibre sur le pif pour s\'faire servir ici, ou quoi qu\'ce soiye ? ',	0,	0,	341,	50,	NULL),
(669,	'Vous pouvez pas vous les compter vous-même vos points ? Faut forcément qu\'on vous tienne le zizi ? ',	0,	0,	7,	50,	NULL),
(670,	'Il y en a marre de se comporter comme des sagouins avec tout le monde, sous prétexte qu\'on a des responsabilités !',	0,	0,	236,	51,	NULL),
(671,	'(À Léodagan)Votre gendre. Eh ben, il a peur du noir !…',	0,	0,	240,	51,	NULL),
(672,	'(À Léodagan) À l\'heure qu\'il est, dans la chambre de votre fille, il y a un tigre, une bête déchaînée ! Le petit prince est en marche, et qu\'est-ce qu\'on dit ? Merci mamie !',	0,	0,	342,	51,	NULL),
(673,	'Une fois j\'ai craché sur les pompes de l\'empereur Justinien, alors je vais pas me gratter pour l\'un de ses sous-fifres !',	0,	0,	248,	51,	NULL),
(674,	'(À Karadoc) Vous vous prenez peut-être pour une statue grecque ?',	0,	0,	343,	51,	NULL),
(675,	'(À Mévanwi) : Oh bah c\'est normal ça, moi si j\'avais foutu un royaume en l\'air et qu\'la pérennité d\'une civilisation tout entière était remise en question à cause de mes p\'tites coucheries, moi non plus j\'me sentirais pas bien...',	0,	0,	344,	51,	NULL),
(676,	'Admirez-nous un peu après trente ans de souplesse… Trente ans d\'éducation laxiste !… Entre la fille princesse qui abandonne le trône pour mettre les bouts dans la forêt avec un jean-foutre et le fils chevalier qui sait pas tenir sa cuillère et qui est pas foutu de se lever avant midi, vous verrez qu\'à force d\'être souples, on va finir par passer définitivement pour des romanos ! Et ils se sont pas levés !',	0,	0,	174,	51,	NULL),
(677,	'Vous vous étonnerez pas si vous ressentez une vive douleur sur le sommet du crâne. C\'est sûrement que vous aurez pris le plat à gigot dans la tronche !',	0,	0,	184,	51,	NULL),
(678,	'Quand vous vous l\'vez pour bouffer, vous me réveillez, vous bougez, vous allumez les bougies, vous toussez, bref ! Vous ignorez mon existence ! [...] Eh ben là, pas un bruit, pas un mouvement, tout dans le furtif. Vous avez glissé du pageot comme un pet sur une plaque de verglas !',	0,	0,	345,	51,	NULL),
(679,	'Ou vous m\'expliquez pourquoi vous rasez les murs comme un évadé de cachot, ou vous prenez ma main dans le pif ! ',	0,	0,	345,	51,	NULL),
(680,	'Alors, le ratichon ! On a un p\'tit creux ?',	0,	0,	346,	51,	NULL),
(681,	'Les placards sont fermés ! Vous allez retourner dans votre canfouine, au trot, et si la faim persiste, mangez des moustiques : c\'est nourrissant, ça coûte rien, et ça débarrasse !',	0,	0,	346,	51,	NULL),
(682,	'Des fuites ? Apprenez qu\'avec le budget bouffe de Kaamelott, y\'a de quoi lever une armée parallèle et envahir la moitié du monde connu.',	0,	0,	346,	51,	NULL),
(683,	'(Au Père Blaise) Jouez pas au con ! Dans votre branche, on fait pas vœu de bouffer léger, quelque chose comme ça ?',	0,	0,	346,	51,	NULL),
(684,	'(À Arthur, Léodagan et au Père Blaise) Je vais vous la faire à la cantonade dans le genre tragédie grecque, tâchez de vous partager ça au mieux : LA BOUFFE EST INTERDITE EN DEHORS DES HEURES DES REPAS !!!',	0,	0,	346,	51,	NULL),
(685,	'Tout le monde le sait, en Carmélide, que vous êtes une patate. Seulement, ça passe parce que les gens savent que c\'est moi qui tire les ficelles dans l\'arrière boutique.',	0,	0,	347,	51,	NULL),
(686,	'Je vous préviens, la matinée a eu sa bonne dose de pignoufs, je suis plus que crevée... Alors je préconise un déjeuner dans le calme.',	0,	0,	348,	51,	NULL),
(687,	'(À Merlin) Le jour où vous serez à même de comprendre les rouages d\'une monarchie, on aura soin de venir vous demander votre avis. En attendant, vous faites ce qu\'on vous dit, ET VOUS LA BOUCLEZ !',	0,	0,	163,	51,	NULL),
(688,	'(À Merlin) Soit vous fabriquez séance tenante une potion de fécondité qui fonctionne mieux que vos flacons de pisse habituels, soit mon mari ici présent se fera un plaisir d\'outrepasser la hiérarchie et de vous mettre une trempe maison !',	0,	0,	163,	51,	NULL),
(689,	'(À Léodagan) PIGNOUUUUF! (Puis à Elias et Merlin) Bon, et nous alors, qu\'est-ce qu\'on fait ? On traite ou on se fâche ? [Merlin : On se fâche. - Elias (à Merlin) : On traite !]',	0,	0,	163,	51,	NULL),
(690,	'(À Ygerne et Cryda) C\'est des tartes dans le museau qu\'elles cherchent, les sœurs Tape-Dur ?',	0,	0,	331,	51,	NULL),
(691,	'(À Ygerne et Cryda) C\'est qu\'elles nous accuseraient de conspiration, les siamoises !',	0,	0,	271,	51,	NULL),
(692,	'(À Yvain et à Guenièvre) Si les dieux avaient dû être de notre côté, ils nous auraient pas refilé des enfants comme vous. ',	0,	0,	128,	51,	NULL),
(693,	'(À Guenièvre) Votre petit train-train quotidien de reine de Bretagne. Quand je pense à toutes les pécores qui se couperaient les mains pour avoir le tiers de vos soucis, ma pauvre !',	0,	0,	349,	51,	NULL),
(694,	'(Toujours à Guenièvre) Si vous préférez retourner dans votre cabane de trappeur avec votre dégénéré de Lancelot, libre à vous !',	0,	0,	349,	51,	NULL),
(695,	'(Encore à Guenièvre) Nous aussi, on vous aime. A partir du moment où vous gardez vos miches sur le trône et où vous foutez pas l\'camp dès qu\'un blondinet vous fait d\'l\'œil.',	0,	0,	349,	51,	NULL),
(696,	'(À Guenièvre) Bohort il a une femme ! Vous pouvez me la refaire sans trembler des genoux celle-là ?',	0,	0,	350,	51,	NULL),
(697,	'(À Bohort) Ben voyons, mon colon !',	0,	0,	350,	51,	NULL),
(698,	'Sire, si vous me les enlevez, c\'est un tiers de mes revenus qui fout le camp. Parce qu\'ils font pas que boire! Ils mangent là un jour sur deux ...',	0,	0,	351,	52,	NULL),
(699,	'Ben moi, je sais pas si c\'est de naissance ou quoi, mais la vue du bourgeois, ça me fait de l\'aérophagie.',	0,	0,	180,	52,	NULL),
(700,	'La seule solution pour que ce soit encore plus sale, ça serait de demander aux clients de chier directement par terre ! Je vois que ça.',	0,	0,	330,	52,	NULL),
(701,	'Ah non, ce soir c\'est beaucoup du clodo, mais c\'est pas ceux là de votre équipe.',	0,	0,	352,	52,	NULL),
(702,	'Et deux jus de pomme qui piquent !',	0,	0,	353,	52,	NULL),
(703,	'(ivre) C\'est pour ça que j\'ai jamais été rien réclamer à Kaamelott. Déjà, j\'aime pas bien aller pleurnicher. Je bricole mes combines dans mon coin. Je préfère aller «escroquer», plutôt que d\'embêter autrui. Vous voyez ? ',	0,	0,	29,	52,	NULL),
(704,	'BAH SI VOUS VOULEZ PAS PASSER POUR DES CLODOS, COMMENCEZ PAR ÉPONGER VOTRE ARDOISE ! ',	0,	0,	354,	52,	NULL),
(705,	'Sire, sachez déjà que je ne suis pas homme à me méprendre sur le gaillard d\'en face, mon petit doigt me dit que vous en êtes pas la moitié d\'un !',	0,	0,	355,	53,	NULL),
(706,	'Au même titre que le bar est fermé, sauf si c\'est un poisson, tout travail mérite salaire !',	0,	0,	355,	53,	NULL),
(707,	'Prêtez l\'oreille sans ristourne !',	0,	0,	355,	53,	NULL),
(708,	'Tête bien pensante est par deux fois force de décision !',	0,	0,	355,	53,	NULL),
(709,	'Homme sans métier n\'est plus apte à exercer une activité professionnelle !',	0,	0,	355,	53,	NULL),
(710,	'Renommée, renommée, qui es-tu renommée ?!',	0,	0,	355,	53,	NULL),
(711,	'Quand on connaît trop, on hésite et c\'est un prompt renfort !',	0,	0,	355,	53,	NULL),
(712,	'J\'espère que tu fabules, bourgeois de bon aloi ! As-tu la fabulette bien preste ?',	0,	0,	18,	53,	NULL),
(713,	'Vous préférez \'Bohort le jeune\' ou \'Bohort l\'ami du raisin\' ? Parce que j\'avais réfléchi à la seconde possibilité, ça fait plus fruité !',	0,	0,	18,	53,	NULL),
(714,	'Méfie toi, riche homme : on ne berne pas deux fois Urgan l\'homme goujon, même une fois !',	0,	0,	18,	53,	NULL),
(715,	'Patience est mère de famille !',	0,	0,	18,	53,	NULL),
(716,	'Tu ne t\'en tireras à si bon compte que s\'ils font les bons amis !',	0,	0,	18,	53,	NULL),
(717,	'Des bandits? Nooon... Des gars futés !',	0,	0,	356,	54,	NULL),
(718,	'Sinon, pour rester sur le thème du pied, il y a ça: vous serrez la vis jusqu\'à ce que vous entendiez le bruit de l\'os. ',	0,	0,	139,	54,	NULL),
(719,	'Et voilà , donc ça, c\'est pour arracher les noix [Bohort : Les noix... Les fruits ?] Ah, non, les noix... les noix.',	0,	0,	139,	54,	NULL),
(720,	'(Au sujet d\'une cathédrale) Ben, tout ce qui est niveau de prestations, finitions, déco... Ben ouais, si vous voulez que ça ait de la gueule, faut définir un style, une ambiance... Bon, par exemple, on peut faire genre sobre, avec des teintes unies, pierres apparentes... Ou alors, on donne dans le plus chaud, tentures colorées, statues de gonzesses à poil... Ben quoi ?',	0,	0,	357,	54,	NULL),
(721,	'Je vous ai déjà dit que je prête du pognon à des taux vraiment pas dégueulasses ?',	0,	0,	357,	54,	NULL),
(722,	'Les petits pères, les affaires reprennent. Parce que la couronne, là, j\'aime autant vous dire qu\'elle date pas d\'hier. Là, y a de la relique ou je m\'appelle pas Venec. […] Qu\'est-ce vous en dites ? Bon, hein, imaginez que j\'ai mon froc, ça me donne du style ou pas ?',	0,	0,	270,	54,	NULL),
(723,	'(À propos d\'une ancienne vente d\'esclave) Attendez, ça on en a déjà parlé ! Celui de l\'autre fois, il m\'avait pas dit qu\'il était unijambiste.',	0,	0,	358,	54,	NULL),
(724,	'(Parlant à ses compères du roi Arthur) Donc là, pour le voyageur isolé y\'a deux solutions : soit il dépose ses armes, ses objets, sa bouffe et ses fringues par terre, et il s\'en va d\'où il est venu à poil dans la neige, soit il décide de se battre... À un contre dix.',	0,	0,	49,	54,	NULL),
(725,	'(Parlant des chefs de clans) Si on les invite et qu\'y a pas d\'femmes vous allez fédérer mes couilles...',	0,	0,	359,	54,	NULL),
(726,	'C\'que j\'vous explique depuis trois quart d\'heure. J\'en ai rien a foutre de devenir chevalier. Ce qui m\'intéresse, si y a un nouveau Roi qui chapaute tout l\'système, c\'est d\'être en affaires avec.\r\n(Maître d\'armes : Nan mais vous avez quand même écouté notre topo sur la fédération ?)\r\nJ\'vous ai pas coupés en plein milieu parce que bon... Mais effectivement ça m\'concerne pas votre bordel. Qu\'vous vous réunissiez pour faire des fédérations, même jouer aux cartes... c\'qui compte c\'est qu\'ce soit moi qui vous fournisse en putes.',	0,	0,	7,	54,	NULL),
(727,	'Je refuse d\'aller me battre pour soutenir une politique d\'expansion territoriale dont je ne reconnais pas la légitimité.',	0,	0,	360,	55,	NULL),
(728,	'(À Séli,) Je peux pas y aller j\'ai une otite.',	0,	0,	360,	55,	NULL),
(729,	'Est-ce qu\'on a le droit de boire du cidre ?',	0,	0,	172,	55,	NULL),
(730,	'Je le prends pas le bouclier, ça fait trop nul !',	0,	0,	172,	55,	NULL),
(731,	'Mon père, y dit toujours qu\'on arrive jamais en prison par hasard.',	0,	0,	361,	55,	NULL),
(732,	'Moi, je m\'en fous, si on me force à y retourner, je retiens ma respiration jusqu\'à qu\'on arrête de me forcer à y retourner.',	0,	0,	362,	55,	NULL),
(733,	'Quand il a ouvert le ventre du troll, j\'ai reçu un jet d\'acide qui m\'a pratiquement acidifié !',	0,	0,	362,	55,	NULL),
(734,	'Moi, je me suis fait dérober de l\'alimentation tout le long du voyage ! Une véritable dérobade !',	0,	0,	362,	55,	NULL),
(735,	'Et moi, j\'ai sympathisé avec un crémier qui m\'a expliqué les tenants et les aboutissants de sa profession avec beaucoup de simplicité !',	0,	0,	362,	55,	NULL),
(736,	'J\'étais tellement en colère, je leur ai lancé un de ces regards… Ils ne sont pas venus chercher la monnaie de leur pièce.',	0,	0,	363,	55,	NULL),
(737,	'Ben Gauvain il est revenu, il s\'était planté une écharde comme ça dans le doigt… N\'empêche, si ça s\'infecte, on peut en mourir, j\'vous ferais dire.',	0,	0,	364,	55,	NULL),
(738,	'La colombe blanche et sèche,\r\nRetombe souvent sur sa poitrine,\r\nElle vole quand même... c\'est très bien,\r\nEt finit sa course dans la prairie de notre enfance.\r\n[…]\r\nLà sire j\'avoue que c\'est pour que ça rime avec blanche et sèche. […]\r\nBen oui c\'est une rime triple : Blanche et sèche, poitrine et prairie de notre enfance. ',	0,	0,	365,	55,	NULL),
(739,	'J\'estime ne pas avoir à subir les fantasmes carriéristes d\'une entité générationnelle réactionnaire et oppressive !',	0,	0,	366,	55,	NULL),
(740,	'Si je fais mon tour pas dans le même sens que vous, ça annule. Mais si je le fais dans le même sens que vous, ça le double !',	0,	0,	367,	55,	NULL),
(741,	'[Arthur: Pour faire simple: on peut douter de tout sauf de la nécessité de se trouver du côté des opprimés]\r\nAh bon! C\'est marrant parce que mon père, il a une phrase presque pareil: \'On peut douter de tout sauf de la nécessité de se trouver du côté de celui qui a le pognon\'.',	0,	0,	173,	55,	NULL),
(742,	'La chevalerie, c\'est pas là où on range les chevaux ?',	0,	0,	173,	55,	NULL),
(743,	'(Gauvain: Excusez nous mon oncle, notre vocabulaire n\'est pas tres fourni) Ouais bah vous encore ça va, moi, même le mot vocabulaire je suis pas sûr à 100% !',	0,	0,	173,	55,	NULL),
(744,	'(À propos d\'une catapulte) Est-ce qu\'on peut s\'en servir pour donner de l\'élan à un pigeon ?',	0,	0,	368,	55,	NULL),
(745,	'En revanche, je suis triste pour un autre truc mais ça m\'embête d\'en parler... J\'estime que chacun a le droit à son jardin secret.',	0,	0,	255,	55,	NULL),
(746,	'Je crois que je me suis coupé la gencive avec un grumeau cuit. C\'est possible ou pas ?',	0,	0,	255,	55,	NULL),
(747,	'Dans ma chambre c\'est le bordel, ça pue et y a des charençons.',	0,	0,	369,	55,	NULL),
(748,	'Et si on envoyait quelqu\'un qui se faufile dans leur camp sans se faire repérer pour observer leurs faits et gestes ? […] Ou alors, ça fait doublon avec l\'espionnage ? Je me rends pas compte.',	0,	0,	370,	55,	NULL),
(749,	'Parce que en fait dans notre langue, il y a que deux mots qui riment avec complète : c\'est quiquette et biseautée. Alors ça va être chaud !',	0,	0,	260,	55,	NULL),
(750,	'Ne vous laissez pas embobiner… Ils cherchent à vous rembobiner !',	0,	0,	122,	55,	NULL),
(751,	'Il s\'est acharné sur moi avec une sauvagerie mêlée de férocité. […] Celui qu\'avait qu\'une jambe. […] Oui, bah du coup, c\'était le plus hargneux. C\'était comme s\'il se vengeait sur moi de sa jambe euh... Avec une sauvagerie mêlée de férocité.',	0,	0,	371,	55,	NULL),
(752,	'Ça pique trop de la vie, quoi : ça pique, ça lance, et derrière, comment ça re-pique trop.',	0,	0,	371,	55,	NULL),
(753,	'Vous pouvez pas savoir comment on est trop jouasse d\'être là !',	0,	0,	372,	55,	NULL),
(754,	'Ouais, alors là où je vois que je suis vraiment à cran, c\'est que quand vous avez dit malédiction, j\'ai fait une série de tout petits pets comme ça : pft pft pft pft pft pft.',	0,	0,	271,	55,	NULL),
(755,	'Ah bah ouais mais là euh... Le voile noir, le chaos... J\'ai passé un cap hein.',	0,	0,	271,	55,	NULL),
(756,	'Mais c\'est trop sur votre route quoi ! Bon y\'a une colline, deux collines du coup bi-collines et après c\'est carrément votre route !',	0,	0,	48,	55,	NULL),
(757,	'Femme, cesse donc de nous esbaudir les oreilles ! Olala, il suffit !',	0,	0,	48,	55,	NULL),
(758,	'Ah bravo femme. Ce repas fut des plus roboratifs !',	0,	0,	373,	55,	NULL),
(759,	'Femme, comme je le disais tantôt,tu nous a roboré. Mais sauras tu nous régaler d\'un dessert de ton choix ?',	0,	0,	373,	55,	NULL),
(760,	'Allez femme, robore nous donc de quelques fruits bien sucrés. Il s\'agit d\'une régalade !',	0,	0,	373,	55,	NULL),
(761,	'Femme ! Tu nous abaubis les oreilles ! Rabats un peu ta casquette !',	0,	0,	48,	55,	NULL),
(762,	'Oh l\'Irlande !',	0,	0,	374,	55,	NULL),
(763,	'\r\nAllez y! Défilez\r\nles petites fourmis. Mettez vous bien en rang.\r\nVenez mesurer votre risible destin à celui des Pendragon.\r\nVenez constater la navrante insignifiance de vos existences.\r\nVous avez pensé que les dieux allaient enfin reconnaitre en vous le souverain que personne n\'avait vu?\r\nVous alliez enfin donner au monde le spectacle de votre avènement.\r\nQuel roi suis-je ? Un roi sévère ? un roi conquérant ?\r\nVous n\'êtes rien. Rien ! Vous retournerez chez vous comme vous en êtes parti… Anonyme !\r\nPaisiblement, mon fils viendra reprendre ce qui est à lui. \r\nEt vous mettrez un genou en terre. Et vous baisserez les yeux.\r\nEt vous jurerez fidélité. Car c\'est tout ce qu\'il vous reste !',	0,	0,	65,	29,	NULL),
(764,	'Ah tiens, demain midi y a des côtes de porc.',	0,	0,	170,	1,	NULL),
(765,	'(À Arthur)\r\nMoi au moins quand je parlemente, c\'est pas vicelard.',	0,	0,	244,	44,	NULL);

DROP TABLE IF EXISTS `rate`;
CREATE TABLE `rate` (
  `id` int(11) NOT NULL AUTO_INCREMENT,
  `quote_id` int(11) DEFAULT NULL,
  `user_id` int(11) DEFAULT NULL,
  `rating` tinyint(4) DEFAULT NULL,
  PRIMARY KEY (`id`),
  KEY `quote_id` (`quote_id`),
  KEY `user_id` (`user_id`),
  CONSTRAINT `rate_ibfk_1` FOREIGN KEY (`quote_id`) REFERENCES `quote` (`id`) ON DELETE SET NULL,
  CONSTRAINT `rate_ibfk_2` FOREIGN KEY (`user_id`) REFERENCES `user` (`id`) ON DELETE SET NULL
) ENGINE=InnoDB DEFAULT CHARSET=utf8mb4;

INSERT INTO `rate` (`id`, `quote_id`, `user_id`, `rating`) VALUES
(1,	1,	NULL,	NULL),
(2,	2,	NULL,	NULL),
(3,	3,	NULL,	NULL),
(4,	4,	NULL,	NULL),
(5,	5,	NULL,	NULL),
(6,	6,	NULL,	NULL),
(7,	7,	NULL,	NULL),
(8,	8,	NULL,	NULL),
(9,	9,	NULL,	NULL),
(10,	10,	NULL,	NULL),
(11,	11,	NULL,	NULL),
(12,	12,	NULL,	NULL),
(13,	13,	NULL,	NULL),
(14,	14,	NULL,	NULL),
(15,	15,	NULL,	NULL),
(16,	15,	NULL,	NULL),
(17,	16,	NULL,	NULL),
(18,	17,	NULL,	NULL),
(19,	18,	NULL,	NULL),
(20,	19,	NULL,	NULL),
(21,	20,	NULL,	NULL),
(22,	21,	NULL,	NULL),
(23,	22,	NULL,	NULL),
(24,	23,	NULL,	NULL),
(25,	24,	NULL,	NULL),
(26,	25,	NULL,	NULL),
(27,	26,	NULL,	NULL),
(28,	27,	NULL,	NULL),
(29,	28,	NULL,	NULL),
(30,	29,	NULL,	NULL),
(31,	30,	NULL,	NULL),
(32,	31,	NULL,	NULL),
(33,	32,	NULL,	NULL),
(34,	33,	NULL,	NULL),
(35,	34,	NULL,	NULL),
(36,	35,	NULL,	NULL),
(37,	36,	NULL,	NULL),
(38,	37,	NULL,	NULL),
(39,	38,	NULL,	NULL),
(40,	39,	NULL,	NULL),
(41,	40,	NULL,	NULL),
(42,	41,	NULL,	NULL),
(43,	42,	NULL,	NULL),
(44,	43,	NULL,	NULL),
(45,	44,	NULL,	NULL),
(46,	45,	NULL,	NULL),
(47,	46,	NULL,	NULL),
(48,	47,	NULL,	NULL),
(49,	48,	NULL,	NULL),
(50,	49,	NULL,	NULL),
(51,	50,	NULL,	NULL),
(52,	51,	NULL,	NULL),
(53,	52,	NULL,	NULL),
(54,	53,	NULL,	NULL),
(55,	54,	NULL,	NULL),
(56,	55,	NULL,	NULL),
(57,	56,	NULL,	NULL),
(58,	57,	NULL,	NULL),
(59,	58,	NULL,	NULL),
(60,	59,	NULL,	NULL),
(61,	60,	NULL,	NULL),
(62,	61,	NULL,	NULL),
(63,	62,	NULL,	NULL),
(64,	63,	NULL,	NULL),
(65,	64,	NULL,	NULL),
(66,	65,	NULL,	NULL),
(67,	66,	NULL,	NULL),
(68,	67,	NULL,	NULL),
(69,	68,	NULL,	NULL),
(70,	69,	NULL,	NULL),
(71,	70,	NULL,	NULL),
(72,	71,	NULL,	NULL),
(73,	72,	NULL,	NULL),
(74,	73,	NULL,	NULL),
(75,	74,	NULL,	NULL),
(76,	75,	NULL,	NULL),
(77,	76,	NULL,	NULL),
(78,	77,	NULL,	NULL),
(79,	78,	NULL,	NULL),
(80,	79,	NULL,	NULL),
(81,	80,	NULL,	NULL),
(82,	81,	NULL,	NULL),
(83,	82,	NULL,	NULL),
(84,	83,	NULL,	NULL),
(85,	84,	NULL,	NULL),
(86,	85,	NULL,	NULL),
(87,	86,	NULL,	NULL),
(88,	87,	NULL,	NULL),
(89,	88,	NULL,	NULL),
(90,	89,	NULL,	NULL),
(91,	90,	NULL,	NULL),
(92,	91,	NULL,	NULL),
(93,	92,	NULL,	NULL),
(94,	93,	NULL,	NULL),
(95,	94,	NULL,	NULL),
(96,	95,	NULL,	NULL),
(97,	96,	NULL,	NULL),
(98,	97,	NULL,	NULL),
(99,	98,	NULL,	NULL),
(100,	99,	NULL,	NULL),
(101,	100,	NULL,	NULL),
(102,	101,	NULL,	NULL),
(103,	102,	NULL,	NULL),
(104,	103,	NULL,	NULL),
(105,	104,	NULL,	NULL),
(106,	105,	NULL,	NULL),
(107,	106,	NULL,	NULL),
(108,	107,	NULL,	NULL),
(109,	108,	NULL,	NULL),
(110,	109,	NULL,	NULL),
(111,	110,	NULL,	NULL),
(112,	111,	NULL,	NULL),
(113,	112,	NULL,	NULL),
(114,	113,	NULL,	NULL),
(115,	114,	NULL,	NULL),
(116,	115,	NULL,	NULL),
(117,	116,	NULL,	NULL),
(118,	117,	NULL,	NULL),
(119,	118,	NULL,	NULL),
(120,	119,	NULL,	NULL),
(121,	120,	NULL,	NULL),
(122,	121,	NULL,	NULL),
(123,	122,	NULL,	NULL),
(124,	123,	NULL,	NULL),
(125,	124,	NULL,	NULL),
(126,	125,	NULL,	NULL),
(127,	126,	NULL,	NULL),
(128,	127,	NULL,	NULL),
(129,	128,	NULL,	NULL),
(130,	129,	NULL,	NULL),
(131,	130,	NULL,	NULL),
(132,	131,	NULL,	NULL),
(133,	132,	NULL,	NULL),
(134,	133,	NULL,	NULL),
(135,	134,	NULL,	NULL),
(136,	135,	NULL,	NULL),
(137,	136,	NULL,	NULL),
(138,	137,	NULL,	NULL),
(139,	138,	NULL,	NULL),
(140,	139,	NULL,	NULL),
(141,	140,	NULL,	NULL),
(142,	141,	NULL,	NULL),
(143,	142,	NULL,	NULL),
(144,	143,	NULL,	NULL),
(145,	144,	NULL,	NULL),
(146,	145,	NULL,	NULL),
(147,	146,	NULL,	NULL),
(148,	147,	NULL,	NULL),
(149,	148,	NULL,	NULL),
(150,	149,	NULL,	NULL),
(151,	150,	NULL,	NULL),
(152,	151,	NULL,	NULL),
(153,	152,	NULL,	NULL),
(154,	153,	NULL,	NULL),
(155,	154,	NULL,	NULL),
(156,	155,	NULL,	NULL),
(157,	156,	NULL,	NULL),
(158,	157,	NULL,	NULL),
(159,	158,	NULL,	NULL),
(160,	159,	NULL,	NULL),
(161,	160,	NULL,	NULL),
(162,	161,	NULL,	NULL),
(163,	162,	NULL,	NULL),
(164,	163,	NULL,	NULL),
(165,	164,	NULL,	NULL),
(166,	165,	NULL,	NULL),
(167,	166,	NULL,	NULL),
(168,	167,	NULL,	NULL),
(169,	168,	NULL,	NULL),
(170,	169,	NULL,	NULL),
(171,	170,	NULL,	NULL),
(172,	171,	NULL,	NULL),
(173,	172,	NULL,	NULL),
(174,	173,	NULL,	NULL),
(175,	174,	NULL,	NULL),
(176,	175,	NULL,	NULL),
(177,	176,	NULL,	NULL),
(178,	177,	NULL,	NULL),
(179,	178,	NULL,	NULL),
(180,	179,	NULL,	NULL),
(181,	180,	NULL,	NULL),
(182,	181,	NULL,	NULL),
(183,	182,	NULL,	NULL),
(184,	183,	NULL,	NULL),
(185,	184,	NULL,	NULL),
(186,	185,	NULL,	NULL),
(187,	186,	NULL,	NULL),
(188,	187,	NULL,	NULL),
(189,	188,	NULL,	NULL),
(190,	189,	NULL,	NULL),
(191,	190,	NULL,	NULL),
(192,	191,	NULL,	NULL),
(193,	192,	NULL,	NULL),
(194,	193,	NULL,	NULL),
(195,	194,	NULL,	NULL),
(196,	195,	NULL,	NULL),
(197,	196,	NULL,	NULL),
(198,	197,	NULL,	NULL),
(199,	198,	NULL,	NULL),
(200,	199,	NULL,	NULL),
(201,	200,	NULL,	NULL),
(202,	201,	NULL,	NULL),
(203,	202,	NULL,	NULL),
(204,	203,	NULL,	NULL),
(205,	204,	NULL,	NULL),
(206,	205,	NULL,	NULL),
(207,	206,	NULL,	NULL),
(208,	207,	NULL,	NULL),
(209,	208,	NULL,	NULL),
(210,	209,	NULL,	NULL),
(211,	210,	NULL,	NULL),
(212,	211,	NULL,	NULL),
(213,	212,	NULL,	NULL),
(214,	213,	NULL,	NULL),
(215,	214,	NULL,	NULL),
(216,	215,	NULL,	NULL),
(217,	216,	NULL,	NULL),
(218,	217,	NULL,	NULL),
(219,	218,	NULL,	NULL),
(220,	219,	NULL,	NULL),
(221,	220,	NULL,	NULL),
(222,	221,	NULL,	NULL),
(223,	222,	NULL,	NULL),
(224,	223,	NULL,	NULL),
(225,	224,	NULL,	NULL),
(226,	225,	NULL,	NULL),
(227,	226,	NULL,	NULL),
(228,	227,	NULL,	NULL),
(229,	228,	NULL,	NULL),
(230,	229,	NULL,	NULL),
(231,	230,	NULL,	NULL),
(232,	231,	NULL,	NULL),
(233,	232,	NULL,	NULL),
(234,	233,	NULL,	NULL),
(235,	234,	NULL,	NULL),
(236,	235,	NULL,	NULL),
(237,	236,	NULL,	NULL),
(238,	237,	NULL,	NULL),
(239,	238,	NULL,	NULL),
(240,	239,	NULL,	NULL),
(241,	240,	NULL,	NULL),
(242,	241,	NULL,	NULL),
(243,	242,	NULL,	NULL),
(244,	243,	NULL,	NULL),
(245,	244,	NULL,	NULL),
(246,	245,	NULL,	NULL),
(247,	246,	NULL,	NULL),
(248,	247,	NULL,	NULL),
(249,	248,	NULL,	NULL),
(250,	249,	NULL,	NULL),
(251,	250,	NULL,	NULL),
(252,	251,	NULL,	NULL),
(253,	252,	NULL,	NULL),
(254,	253,	NULL,	NULL),
(255,	254,	NULL,	NULL),
(256,	255,	NULL,	NULL),
(257,	256,	NULL,	NULL),
(258,	257,	NULL,	NULL),
(259,	258,	NULL,	NULL),
(260,	259,	NULL,	NULL),
(261,	260,	NULL,	NULL),
(262,	261,	NULL,	NULL),
(263,	262,	NULL,	NULL),
(264,	263,	NULL,	NULL),
(265,	264,	NULL,	NULL),
(266,	265,	NULL,	NULL),
(267,	266,	NULL,	NULL),
(268,	267,	NULL,	NULL),
(269,	268,	NULL,	NULL),
(270,	269,	NULL,	NULL),
(271,	270,	NULL,	NULL),
(272,	271,	NULL,	NULL),
(273,	272,	NULL,	NULL),
(274,	273,	NULL,	NULL),
(275,	274,	NULL,	NULL),
(276,	275,	NULL,	NULL),
(277,	276,	NULL,	NULL),
(278,	277,	NULL,	NULL),
(279,	278,	NULL,	NULL),
(280,	279,	NULL,	NULL),
(281,	280,	NULL,	NULL),
(282,	281,	NULL,	NULL),
(283,	282,	NULL,	NULL),
(284,	283,	NULL,	NULL),
(285,	284,	NULL,	NULL),
(286,	285,	NULL,	NULL),
(287,	286,	NULL,	NULL),
(288,	287,	NULL,	NULL),
(289,	288,	NULL,	NULL),
(290,	289,	NULL,	NULL),
(291,	290,	NULL,	NULL),
(292,	291,	NULL,	NULL),
(293,	292,	NULL,	NULL),
(294,	293,	NULL,	NULL),
(295,	294,	NULL,	NULL),
(296,	295,	NULL,	NULL),
(297,	296,	NULL,	NULL),
(298,	297,	NULL,	NULL),
(299,	298,	NULL,	NULL),
(300,	299,	NULL,	NULL),
(301,	300,	NULL,	NULL),
(302,	301,	NULL,	NULL),
(303,	302,	NULL,	NULL),
(304,	303,	NULL,	NULL),
(305,	304,	NULL,	NULL),
(306,	305,	NULL,	NULL),
(307,	306,	NULL,	NULL),
(308,	307,	NULL,	NULL),
(309,	308,	NULL,	NULL),
(310,	309,	NULL,	NULL),
(311,	310,	NULL,	NULL),
(312,	311,	NULL,	NULL),
(313,	312,	NULL,	NULL),
(314,	313,	NULL,	NULL),
(315,	314,	NULL,	NULL),
(316,	315,	NULL,	NULL),
(317,	316,	NULL,	NULL),
(318,	317,	NULL,	NULL),
(319,	318,	NULL,	NULL),
(320,	319,	NULL,	NULL),
(321,	320,	NULL,	NULL),
(322,	321,	NULL,	NULL),
(323,	322,	NULL,	NULL),
(324,	323,	NULL,	NULL),
(325,	324,	NULL,	NULL),
(326,	325,	NULL,	NULL),
(327,	326,	NULL,	NULL),
(328,	327,	NULL,	NULL),
(329,	328,	NULL,	NULL),
(330,	329,	NULL,	NULL),
(331,	330,	NULL,	NULL),
(332,	331,	NULL,	NULL),
(333,	332,	NULL,	NULL),
(334,	333,	NULL,	NULL),
(335,	334,	NULL,	NULL),
(336,	335,	NULL,	NULL),
(337,	336,	NULL,	NULL),
(338,	337,	NULL,	NULL),
(339,	338,	NULL,	NULL),
(340,	339,	NULL,	NULL),
(341,	340,	NULL,	NULL),
(342,	341,	NULL,	NULL),
(343,	342,	NULL,	NULL),
(344,	343,	NULL,	NULL),
(345,	344,	NULL,	NULL),
(346,	345,	NULL,	NULL),
(347,	346,	NULL,	NULL),
(348,	347,	NULL,	NULL),
(349,	348,	NULL,	NULL),
(350,	349,	NULL,	NULL),
(351,	350,	NULL,	NULL),
(352,	351,	NULL,	NULL),
(353,	352,	NULL,	NULL),
(354,	353,	NULL,	NULL),
(355,	354,	NULL,	NULL),
(356,	355,	NULL,	NULL),
(357,	356,	NULL,	NULL),
(358,	357,	NULL,	NULL),
(359,	358,	NULL,	NULL),
(360,	359,	NULL,	NULL),
(361,	360,	NULL,	NULL),
(362,	361,	NULL,	NULL),
(363,	362,	NULL,	NULL),
(364,	363,	NULL,	NULL),
(365,	364,	NULL,	NULL),
(366,	365,	NULL,	NULL),
(367,	366,	NULL,	NULL),
(368,	367,	NULL,	NULL),
(369,	368,	NULL,	NULL),
(370,	369,	NULL,	NULL),
(371,	370,	NULL,	NULL),
(372,	371,	NULL,	NULL),
(373,	372,	NULL,	NULL),
(374,	373,	NULL,	NULL),
(375,	374,	NULL,	NULL),
(376,	375,	NULL,	NULL),
(377,	376,	NULL,	NULL),
(378,	377,	NULL,	NULL),
(379,	378,	NULL,	NULL),
(380,	379,	NULL,	NULL),
(381,	380,	NULL,	NULL),
(382,	381,	NULL,	NULL),
(383,	382,	NULL,	NULL),
(384,	383,	NULL,	NULL),
(385,	384,	NULL,	NULL),
(386,	385,	NULL,	NULL),
(387,	386,	NULL,	NULL),
(388,	387,	NULL,	NULL),
(389,	388,	NULL,	NULL),
(390,	389,	NULL,	NULL),
(391,	390,	NULL,	NULL),
(392,	391,	NULL,	NULL),
(393,	392,	NULL,	NULL),
(394,	393,	NULL,	NULL),
(395,	394,	NULL,	NULL),
(396,	395,	NULL,	NULL),
(397,	396,	NULL,	NULL),
(398,	397,	NULL,	NULL),
(399,	398,	NULL,	NULL),
(400,	399,	NULL,	NULL),
(401,	400,	NULL,	NULL),
(402,	401,	NULL,	NULL),
(403,	402,	NULL,	NULL),
(404,	403,	NULL,	NULL),
(405,	404,	NULL,	NULL),
(406,	405,	NULL,	NULL),
(407,	406,	NULL,	NULL),
(408,	407,	NULL,	NULL),
(409,	408,	NULL,	NULL),
(410,	409,	NULL,	NULL),
(411,	410,	NULL,	NULL),
(412,	411,	NULL,	NULL),
(413,	412,	NULL,	NULL),
(414,	413,	NULL,	NULL),
(415,	414,	NULL,	NULL),
(416,	415,	NULL,	NULL),
(417,	416,	NULL,	NULL),
(418,	417,	NULL,	NULL),
(419,	418,	NULL,	NULL),
(420,	419,	NULL,	NULL),
(421,	420,	NULL,	NULL),
(422,	421,	NULL,	NULL),
(423,	422,	NULL,	NULL),
(424,	423,	NULL,	NULL),
(425,	424,	NULL,	NULL),
(426,	425,	NULL,	NULL),
(427,	426,	NULL,	NULL),
(428,	427,	NULL,	NULL),
(429,	428,	NULL,	NULL),
(430,	429,	NULL,	NULL),
(431,	430,	NULL,	NULL),
(432,	431,	NULL,	NULL),
(433,	432,	NULL,	NULL),
(434,	433,	NULL,	NULL),
(435,	434,	NULL,	NULL),
(436,	435,	NULL,	NULL),
(437,	436,	NULL,	NULL),
(438,	437,	NULL,	NULL),
(439,	438,	NULL,	NULL),
(440,	439,	NULL,	NULL),
(441,	440,	NULL,	NULL),
(442,	441,	NULL,	NULL),
(443,	442,	NULL,	NULL),
(444,	443,	NULL,	NULL),
(445,	444,	NULL,	NULL),
(446,	445,	NULL,	NULL),
(447,	446,	NULL,	NULL),
(448,	447,	NULL,	NULL),
(449,	448,	NULL,	NULL),
(450,	449,	NULL,	NULL),
(451,	450,	NULL,	NULL),
(452,	451,	NULL,	NULL),
(453,	452,	NULL,	NULL),
(454,	453,	NULL,	NULL),
(455,	454,	NULL,	NULL),
(456,	455,	NULL,	NULL),
(457,	456,	NULL,	NULL),
(458,	457,	NULL,	NULL),
(459,	458,	NULL,	NULL),
(460,	459,	NULL,	NULL),
(461,	460,	NULL,	NULL),
(462,	461,	NULL,	NULL),
(463,	462,	NULL,	NULL),
(464,	463,	NULL,	NULL),
(465,	464,	NULL,	NULL),
(466,	465,	NULL,	NULL),
(467,	466,	NULL,	NULL),
(468,	467,	NULL,	NULL),
(469,	468,	NULL,	NULL),
(470,	469,	NULL,	NULL),
(471,	470,	NULL,	NULL),
(472,	471,	NULL,	NULL),
(473,	472,	NULL,	NULL),
(474,	473,	NULL,	NULL),
(475,	474,	NULL,	NULL),
(476,	475,	NULL,	NULL),
(477,	476,	NULL,	NULL),
(478,	477,	NULL,	NULL),
(479,	478,	NULL,	NULL),
(480,	479,	NULL,	NULL),
(481,	480,	NULL,	NULL),
(482,	481,	NULL,	NULL),
(483,	482,	NULL,	NULL),
(484,	483,	NULL,	NULL),
(485,	484,	NULL,	NULL),
(486,	485,	NULL,	NULL),
(487,	486,	NULL,	NULL),
(488,	487,	NULL,	NULL),
(489,	488,	NULL,	NULL),
(490,	489,	NULL,	NULL),
(491,	490,	NULL,	NULL),
(492,	491,	NULL,	NULL),
(493,	492,	NULL,	NULL),
(494,	493,	NULL,	NULL),
(495,	494,	NULL,	NULL),
(496,	495,	NULL,	NULL),
(497,	496,	NULL,	NULL),
(498,	497,	NULL,	NULL),
(499,	498,	NULL,	NULL),
(500,	499,	NULL,	NULL),
(501,	500,	NULL,	NULL),
(502,	501,	NULL,	NULL),
(503,	502,	NULL,	NULL),
(504,	503,	NULL,	NULL),
(505,	504,	NULL,	NULL),
(506,	505,	NULL,	NULL),
(507,	506,	NULL,	NULL),
(508,	507,	NULL,	NULL),
(509,	508,	NULL,	NULL),
(510,	509,	NULL,	NULL),
(511,	510,	NULL,	NULL),
(512,	511,	NULL,	NULL),
(513,	512,	NULL,	NULL),
(514,	513,	NULL,	NULL),
(515,	514,	NULL,	NULL),
(516,	515,	NULL,	NULL),
(517,	516,	NULL,	NULL),
(518,	517,	NULL,	NULL),
(519,	518,	NULL,	NULL),
(520,	519,	NULL,	NULL),
(521,	520,	NULL,	NULL),
(522,	521,	NULL,	NULL),
(523,	522,	NULL,	NULL),
(524,	523,	NULL,	NULL),
(525,	524,	NULL,	NULL),
(526,	525,	NULL,	NULL),
(527,	526,	NULL,	NULL),
(528,	527,	NULL,	NULL),
(529,	528,	NULL,	NULL),
(530,	529,	NULL,	NULL),
(531,	530,	NULL,	NULL),
(532,	531,	NULL,	NULL),
(533,	532,	NULL,	NULL),
(534,	533,	NULL,	NULL),
(535,	534,	NULL,	NULL),
(536,	535,	NULL,	NULL),
(537,	536,	NULL,	NULL),
(538,	537,	NULL,	NULL),
(539,	538,	NULL,	NULL),
(540,	539,	NULL,	NULL),
(541,	540,	NULL,	NULL),
(542,	541,	NULL,	NULL),
(543,	542,	NULL,	NULL),
(544,	543,	NULL,	NULL),
(545,	544,	NULL,	NULL),
(546,	545,	NULL,	NULL),
(547,	546,	NULL,	NULL),
(548,	547,	NULL,	NULL),
(549,	548,	NULL,	NULL),
(550,	549,	NULL,	NULL),
(551,	550,	NULL,	NULL),
(552,	551,	NULL,	NULL),
(553,	552,	NULL,	NULL),
(554,	553,	NULL,	NULL),
(555,	554,	NULL,	NULL),
(556,	555,	NULL,	NULL),
(557,	556,	NULL,	NULL),
(558,	557,	NULL,	NULL),
(559,	558,	NULL,	NULL),
(560,	559,	NULL,	NULL),
(561,	560,	NULL,	NULL),
(562,	561,	NULL,	NULL),
(563,	562,	NULL,	NULL),
(564,	563,	NULL,	NULL),
(565,	564,	NULL,	NULL),
(566,	565,	NULL,	NULL),
(567,	566,	NULL,	NULL),
(568,	567,	NULL,	NULL),
(569,	568,	NULL,	NULL),
(570,	569,	NULL,	NULL),
(571,	570,	NULL,	NULL),
(572,	571,	NULL,	NULL),
(573,	572,	NULL,	NULL),
(574,	573,	NULL,	NULL),
(575,	574,	NULL,	NULL),
(576,	575,	NULL,	NULL),
(577,	576,	NULL,	NULL),
(578,	577,	NULL,	NULL),
(579,	578,	NULL,	NULL),
(580,	579,	NULL,	NULL),
(581,	580,	NULL,	NULL),
(582,	581,	NULL,	NULL),
(583,	582,	NULL,	NULL),
(584,	583,	NULL,	NULL),
(585,	584,	NULL,	NULL),
(586,	585,	NULL,	NULL),
(587,	586,	NULL,	NULL),
(588,	587,	NULL,	NULL),
(589,	588,	NULL,	NULL),
(590,	589,	NULL,	NULL),
(591,	590,	NULL,	NULL),
(592,	591,	NULL,	NULL),
(593,	592,	NULL,	NULL),
(594,	593,	NULL,	NULL),
(595,	594,	NULL,	NULL),
(596,	595,	NULL,	NULL),
(597,	596,	NULL,	NULL),
(598,	597,	NULL,	NULL),
(599,	598,	NULL,	NULL),
(600,	599,	NULL,	NULL),
(601,	600,	NULL,	NULL),
(602,	601,	NULL,	NULL),
(603,	602,	NULL,	NULL),
(604,	603,	NULL,	NULL),
(605,	604,	NULL,	NULL),
(606,	605,	NULL,	NULL),
(607,	606,	NULL,	NULL),
(608,	607,	NULL,	NULL),
(609,	608,	NULL,	NULL),
(610,	609,	NULL,	NULL),
(611,	610,	NULL,	NULL),
(612,	611,	NULL,	NULL),
(613,	612,	NULL,	NULL),
(614,	613,	NULL,	NULL),
(615,	614,	NULL,	NULL),
(616,	615,	NULL,	NULL),
(617,	616,	NULL,	NULL),
(618,	617,	NULL,	NULL),
(619,	618,	NULL,	NULL),
(620,	619,	NULL,	NULL),
(621,	620,	NULL,	NULL),
(622,	621,	NULL,	NULL),
(623,	622,	NULL,	NULL),
(624,	623,	NULL,	NULL),
(625,	624,	NULL,	NULL),
(626,	625,	NULL,	NULL),
(627,	626,	NULL,	NULL),
(628,	627,	NULL,	NULL),
(629,	628,	NULL,	NULL),
(630,	629,	NULL,	NULL),
(631,	630,	NULL,	NULL),
(632,	631,	NULL,	NULL),
(633,	632,	NULL,	NULL),
(634,	633,	NULL,	NULL),
(635,	634,	NULL,	NULL),
(636,	635,	NULL,	NULL),
(637,	636,	NULL,	NULL),
(638,	637,	NULL,	NULL),
(639,	638,	NULL,	NULL),
(640,	639,	NULL,	NULL),
(641,	640,	NULL,	NULL),
(642,	641,	NULL,	NULL),
(643,	642,	NULL,	NULL),
(644,	643,	NULL,	NULL),
(645,	644,	NULL,	NULL),
(646,	645,	NULL,	NULL),
(647,	646,	NULL,	NULL),
(648,	647,	NULL,	NULL),
(649,	648,	NULL,	NULL),
(650,	649,	NULL,	NULL),
(651,	650,	NULL,	NULL),
(652,	651,	NULL,	NULL),
(653,	652,	NULL,	NULL),
(654,	653,	NULL,	NULL),
(655,	654,	NULL,	NULL),
(656,	655,	NULL,	NULL),
(657,	656,	NULL,	NULL),
(658,	657,	NULL,	NULL),
(659,	658,	NULL,	NULL),
(660,	659,	NULL,	NULL),
(661,	660,	NULL,	NULL),
(662,	661,	NULL,	NULL),
(663,	662,	NULL,	NULL),
(664,	663,	NULL,	NULL),
(665,	664,	NULL,	NULL),
(666,	665,	NULL,	NULL),
(667,	666,	NULL,	NULL),
(668,	667,	NULL,	NULL),
(669,	668,	NULL,	NULL),
(670,	669,	NULL,	NULL),
(671,	670,	NULL,	NULL),
(672,	671,	NULL,	NULL),
(673,	672,	NULL,	NULL),
(674,	673,	NULL,	NULL),
(675,	674,	NULL,	NULL),
(676,	675,	NULL,	NULL),
(677,	676,	NULL,	NULL),
(678,	677,	NULL,	NULL),
(679,	678,	NULL,	NULL),
(680,	679,	NULL,	NULL),
(681,	680,	NULL,	NULL),
(682,	681,	NULL,	NULL),
(683,	682,	NULL,	NULL),
(684,	683,	NULL,	NULL),
(685,	684,	NULL,	NULL),
(686,	685,	NULL,	NULL),
(687,	686,	NULL,	NULL),
(688,	687,	NULL,	NULL),
(689,	688,	NULL,	NULL),
(690,	689,	NULL,	NULL),
(691,	690,	NULL,	NULL),
(692,	691,	NULL,	NULL),
(693,	692,	NULL,	NULL),
(694,	693,	NULL,	NULL),
(695,	694,	NULL,	NULL),
(696,	695,	NULL,	NULL),
(697,	696,	NULL,	NULL),
(698,	697,	NULL,	NULL),
(699,	698,	NULL,	NULL),
(700,	699,	NULL,	NULL),
(701,	700,	NULL,	NULL),
(702,	701,	NULL,	NULL),
(703,	702,	NULL,	NULL),
(704,	703,	NULL,	NULL),
(705,	704,	NULL,	NULL),
(706,	705,	NULL,	NULL),
(707,	706,	NULL,	NULL),
(708,	707,	NULL,	NULL),
(709,	708,	NULL,	NULL),
(710,	709,	NULL,	NULL),
(711,	710,	NULL,	NULL),
(712,	711,	NULL,	NULL),
(713,	712,	NULL,	NULL),
(714,	713,	NULL,	NULL),
(715,	714,	NULL,	NULL),
(716,	715,	NULL,	NULL),
(717,	716,	NULL,	NULL),
(718,	717,	NULL,	NULL),
(719,	718,	NULL,	NULL),
(720,	719,	NULL,	NULL),
(721,	720,	NULL,	NULL),
(722,	721,	NULL,	NULL),
(723,	722,	NULL,	NULL),
(724,	723,	NULL,	NULL),
(725,	724,	NULL,	NULL),
(726,	725,	NULL,	NULL),
(727,	726,	NULL,	NULL),
(728,	727,	NULL,	NULL),
(729,	728,	NULL,	NULL),
(730,	729,	NULL,	NULL),
(731,	730,	NULL,	NULL),
(732,	731,	NULL,	NULL),
(733,	732,	NULL,	NULL),
(734,	733,	NULL,	NULL),
(735,	734,	NULL,	NULL),
(736,	735,	NULL,	NULL),
(737,	736,	NULL,	NULL),
(738,	737,	NULL,	NULL),
(739,	738,	NULL,	NULL),
(740,	739,	NULL,	NULL),
(741,	740,	NULL,	NULL),
(742,	741,	NULL,	NULL),
(743,	742,	NULL,	NULL),
(744,	743,	NULL,	NULL),
(745,	744,	NULL,	NULL),
(746,	745,	NULL,	NULL),
(747,	746,	NULL,	NULL),
(748,	747,	NULL,	NULL),
(749,	748,	NULL,	NULL),
(750,	749,	NULL,	NULL),
(751,	750,	NULL,	NULL),
(752,	751,	NULL,	NULL),
(753,	752,	NULL,	NULL),
(754,	753,	NULL,	NULL),
(755,	754,	NULL,	NULL),
(756,	755,	NULL,	NULL),
(757,	756,	NULL,	NULL),
(758,	757,	NULL,	NULL),
(759,	758,	NULL,	NULL),
(760,	759,	NULL,	NULL),
(761,	760,	NULL,	NULL),
(762,	761,	NULL,	NULL),
(763,	762,	NULL,	NULL),
(764,	763,	NULL,	NULL),
(765,	764,	NULL,	NULL),
(766,	765,	NULL,	NULL);

DROP TABLE IF EXISTS `season`;
CREATE TABLE `season` (
  `id` int(11) NOT NULL AUTO_INCREMENT,
  `title` varchar(128) NOT NULL,
  PRIMARY KEY (`id`)
) ENGINE=InnoDB DEFAULT CHARSET=utf8mb4;

INSERT INTO `season` (`id`, `title`) VALUES
(1,	'Livre I'),
(2,	'Livre II'),
(3,	'Livre III'),
(4,	'Livre IV'),
(5,	'Livre V'),
(6,	'Livre VI'),
(7,	'Pilote');

DROP TABLE IF EXISTS `user`;
CREATE TABLE `user` (
  `id` int(11) NOT NULL AUTO_INCREMENT,
  `email` varchar(180) NOT NULL,
  `password` varchar(255) NOT NULL,
  `role` varchar(255) NOT NULL,
  `avatar_id` int(11) DEFAULT NULL,
  PRIMARY KEY (`id`),
  KEY `avatar_id` (`avatar_id`),
  CONSTRAINT `user_ibfk_1` FOREIGN KEY (`avatar_id`) REFERENCES `avatar` (`id`) ON DELETE SET NULL
) ENGINE=InnoDB DEFAULT CHARSET=utf8mb4;

INSERT INTO `user` (`id`, `email`, `password`, `role`, `avatar_id`) VALUES
(1,	'clara@oclock.fr',	'clara',	'USER',	NULL),
(2,	'edith@oclock.fr',	'edith',	'ADMIN',	2),
(3,	'alexandre@oclock.fr',	'alexandre',	'MANAGER',	3),
(4,	'aurelie@oclock.fr',	'aurelie',	'ADMIN',	1),
(5,	'celine@oclock.fr',	'celine',	'ADMIN',	NULL),
(6,	'angele@oclock.fr',	'angele',	'ADMIN',	NULL);

-- 2023-03-30 09:53:07