-- Adminer 4.7.6 MySQL dump

SET NAMES utf8;
SET time_zone = '+00:00';
SET foreign_key_checks = 0;
SET sql_mode = 'NO_AUTO_VALUE_ON_ZERO';

SET NAMES utf8mb4;

DROP TABLE IF EXISTS `actor`;
CREATE TABLE `actor` (
  `id` int(11) NOT NULL AUTO_INCREMENT,
  `name` varchar(64) COLLATE utf8mb4_unicode_ci NOT NULL,
  `picture` varchar(128) COLLATE utf8mb4_unicode_ci DEFAULT NULL,
  `description_picture` longtext COLLATE utf8mb4_unicode_ci DEFAULT NULL,
  `description` longtext COLLATE utf8mb4_unicode_ci DEFAULT NULL,
  PRIMARY KEY (`id`)
) ENGINE=InnoDB DEFAULT CHARSET=utf8mb4 COLLATE=utf8mb4_unicode_ci;

INSERT INTO `actor` (`id`, `name`, `picture`, `description_picture`, `description`) VALUES
(1,	'Vanessa Guedj',	'VanessaGuedl.webp',	'Publié par Copyright Cinefil 2023 - https://www.cinefil.com/star/vanessa-guedj/biographie',	'Vanessa Guedj est une actrice et chanteuse française née le 18 mai 1976. Elle débute en 1987 dans Le Grand Chemin de Jean-Loup Hubert, où elle donne la réplique à Richard Bohringer, Anémone, et Antoine Hubert lui-même encore enfant, le propre fils du cinéaste ligérien... La même année, elle est choriste pour l\'un des derniers 45 tours de Douchka, Comme le dit toujours mon père, aux côtés d\'Anne Meson. Entre 1987 et 1989, elle tient le rôle principal dans les vingt épisodes de la série Souris noire, réalisée par Jean-Pierre Bastid, sur FR3. Dans les années 1990, elle multiplie les rôles, au théâtre, au cinéma (Les Braqueuses) ou à la télévision (Maigret, Julie Lescaut). Elle retrouve des rôles récurrents d\'abord en 2003 avec Diane, femme flic, puis en incarnant Angharad, la suivante de la reine Guenièvre, dans Kaamelott en 2005 (dans les épisodes pilotes, elle incarne Guenièvre elle-même). Entre 1997 et 2001, elle travaille au TNP de Villeurbanne. En 2006, elle sort son premier album, Amour et autres facéties, où elle raconte en douze chansons l\'évolution des relations amoureuses de l\'enfance à la vieillesse. Elle quitte la série Kaamelott en 2007, à la suite d\'un différend avec Alexandre Astier, qui le confirmera lors d\'une dédicace. En 2010, on la voit au théâtre dans la pièce Le Président, sa femme et moi. Source: Article \"Vanessa Guedj\" de Wikipédia en français, soumis à la licence CC-BY-SA 3.0.'),
(2,	'Anouk Grinberg',	'AnoukGrinberg.jpg',	'Par Michel Broué — Travail personnel, CC BY-SA 4.0, https://commons.wikimedia.org/w/index.php?curid=56299298',	'Anouk Grinberg, née le 20 mars 1963 à Uccle, en Belgique, est une actrice et comédienne française.\r\n\r\nAnouk est une actrice à la très longue carrière au cinéma, qui ne fait que de rares apparitions à la télévision avant 2007, lorsqu\'elle incarne Anna de Tintagel dans Kaamelott. Elle la joue dans quatre épisodes, des saisons 4 à 6. Elle participe aussi en 2008 à la mini-série Voici venir l\'orage...'),
(3,	'Emmanuel Meirieu',	'EmmanuelMeirieu.jpg',	'Publié par hypnoweb.net - https://kaamelott.hypnoweb.net/kaamelott/acteurs-secondaires/rome/emmanuel-meirieu.119.1238/',	'Il a travaillé dans Kaamelott à la fois comme art-designer et comme acteur, interprétant Manilius, le meilleur ami d\'Arthur.'),
(4,	'Lan Truong',	NULL,	NULL,	'Lan Truong, né au Vietnam est un acteur vietnamien. Il est décédé en 2007 d\'un accident de voiture.\r\n\r\nIl a collaboré depuis 1988 avec plusieurs metteurs en scène français et à deux reprises avec Bruno Boëglin pour Pinocchio 1998 et Brautigan en 2003. De 2005 à 2006, il interprète Attiladans dans Kaamelott.'),
(5,	'François Morel',	'FrancoisMorel.jpg',	'Par Thesupermat — Travail personnel, CC BY-SA 4.0, https://commons.wikimedia.org/w/index.php?curid=58381375',	'François Morel, né le 10 juin 1959, est un acteur, scénariste et auteur français.\r\n\r\nEn 1989, il obtient le rôle du groom dans le pilote de la série télévisée Palace. Puis il intègre la troupe des Deschiens. Sa notoriété explose en 1994 lorsque l\'univers de Jérôme Deschamps et Macha Makeïeff est transposé au petit écran dans une série appelée Les Deschiens, diffusée sur Canal+ dans l\'émission Nulle Part Ailleurs.\r\n\r\nIl enchaine alors les films et téléfilms, se faisant une place de choix au cinéma et à la télévision. En 2005, il fait une première apparition dans Kaamelott.'),
(6,	'Yvan le Bolloc\'h',	'YvanLeBolooch.jpg',	'Par Eriotac — Travail personnel, CC BY-SA 3.0, https://commons.wikimedia.org/w/index.php?curid=16634869',	'Yvan Le Bolloc\'h, né le 20 décembre 1961 à Brest est un animateur de télévision, musicien et acteur français.\r\n\r\nYvan Le Bolloc\'h a tout d\'abord débuté en tant qu\'instituteur, métier qu\'il a exercé pendant quatre années en Bretagne. Travaillant régulièrement avec Bruno Solo, il a présenté avec celui-ci des émissions musicales sur Canal+ dans les années 1990 (le Top 50 et Le Plein de super) jusqu\'à la création de la série télévisée Caméra Café en 2001-2004 sur M6 et son adaptation cinéma sous le titre d\'Espace Détente puis Le Séminaire.\r\n\r\nIl fait également une petite apparition sur M6 dans la série Kaamelott d\'Alexandre Astier le temps d\'un épisode du Livre I de la série, où il y incarne Breccan, le constructeur de la table ronde.'),
(7,	'Stéphane Margot',	'StephaneMargot.jpg',	'Publié par Stéphane Margot, photo prise par @ Robin Gervais - https://stephane-margot.com/cv/',	'Dans la lumière, il a participé à l’épopée Kaamelott, d’Alexandre Astier, où il incarne Calogrenant (roi de Calédonie). Il a joué dans de nombreux films et téléfilms : Belle et Sébastien 3 de Clovis Cornillac, Profession du père de Jean-Pierre Améris, les Emmerdeurs, web série Golden Moustache, La vie des bêtes de Orso Miret, Le goût de la vie de Sandrine Cohen, Le troisième jour de Bernard Stora….'),
(8,	'François Levantal',	'FrancoisLevanthal.jpg',	'Par Georges Biard, CC BY-SA 3.0, https://commons.wikimedia.org/w/index.php?curid=86300124',	'François Levanthal, né le 12 octobre 1960 à Paris, est un acteur et comédien français.\r\n\r\nEn 2006, il met en scène le one-man-show de Nicolas Koretzky. L\'année suivante, il participe à la mini-série La lance de la destinée. Cette même année, il devient pour trois ans Philippe Munoz dans la série Sur le fil. Ce tournant vers les séries se confirme lorsqu\'en 2009, il devient le sénateur Publius dans la dernière saison de Kaamelott, et joue dans le téléfilm Cartouche, le brigand magnifique.'),
(9,	'Pierre Mondy',	'PierreMondy.jpg',	'Par Michaël Bemelmans — Travail personnel, CC BY-SA 4.0, https://commons.wikimedia.org/w/index.php?curid=48682900',	'Pierre Mondy, né le 10 février 1925 à Neuilly-sur-Seine et mort le 15 septembre 2012 à Paris, est un acteur, comédien, réalisateur, scénariste et metteur en scène français.\r\n\r\nEn 2008, il joue le rôle de César dans le Livre VI de la série Kaamelott.'),
(10,	'Claire Nadeau',	'ClaireNadeau.webp',	'Publié par Copyright Cinefil 2023 - https://www.cinefil.com/star/claire-nadeau/biographie',	'Actrice française née le 1er juin 1945, Claire Nadeau a joué aussi bien dans des comédies que dans des drames.\r\n\r\nEn 1976, elle incarne Sylvia dans Duelle de Jacques Rivette et interprète un petit rôle dans le film de Claude Lelouch Il y des jours... et des lunes. Puis Claude Sautet lui offre en 1995 le rôle de Jacqueline dans \'Nelly et Monsieur Arnaud\' aux côtés d\'Emmanuelle Béart. Elle apparaît au également au générique du film \'On connaît la chanson\' d\'Alain Resnais.\r\n\r\nDepuis quelques années, on la voit beaucoup à la télévision notamment dans des publicités et des séries populaires telles que La Crim ou encore Kaamelott.\r\n\r\nDébut 2008, elle donne la réplique à Michèle Laroque et Jacques Gamblin dans la comédie Enfin veuve d\'Isabelle Mergault.'),
(11,	'Antoine de Caunes',	'AntoinedeCaunes.jpg',	'Par Le grand Cricri — Travail personnel, CC BY-SA 3.0, https://commons.wikimedia.org/w/index.php?curid=15023867',	NULL),
(12,	'Audrey Fleurot',	'AudreyFleurot.jpg',	'Par Georges Biard, CC BY-SA 3.0, https://commons.wikimedia.org/w/index.php?curid=26727716',	'Audrey Fleurot, née le 6 juillet 1977 à Paris, est une actrice française.\r\n\r\nD\'abord comédienne au théâtre, elle débute sa carrière cinématrographique en 2002, dans le téléfilm de Jacques Maillot, Froid comme l\'été. Elle joue ensuite dans des courts-métrages, avant de devenir en 2004 la Dame du Lac dans Kaamelott. Elle tient ce rôle les six saisons, jusqu\'en 2009, jouant en parallèle Joséphine Karlsson dans la série Engrenages, un personnage qu\'elle joue les huit saisons, jusqu\'en 2020.'),
(13,	'Anne Benoît',	'AnneBenoit.jpg',	'Publié par hypnoweb.net - https://kaamelott.hypnoweb.net/kaamelott/acteurs-secondaires/rome/anne-benoit.119.1433/',	'Elle a suivi les cours de Marcelle Tassencourt au conservatoire de Versailles, puis ceux de l’École Tania Balachova-Vera Gregh. Elle a participé aux Ateliers du Théâtre national de Chaillot dans les ateliers d’Antoine Vitez, Sophie Loucachevsky, Aurélien Recoing.\r\n\r\nElle joue sur scène pendant vingt ans les plus grands classiques, d\'Euripide à Brecht en passant par Feydeau, avant de commencer à apparaitre au début des années 2000 au cinéma et à la télévision. Elle participe par exemple à Avocats et associés, Chez Maupassant ou Les petits meurtres d\'Agatha Christie. En 2009, elle interprète dans Kaamelott l\'amie et servante très protectrice d\'Aconia, Drusilla.'),
(14,	'Alain Chabat',	'AlainChabat.jpg',	'Par Pascal Fernandez — http://blofeld60.deviantart.com/gallery/, CC BY-SA 2.5, https://commons.wikimedia.org/w/index.php?curid=1589655',	'Alain Chabat, né le 24 novembre 1958 à Oran, est un acteur, scénariste, producteur, réalisateur et animateur de télévision français.\r\n\r\nAlain Chabat est un acteur, réalisateur, scénariste, producteur et animateur de télévision français, devenu célèbre grâce à son émission Les nuls à partir de 1987. Après avoir travaillé plusieurs années à la radio, il tourne ensuite plusieurs films qui deviennent cultes : La cité de la peur, Les Nuls, Gazon maudit, Le cousin, Chouchou, Mais qui a tué Paméla Rose ou encore Rrrr.\r\n\r\nEn 2009, il incarne Napoleon Bonaparte dans La nuit au musée 2.  Deux ans plus tard, il joue Maître Labru dans La guerre des boutons. Il est aussi connu pour avoir prêté sa voix au personnage de la mouette Silas dans L\'age de glace, mais surtout à Shrek.\r\n\r\nEn 2007, il a incarné le Duc d\'Aquitaine dans la saison 5 de Kaamelott. '),
(15,	'Émilie Dequenne',	'EmilieDequenne.jpg',	'Par Georges Biard, CC BY-SA 3.0, https://commons.wikimedia.org/w/index.php?curid=20227154',	NULL),
(16,	'Alexis Hénon',	'AlexisHenon.jpg',	'Publié par hypnoweb.net - https://www.hypnoweb.net/www/acteurs/alexis-henon-biographie-carriere-et-filmographie.2.1752/',	'Alexis Hénon, né le 23 novembre 1972 à Dijon, est un acteur et comédien français.\r\n\r\nIl est formé au C.D.N. de Bourgogne de 1988 à 1991, notamment par Joelle Sevilla. Il fonde avec elle plusieurs compagnies de théâtre : La traite des planches, puis Le studio de la trinite, devenu entretemps L\'acting Studio qui est à l\'origine de Kaamelott.'),
(17,	'Philippe Nahon',	'PhilippeNahon.jpg',	'Par Lupin le vorace from Montréal, Canada — Flickr, CC BY-SA 2.0, https://commons.wikimedia.org/w/index.php?curid=31034275',	'Philippe Nahon, né le 24 décembre 1938 à Paris et décédé le 19 avril 2020, est un acteur et comédien français.\r\n\r\nA la télévision, on a notamment pu le le voir incarner ces dernières années Goustan le Cruel, dans Kaamelott.'),
(18,	'Thibault Roux',	NULL,	NULL,	NULL),
(19,	'Tony Saba',	NULL,	NULL,	'Tony Saba est un acteur français.\r\n\r\nIl interprète Hervé de Rinel, d\'abord dans le court-métrage Dies Irae en 2003 puis dans Kaamelott de 2005 à 2009.\r\n\r\nIl a notamment composé des musiques pour Alexandre Astier dans Kaamelott.'),
(20,	'Loránt Deutsch',	'LorantDeutsch.jpg',	'Par Georges Biard, CC BY-SA 3.0, https://commons.wikimedia.org/w/index.php?curid=33196726',	'Lorànt Deutsch, de son vrai nom Laszlo Matekovics, né le 27 octobre 1975 à Alençon, est un acteur, comédien, écrivain et chroniqueur français.\r\n\r\nDiplomé en 1998, il débute une carrière au cinéma avec le film Le Ciel, les oiseaux et... ta mère ! de Djamel Bensalah. Il enchaine alors films et apparitions dans des séries, jouant notamment en 2002 dans Caméra café, et en 2005 l\'interprète burgonde dans Kaamelott.'),
(21,	'Alexandra Saadoun',	NULL,	NULL,	NULL),
(22,	'Christian Clavier',	'ChristianClavier.jpg',	'Par Georges Biard, CC BY-SA 3.0, https://commons.wikimedia.org/w/index.php?curid=26490643',	'Christian Clavier, né le 6 mai 1952, est un acteur, comédien, producteur, réalisateur et scénariste français.\r\n\r\nEn 2007, il il rejoint le livre V de Kaamelott, dans la peau du jurisconsulte, un rôle qu\'il reprend dans les films.'),
(23,	'Tcheky Karyo',	'TchekyKaryo.jpg',	'Par Georges Biard, CC BY-SA 3.0, https://commons.wikimedia.org/w/index.php?curid=26834762',	'Tcheky Karyo, de son vrai nom Baruh Djaki Karyo, né le 4 octobre 1953 à Istanbul, est un acteur et comédien français.\r\n\r\nEn 2009, il joue pour la première fois un rôle principal sur la longueur dans la saison 6 de Kaamelott'),
(24,	'Caroline Ferrus',	'CarolineFerrus.jpg',	'Publié par hypnoweb.net - https://kaamelott.hypnoweb.net/kaamelott/acteurs-secondaires/famille-de-karadoc/caroline-ferrus.119.3546/',	'Caroline Ferrus, née le 5 octobre 1976, est une actrice française.\r\n\r\nActrice de talent, Caroline Ferrus a autant d\'expérience au cinéma qu\'à la télévision. Elle vient cependant du milieu théâtral, où elle a fait ses premières armes et où elle a été formée à la comédie. L\'actrice a mulitiplié les apparitions dans des cours-métrages, films et séries, sans oublier les publicités. Elle a aussi continué de fouler les planches ces dernières années. Le grand public la connait cependant majoritairement pour le rôle de Mevanwi de Vannes, épouse du seigneur Karadoc dans la série Kaamelott, qu\'elle a tenu durant cinq ans, de 2005 à 2009.'),
(25,	'Patrick Chesnais',	'PatrickChesnais.jpg',	'Par Georges Biard, CC BY-SA 3.0, https://commons.wikimedia.org/w/index.php?curid=26727709',	'Patrick Chesnais de son vrai nom Chenais, est né le 18 mars 1947 à La Garenne-Colombes dans les Hauts-de-Seine à côté de Paris. C\'est un acteur, réalisateur, dialoguiste et scénariste français.\r\n\r\nEn 2009 il joue dans la saison 6 de Kaamelott.'),
(26,	'Axelle Laffont',	'AxelleLaffont.jpg',	'Par Georges Biard, CC BY-SA 3.0, https://commons.wikimedia.org/w/index.php?curid=28205390',	'Axelle Laffont, née le 24 juillet 1970 à Marseille, est une actrice et humoriste française.\r\n\r\nEn 2006, elle apparait dans un épisode de Kaamelott.'),
(27,	'Pascal Demolon',	'PascalDemolon.jpg',	'Par Mamzou2 — Travail personnel, CC BY-SA 4.0, https://commons.wikimedia.org/w/index.php?curid=125387580',	'Pascal Demolon, né le 2 septembre 1964 à Soissons dans le département de l\'Aisne, est un acteur et comédien français.\r\n\r\nEn 2009, il participe à la saison 6 de Kaamelott. '),
(28,	'Manu Payet',	'ManuPayer.jpg',	'Par Georges Biard, CC BY-SA 4.0, https://commons.wikimedia.org/w/index.php?curid=67063145',	NULL),
(29,	'Josée Drevon',	'JoséeDrevon.jpg',	'Par NocK — Travail personnel, CC BY-SA 3.0, https://commons.wikimedia.org/w/index.php?curid=27191198',	'Josée Drevon est une actrice, metteuse en scène et comédienne française.\r\n\r\nJosée Drevon est avant une très grande comédienne. Elle a commencé sur les planches en 1978 et n\'a jamais cessé de jouer: elle a notamment travaillé pendant vingt ans au Centre Dramatique National de Dijon. C\'est aussi une metteuse en scène, qui a travaillé sur Rencontre avec un homme remarquable, le Docteur Frankenstein en 1982 et La Muse aux cuisines et Les Mères d\'Elizabeth Barbazin, en 1984 et 1985. Elle a aussi joué plusieurs fois dans La nuit des Camisards, en 2007, 2008 et 2013, une pièce écrite par Lionel Astier. On l\'a aussi vue en 2009 dans des adaptations de Macbeth et La Cerisaie d\'Anton Tchekhov.\r\n\r\nJosée Drevon a aussi joué sur le petit et grand écran: elle est apparue dans Les Couloirs du temps : Les Visiteurs 2 en 1998, et a participé en 2012 au court-métrage Jeux funèbres, qui ne réunit que des acteurs de Kaamelott.\r\n\r\nC\'est d\'ailleurs par Kaamelott qu\'elle s\'est fait connaitre à la télévision, en interprétant Ygerne, la mère du roi Arthur de 2005 à 2009.'),
(30,	'Alexandre Astier',	'AlexandreAstier.jpg',	'Par Selbymay — Travail personnel, CC BY-SA 4.0, https://commons.wikimedia.org/w/index.php?curid=128685674',	'Alexandre Astier, né le 16 juin 1974 à Lyon, est un acteur, auteur, réalisateur, compositeur, scénariste, producteur, monteur et musicien français.\r\nIl est notamment connu en tant que créateur et interprète principal de la saga Kaamelott (2005-2009).\r\nIl a également scénarisé et coréalisé les films d\'animation Astérix : Le Domaine des dieux (2014) et Astérix : Le Secret de la potion magique (2018).'),
(31,	'Jean-Robert Lombard',	'JeanRobertLombard.jpg',	'Publié par hypnoweb.net - https://kaamelott.hypnoweb.net/kaamelott/acteurs-principaux/jean-robert-lombard.119.2479/',	'Il a été formé au Conservatoire Régional de Théâtre de Toulon et à l\'école régionale d\'acteurs de Cannes (ERAC), avant d\'être diplômé de l\'Ecole Nationale Supérieure des Arts et Techniques du Théâtre (ENSATT, Lyon) en 2000.\r\n\r\nIl débute sa carrière en 2001 avec un petit rôle dans le film Un crime au Paradis. Il tourne ensuite en 2003 dans le court-métrage Dies iræ, sa première collaboration avec Alexandre Astier. Il reprend dès 2004 le rôle du Père Blaise dans la série Kaamelott, et ce jusqu\'en 2009.'),
(32,	'Nicolas Gabion',	'NicolasGabion.jpg',	'Par © Xavier Caré / Wikimedia Commons, CC BY-SA 3.0, https://commons.wikimedia.org/w/index.php?curid=31236535',	'Nicolas Gabion, né le 1er juin 1972 à Saint-Etienne, est un comédien, professeur et scénariste français.\r\n\r\nAprès beaucoup de rôles au théâtre,  dans les répertoires classiques (Molière, Shakespeare, Tchekhov,  Sophocle) et contemporains, sa carrière s\'oriente vers la télévision et  le cinéma. Il obtient le rôle du chevalier Bohort dans Kaamelott en 2004.'),
(33,	'Guillaume Briat',	'GuillaumeBriat.jpg',	'Par Photo Béatrice Cruveiller — https://www.guillaume-briat.com/portraits-1, CC BY-SA 4.0, https://commons.wikimedia.org/w/index.php?curid=124324376',	'Guillaume Briat, né le 17 décembre 1966, est un acteur et comédien français.\r\n\r\nIl enchaine les petits rôles, se développant une carrière solide d\'acteur secondaire. Il fait de même en parallèle à la télévision, son rôle le plus connu demeurant le roi Burgonde de Kaamelott.'),
(34,	'Bruno Salomone',	'BrunoSalomone.webp',	'Publié par Copyright Cinefil 2023 - https://www.cinefil.com/star/bruno-salomone/biographie',	'Bruno Salomone, né le 13 juillet 1970 à Villeneuve-Saint-Georges, est un acteur, comédien et humoriste français.\r\n\r\nA partir de 2005, il interprète le Romain Caïus Camilus dans Kaamelott. Il joue aussi dans la mini-série Clara Sheller.'),
(35,	'Caroline Pascal',	'CarolinePascal.jpg',	'Publié par hypnoweb.net - https://kaamelott.hypnoweb.net/kaamelott/acteurs-secondaires/les-maitresses/caroline-pascal.119.3531/',	'Caroline Pascal, née le 8 février 1982 à Lyon, est une actrice, réalisatrice et scénariste française.\r\n\r\nConnue principalement pour son rôle de Demetra dans la série télévisée Kaamelott, qu\'elle a interprêté trois années durant, elle fait aussi du théâtre et du doublage. Elle prête de ce fait régulièrement sa voix au cinéma et à la télévision, et on a pu la voir apparaitre dans des jeux vidéos. Elle double également des personnages de séries américaines.'),
(36,	'Bruno Fontaine',	'BrunoFontaine.jpg',	'Publié par hypnoweb.net - https://kaamelott.hypnoweb.net/kaamelott/acteurs-secondaires/le-monde-magique/bruno-fontaine.119.3391/',	'Bruno Fontaine est un acteur français.\r\n\r\nIl apparait pour la première fois en 2001 dans le court-métrage d\'Alexandre Astier Un soupçon fondé sur quelque chose de gras. Il enchaine ensuite les petits rôles sur le petit écran, mais son personnage le plus connu demeure Elias de Kelliwic\'h, qu\'il interprète dans la série Kaamelott de 2005 à 2007.'),
(37,	'Aurélien Portehaut',	'AurelienPortehaut.jpg',	'Publié par hypnoweb.net - https://kaamelott.hypnoweb.net/kaamelott/acteurs-principaux/aurelien-portehaut.119.2477/',	'Aurélien Portehaut, né le 30 novembre 1982 à Saint-Martin-d\'Hères, est un comédien, scénariste et metteur en scène français.\r\n\r\nUne fois à Lyon, Il fait la connaissance d\'Alexandre Astier. Ils vont jouer ensemble dans Le Jour du Froment, et ensuite, dans la série Kaamelott.'),
(38,	'Anne Girouard',	'AnneGirouard.jpg',	'Par r 	Georges Seguin — Cette image a été extraite d&#039;un autre fichier, CC BY-SA 2.5, https://commons.wikimedia.org/w/index.php?curid=50985197',	'Anne Girouard, née le 18 mars 1976 à la Garenne-Colombes, est une actrice française.\r\n\r\nAnne Girouard est principalement connue du grand public pour son rôle de la reine Guenièvre dans Kaamelott. Elle a tenu ce rôle cinq ans durant, et est annoncée dans la trilogie de films à venir.\r\n\r\nEn parallèle de Kaamelott, Anne Girouard est apparue dans trois téléfilms, un court-métrage et de nombreux longs-métrages, dont l\'acclamé La journée de la jupe en 2008. Elle a notamment tourné en 2007 dans le film L\'Auberge rouge, et fait une apparition la même année dans Enfin veuve. En 2011, elle tient un des rôles principaux du téléfilm La grêve des femmes. Elle continue d\'apparaitre régulièrement au cinéma, avant d\'interprêter la mère d\'un des personnages principaux de Bis en 2015. \r\n\r\n'),
(39,	'Serge Papagalli',	'SergePapagalli.jpg',	'Publié par hypnoweb.net - https://kaamelott.hypnoweb.net/kaamelott/acteurs-secondaires/le-peuple/serge-papagalli.119.3541/',	'Serge Papagalli, né le 4 mars 1947 à Grenoble, est un acteur et comédien français.\r\n\r\nDans les années 2000 et 2010, il joue beaucoup au théâtre et fait des tournées. Il joue le paysan Guethenoc de 2005 à2009 dans Kaamelott.  '),
(40,	'Georges Beller',	'GeorgesBeller.jpg',	'Par Bernard Grychowski — Travail personnel, CC BY-SA 4.0, https://commons.wikimedia.org/w/index.php?curid=52891773',	'Georges Beller, né le 10 janvier 1946 à Paris, est un acteur et animateur de télévision.\r\n\r\nGeorge Beller débute sa carrière sur les planches, principalement dans des pièces de boulevard: comédien reconnu, il est également principalement un acteur de cinéma. On l\'y voit pendant vingt ans, de 1968 à 1988. Il est ainsi apparu dans James Bond : Moonraker en 1979.\r\n\r\nC\'est d\'ailleurs principalement dans des téléfilms qu\'on le voit sur le petit écran. Ses rôles dans des séries sont limités: il a tenu deux rôles principaux, d\'abord de 1978 à 1986 dans Médecins de nuit, et en 1987 dans Bonjour maitre. Il apparait également en 2005 dans un épisode de Kaamelott, dans le rôle du seigneur Jacca.'),
(41,	'Brice Fournier',	'BriceFournier.jpg',	'Par Georges Seguin (Okki) — Travail personnel, CC BY-SA 3.0, https://commons.wikimedia.org/w/index.php?curid=2943734',	'Brice Fournier, né le 20 juin 1966 à Lyon, est un acteur, comédien et réalisateur français.\r\n\r\nBrice a débuté au théâtre, en 2001, dans l\'adaptation d\'Alexandre Astier Timon d\'Athènes. On le retrouve en 2005 dans Le songe d\'une nuit d\'été.\r\n\r\nMalgré quelques apparitions dans des courts-métrages et des séries comme R.I.S police scientifique, il se fait vraiment connaître quand il intègre la distribution de la série Kaamelott en jouant le rôle de Kadoc, le frère abruti du chevalier Karadoc.'),
(42,	'Jean-Christophe Hembert',	'JeanChristopheHembert.webp',	'Publié par Copyright Cinefil 2023 -https://www.cinefil.com/star/jean-christophe-hembert/biographie',	'Jean-Christophe Hembert, né le 4 mars 1976 à Villeurbanne, est un comédien, metteur en scène, et réalisateur français.\r\n\r\nIl est présent à la création de Kaamelott dès le départ, jouant le chevalier Karadoc dans le court-métrage Dies Irae, avant de le refaire dans Kaamelott de 2005 à 2009. Il est également le directeur artistique de la série. Il a continué à travailler avec Alexandre Astier après la série, mettant en scène à ses côtés les pièces de théâtre Que ma joie demeure ! et L\'exoconférence.'),
(43,	'Thomas Cousseau',	'ThomasCousseau.webp',	'Publié par Copyright Cinefil 2023 - https://www.cinefil.com/star/thomas-cousseau-2/biographie',	'Thomas Cousseau, né le 6 juin 1968 à Saint-Nizier est un acteur français. Il est issu du monde du théâtre. Élève de Catherine Hiegel et Daniel Mesguich au Conservatoire national supérieur d\'art dramatique (CNSAD), il joue avec Christian Schiaretti, Laurent Terzieff, Roger Planchon, Pierre Vial, Françoise Petit, Ludovic Lagarde, Marion Bierry, Jean-Christophe Hembert et Christian Crozet, entre autres. Au cinéma et à la télévision, il tourne pour Jean-Pierre Denis, Alexandre Astier, Étienne Dhaene, Michel Hassan, Jacques Meny et Laurence Ferrera Barbosa. Il apparaît également dans un épisode de la série Groupe flag, dans un épisode de Julie Lescaut et dans la série policière PJ. Il a traduit Henry IV, Macbeth et Timon d\'Athènes qu\'il a également interprété dans le rôle-titre. On l\'a également vu sur scène dans Le Génie des forêts de Tchekhov, aux côtés de Jean-Pierre Darroussin, ainsi que dans le rôle de Macbeth.'),
(44,	'Lionnel Astier',	'LionnelAstier.jpg',	'Par Mireille Dubreuil — Travail personnel, CC BY-SA 4.0, https://commons.wikimedia.org/w/index.php?curid=18689538',	'Lionnel Astier, né le 31 octobre 1953 à Alès, est un acteur, scénariste et metteur en scène français.\r\n\r\nIl a joué dans une soixantaine de pièces de théâtre,classiques, modernes et des comédies, dont une sur la scène du Splendid. Il a également joué dans une soixantaine de téléfilms et séries.\r\n\r\nIl interprète tout le long de Kaamelott le beau-père raleur et amateur de guerre du roi Arthur, le roi Léodagan de Carmélide. Il y joue avec ses deux fils, Alexandre (Arthur) et Simon (Yvain). Son ex-épouse, Joelle Sevilla, qui est aussi la mère d\'Alexandre, incarne aussi sa femme.'),
(45,	'François Rollin',	'FrançoisRollin.jpg',	'Par Georges Biard, CC BY-SA 3.0, https://commons.wikimedia.org/w/index.php?curid=46427198',	'François Rollin,  né le 31 mai 1953, est un acteur, comédien, humoriste et scénariste français.\r\n\r\nC\'est un metteur en scène expérimenté: il a commencé en 1988 avec Pendant ce temps nos deux héros de Franck Arguillère et Yves Hirschfeld, au Théâtre Le Ranelagh. Il reprend la mise en scène en 2000 avec L\'Envol du pingouin de Jean-Jacques Vanier, puis Chose Promise d\'Arnaud Tsamere (2005),  Sans tambour ni tambour et Canard laqué des Trompettes de Lyon (2008), Elles de Jean-Jacques Vanier (2009), Ici et maintenant de Guy Carlier (2011), N°9 de Jean-Marie Bigard (2013) et S\'il se passe quelque chose de Vincent Dedienne (2014). Il a mis en scène en 2016 Tout s\'arrange ! des Trompettes de Lyon, et en 2018 J\'ai rien entendu mais j\'ai tout compris de Tatiana Djordjevic.\r\n\r\nUne de ses grandes compositions est Vertiges, un poème de huit lignes sur lequel il brode un sketch. Celui-ci sert  de base à l\'épisode Le Discours, dans la saison 4 de Kaamelott dans lequel son personnage du roi Loth d\'Orcanie lit un discours de politique militaire, mais ne le finit jamais car il s\'interrompt sans arrêt pour critiquer son contenu. Il a tenu ce rôle de 2006 à 2009; c\'est son personnage le plus connu. Il joue aussi dans la série Les invincibles en 2010.'),
(46,	'Christian Bujeau',	'ChristianBujeau.jpg',	'Par Yves Tennevin — Travail personnel, CC BY-SA 3.0, https://commons.wikimedia.org/w/index.php?curid=27730728',	'Christian Bujeau, né le 14 octobre 1944 à Charron, est un acteur français.\r\n\r\nEn 1996, il décroche son premier rôle plus important dans une série dans Anne Le Guen. C\'est en 2005, cependant, qu\'il devient l\'un de ses personnages les plus connus, celui du maitre d\'armes de Kaamelott. Il le joue jusqu\'en 2009, alternant en 2007 et 2008 avec la série Off Prime. Il y retrouve Virginie Efira, et y joue Loïc de Villedieu, son patron.'),
(47,	'Carlos Brandt',	'CarlosBrandt.jpg',	'Publié par hypnoweb.net -  https://kaamelott.hypnoweb.net/kaamelott/acteurs-secondaires/le-monde-magique/carlo-brandt.119.3392/',	'Carlo Brandt, né le 16 décembre 1954 à Genève, est un acteur suisse.\r\n\r\nCarlo Brandt a débuté sa carrière au milieu des années 1980, alternant dès le départ entre cinéma et théâtre. Il a été un des comédiens emblématiques du Théâtre de la Colline à Paris. Dirigé par Alain Françon, il s\'est illustré dans des rôles marquants en particulier dans les pièces du dramaturge anglais Edward Bond. Il fait également partie du Grand Jury, du Festival du grain à démoudre.\r\n\r\nIl ne tarde pas également à se construire une solide réputation au cinéma, jouant dans des films tels que Déjà Mort, Ridicule, ou encore Marie-Antoinette. Il faut attendre 2007 et Kaamelott pour qu\'il commence réellement à apparaître à la télévision, dans le rôle du sombre et mystérieux Méléagant. Dès l\'année suivante, il joue dans la mini-série La main blanche.'),
(48,	'Jacques Chambon',	'JacquesChambon.jpg',	'Par Concertdelhosteldieu — Travail personnel, CC BY-SA 4.0, https://commons.wikimedia.org/w/index.php?curid=53444066',	'Jacques Chambon, né le 27 septembre 1962 à Vannes, est un acteur, scénariste, auteur et metteur en scène français.\r\n\r\nIl est majoritairement connu du grand public pour son rôle de Merlin dans la série Kaamelott.'),
(49,	'Franck Pitiot',	'FranckPitiot.jpg',	'Par Yves Tennevin — Travail personnel, CC BY-SA 3.0, https://commons.wikimedia.org/w/index.php?curid=39189189',	'Franck Pitiot, né le 27 juin 1964 à Lyon, est un comédien, acteur, réalisateur, producteur et scénariste français.\r\n\r\nIl interprète pendant six saisons le chevalier Perceval dans Kaamelott. En parallèle, il apparait dans plusieurs téléfilms, comme Un vrai Papa Noël et Adieu De Gaulle, adieu.\r\n\r\nAprès l\'arrêt de la série, il décide de passer à son tour de l\'autre côté de la caméra: en 2010, il co-réalise et co-écrit avec Vincent Amouroux La Nouvelle Expédition Darwin.'),
(50,	'Gilles Graveleau',	'GillesGraveleau.jpg',	'Par Ambroise31 — Travail personnel, CC BY-SA 4.0, https://commons.wikimedia.org/w/index.php?curid=106746102',	'Gilles Graveleau est un acteur et écrivain de pièces de théâtre français.\r\n\r\nFormé dans les cafés-théâtres jusqu\'en 1995, il enchaîne les sketchs et apparaît dans des émissions de divertissement et talk-show. Tout en continuant le théâtre, il apparaît à partir de 2005 de façon régulière dans Kaamelott comme Roparzh: il le joue jusqu\'en 2009, soit toute la série.'),
(51,	'Joëlle Sevilla',	'JoelleSevilla.jpg',	'Publié par hypnoweb.net - https://kaamelott.hypnoweb.net/kaamelott/acteurs-principaux/joelle-sevilla.119.2475/',	'Joëlle Sevilla, née le 11 février 1953 à Lyon, est une actrice, professeur, scénariste et productrice française.\r\n\r\nElle joue au théâtre depuis 1967, récemment dans Les Bonnes de Jean Genet et Sur la Grand Route de Tchekov, à l\'Odéon.\r\n\r\nProductrice de films et enseignante, elle crée l\'école d\'acteur et la société de production Acting Studio à Lyon. Elle est à l\'origine du projet PICSEL en Région Rhône-Alpes, dont elle ouvre la formation de cinéma et audiovisuel en octobre 2007 à Lyon. Elle a participé à la production du court-métrage à l\'origine de Kaamelott, Dies Irae, et à l\'écriture de trois épisodes de la série. Durant six ans, elle interprête Séli, la femme de Léodagan et la belle-mère du roi. \r\n\r\nEn 2014, elle participe au doublage du film d\'animation Astérix: Le domaine des dieux, écrit et réalisé par Alexandre Astier. Elle apparait en 2016 dans Les visiteurs: la révolution. Elle est au casting du film d\'animation Mythomen.\r\n'),
(52,	'Alain Chapuis',	'AlainChapuis.jpg',	'Publié par hypnoweb.net -  https://kaamelott.hypnoweb.net/kaamelott/acteurs-secondaires/le-peuple/alain-chapuis.119.3539/',	'Alain Chapuis, né en 1968, est un comédien-acteur de théâtre et de télévision ainsi que metteur en scène français.\r\n\r\nDe 2005 à 2009 il joue le rôle du Tavernier dans la série Kaamelott.'),
(53,	'Pascal Vincent',	NULL,	NULL,	NULL),
(54,	'Loïc Varraut',	'LoicVarraut.webp',	'Publié par Copyright Cinefil 2023 - https://www.cinefil.com/star/loic-varraut/biographie',	'Loïc Varraut est un comédien français, né en 1977 et originaire de Lyon. Acteur d\'abord, la trajectoire de Loïc Varraut est très vite marquée par ses rencontres avec des artistes de théâtre atypiques, souvent inclassables. Adolescent, c\'est aux côtés de Catherine Marnas qu\'il commence à se former au métier de comédien. Il joue ensuite en théâtre universitaire sous la direction de Jean Lambert-Wild. Après ses études de Lettres Modernes, il intègre l\'Ecole Régionale d\'Acteurs de Cannes, dans les classes de Redjep Mitrovitsa et Nada Strancar, en jouant notamment dans les créations de Bernard Sobel et Georges Lavaudant. Il fonde ensuite le Groupe 4, avec lequel il joue La Conquête du Pôle Sud, Timon d\'Athènes, Le Jour du Froment et Faust 1911, sous la direction de Jean-Christophe Hembert. Il rencontre Alexandre Astier en 2002, à qui il commande un One-Man-Show: ce sera Excusez le désordre, spectacle déjà marqué par le style Astier, alternant humour et émotion. Entre 2002 et 2008, il joue dans Othello, Mojo, The Night Heron et American Buffalo, sous la direction d\'Emmanuel Meirieu. Il retrouve Alexandre Astier en 2004 pour interpréter le rôle du bandit Venec, dans la série télévisée Kaamelott puis dans le film Kaamelott: Premier Volet en 2019. Il est interviewé par Christophe Chabert dans l\'acte IV «Géopolitique du royaume» du film documentaire Aux Sources de Kaamelott réalisé entre 2006 et 2010 pour accompagner l\'intégrale «Les Six Livres» des DVD de la série télévisée. Il rejoint Emmanuel Meirieu en 2010. Ensemble, ils forment un tandem d\'artistes et se partagent les activités de production. En 2013, ils coadaptent pour la scène deux romans de Sorj Chalandon: ce sera Mon traître, créé au Théâtre Vidy-Lausanne et aux Bouffes du Nord. Entre 2013 et 2018, ils adaptent ensemble pour la scène les romans Birdy de William Wharton et Des hommes en devenir de Bruce Machart, dans lesquels il joue successivement les rôles de Birdy et de Mané le muet, aux côtés notamment de Xavier Gallais et Jérôme Kircher. Cette période est marquée par l\'attachement d\'Emmanuel Meirieu à un théâtre d\'acteur et d\'émotion. En 2019, il retrouve Jean-Christophe Hembert, avec lequel il adapte pour le théâtre le roman de Théophile Gautier Le Capitaine Fracasse. Ce sera Fracasse, créé en 2020, dans lequel il interprète le rôle de Léandre, aux côtés notamment de David Ayala et Bruno Bayeux. Source: Article \"Loïc Varraut\" de Wikipédia en français, soumis à la licence CC-BY-SA 3.0.'),
(55,	'Simon Astier',	'SimonAstier.jpg',	'Par G.Garitan — Travail personnel, CC BY-SA 4.0, https://commons.wikimedia.org/w/index.php?curid=73466359',	'Simon Astier, né le 31 décembre 1983 à Dijon est un réalisateur, scénariste, monteur et comédien français.\r\n\r\nIl baigne depuis toujours dans ce monde puisqu\'il est le fils des comédiens Lionnel Astier et Josée Drevon. Après quelques métiers artistiques, comme musicien ou monteur, il choisit de devenir comédien et auteur. \r\n\r\nSa première expérience a lieu en famille, avec son père et son demi-frère, Alexandre Astier, lors du Festival d\'Avignon. Il intègre ensuite une troupe d\'acteurs à Lyon.'),
(56,	'Magali Saadoun',	NULL,	NULL,	NULL);

DROP TABLE IF EXISTS `author`;
CREATE TABLE `author` (
  `id` int(11) NOT NULL AUTO_INCREMENT,
  `name` varchar(64) COLLATE utf8mb4_unicode_ci NOT NULL,
  PRIMARY KEY (`id`)
) ENGINE=InnoDB DEFAULT CHARSET=utf8mb4 COLLATE=utf8mb4_unicode_ci;

INSERT INTO `author` (`id`, `name`) VALUES
(1,	'Alexandre Astier'),
(2,	'Lionnel Astier'),
(3,	'Fabien Rault'),
(4,	'Simon Astier'),
(5,	'Nicolas Gabion');

DROP TABLE IF EXISTS `avatar`;
CREATE TABLE `avatar` (
  `id` int(11) NOT NULL AUTO_INCREMENT,
  `name` varchar(64) COLLATE utf8mb4_unicode_ci NOT NULL,
  `icon` varchar(128) COLLATE utf8mb4_unicode_ci NOT NULL,
  PRIMARY KEY (`id`)
) ENGINE=InnoDB DEFAULT CHARSET=utf8mb4 COLLATE=utf8mb4_unicode_ci;

INSERT INTO `avatar` (`id`, `name`, `icon`) VALUES
(1,	'Roi',	'king.png'),
(2,	'Reine',	'queen.png'),
(3,	'Cheval',	'strategy.png'),
(4,	'Excalibur',	'excalibur.png'),
(5,	'Pions',	'icone.png');

DROP TABLE IF EXISTS `episode`;
CREATE TABLE `episode` (
  `id` int(11) NOT NULL AUTO_INCREMENT,
  `author_id` int(11) DEFAULT NULL,
  `season_id` int(11) DEFAULT NULL,
  `title` varchar(128) COLLATE utf8mb4_unicode_ci NOT NULL,
  `number` bigint(20) DEFAULT NULL,
  PRIMARY KEY (`id`),
  KEY `IDX_DDAA1CDAF675F31B` (`author_id`),
  KEY `IDX_DDAA1CDA4EC001D1` (`season_id`),
  CONSTRAINT `episode_ibfk_7` FOREIGN KEY (`author_id`) REFERENCES `author` (`id`),
  CONSTRAINT `episode_ibfk_9` FOREIGN KEY (`season_id`) REFERENCES `season` (`id`) ON DELETE CASCADE
) ENGINE=InnoDB DEFAULT CHARSET=utf8mb4 COLLATE=utf8mb4_unicode_ci;

INSERT INTO `episode` (`id`, `author_id`, `season_id`, `title`, `number`) VALUES
(1,	1,	1,	'La Romance de Lancelot',	37),
(2,	1,	2,	'La Joute Ancillaire',	37),
(3,	1,	3,	'La chambre de la Reine',	26),
(4,	1,	3,	'Les Bonnes',	30),
(5,	1,	4,	'La Supplique',	30),
(6,	1,	5,	'Nuptiae',	6),
(7,	1,	5,	'Arturus Rex',	7),
(8,	1,	5,	'Lacrimosa',	8),
(9,	1,	1,	'Le Fléau de Dieu',	89),
(10,	1,	6,	'Le Fléau de Dieu II',	12),
(11,	1,	2,	'Spiritueux',	68),
(12,	1,	1,	'La table de Breccan',	3),
(13,	1,	1,	'La jupe de Calogrenant',	59),
(14,	1,	2,	'Le Cadeau',	46),
(15,	1,	2,	'L\'Alliance',	60),
(16,	1,	5,	'Miles Ignotus',	1),
(17,	1,	5,	'Centurio',	2),
(18,	1,	5,	'Dux bellorum',	5),
(19,	1,	5,	'Arturi Inquisitio',	4),
(20,	1,	5,	'Nuptiæ',	6),
(21,	1,	1,	'De retour de Judée',	27),
(22,	1,	1,	'Le Retour de Judée',	27),
(23,	1,	3,	'Le Désordre et la Nuit',	100),
(24,	1,	4,	'La promesse',	22),
(25,	1,	6,	'Hollow Man',	98),
(26,	1,	3,	'Tous Les Matins du Monde',	2),
(27,	1,	3,	'La Révoquée',	28),
(28,	1,	4,	'La roche et le fer ',	12),
(29,	1,	4,	'La Nourrice',	36),
(30,	1,	4,	'Les Fruits d\'Hiver',	16),
(31,	1,	4,	'Les Nocturnales',	19),
(32,	1,	4,	'Le Forfait',	23),
(33,	1,	7,	'Le Chevalier femme',	6),
(34,	1,	7,	'Le Chevalier Femme',	6),
(35,	1,	1,	'Enluminures',	51),
(36,	1,	2,	'Les Vœux',	45),
(37,	1,	2,	'Spagenhelm',	84),
(38,	1,	3,	'Dagonnet et le cadastre',	14),
(39,	1,	3,	'Loth et le Graal',	67),
(40,	1,	4,	'Aux yeux de tous III',	21),
(41,	1,	1,	'Goustan Le Cruel',	63),
(42,	1,	1,	'Goustan le Cruel',	63),
(43,	1,	5,	'Arturus rex',	7),
(44,	1,	1,	'La queue du scorpion',	22),
(45,	1,	1,	'L\'Assassin de Kaamelott',	29),
(46,	1,	3,	'Le Rêve d\'Ygerne',	64),
(47,	1,	6,	'L\'Espion',	91),
(48,	1,	4,	'Les Pionniers',	40),
(49,	1,	4,	'Le Destitué',	42),
(50,	1,	1,	'L\'interprète',	45),
(51,	1,	1,	'L\'Interprète',	45),
(52,	1,	3,	'La Parade',	21),
(53,	1,	4,	'Le Jurisconsulte',	27),
(54,	1,	4,	'La Conspiratrice',	41),
(55,	1,	2,	'Immaculé Karadoc',	20),
(56,	1,	3,	'La Chambre de la reine',	26),
(57,	1,	5,	'Miles Ingnotus',	1),
(58,	1,	5,	'Arturi inquisitio',	4),
(59,	1,	5,	'Dux Bellorum',	5),
(60,	1,	6,	'Séfriane d\'Aquitaine ',	16),
(61,	1,	5,	'Lacrimosa ',	8),
(62,	2,	1,	'La Visite d\'Ygerne',	59),
(63,	1,	2,	'Le secret d\'Arthur',	62),
(64,	2,	2,	'Mater Dixit',	69),
(65,	2,	4,	'Le dernier jour',	24),
(66,	2,	4,	'Anton',	69),
(67,	1,	1,	'La tarte aux myrtilles',	NULL),
(68,	1,	1,	'Patience dans la plaine',	NULL),
(69,	1,	1,	'Haunted',	NULL),
(70,	1,	1,	'Les Défis de Merlin',	NULL),
(71,	1,	1,	'La Dent de requin',	NULL),
(72,	1,	1,	'Codes et Stratégies',	NULL),
(73,	1,	1,	'La Retraite',	NULL),
(74,	1,	1,	'Feu l\'âne de Guethenoc',	NULL),
(75,	1,	1,	'Basidiomycètes',	NULL),
(76,	1,	1,	'L\'Imposteur',	NULL),
(77,	1,	1,	'Le Coup d\'épée',	NULL),
(78,	1,	1,	'Le coup d\'épée',	NULL),
(79,	1,	1,	'Tel un chevalier',	NULL),
(80,	1,	1,	'À la volette',	NULL),
(81,	1,	1,	'Unagi',	NULL),
(82,	1,	1,	'Le tourment',	NULL),
(83,	1,	1,	'Agnus Dei',	NULL),
(84,	1,	1,	'Polymorphe',	NULL),
(85,	1,	1,	'Polymorphie',	NULL),
(86,	1,	1,	'La Fête de l\'Hiver',	NULL),
(87,	1,	1,	'La vraie nature du Graal',	NULL),
(88,	1,	2,	'Les Alchimistes',	NULL),
(89,	1,	2,	'Le Dialogue de Paix',	NULL),
(90,	3,	2,	'Le Portrait',	NULL),
(91,	1,	2,	'Silbury Hill',	NULL),
(92,	1,	2,	'Le Monde d\'Arthur',	NULL),
(93,	1,	2,	'Le monde d\'Arthur',	NULL),
(94,	1,	2,	'Arthur in love',	NULL),
(95,	1,	2,	'Les Classes de Bohort',	NULL),
(96,	1,	2,	'La Fête du Printemps',	NULL),
(97,	1,	2,	'Le Tourment II',	NULL),
(98,	1,	2,	'Le passage secret',	NULL),
(99,	1,	2,	'L\'ivresse',	NULL),
(100,	1,	2,	'Always ',	NULL),
(101,	1,	2,	'Always',	NULL),
(102,	1,	2,	'Unagi II',	NULL),
(103,	1,	2,	'Le Poème',	NULL),
(104,	1,	2,	'Stargate',	NULL),
(105,	1,	2,	'La chambre',	NULL),
(106,	1,	2,	'Neiges Éternelles ',	NULL),
(107,	1,	6,	'Legenda',	NULL),
(108,	1,	6,	'La mission',	NULL),
(109,	1,	6,	'La poétique - IIème partie ',	NULL),
(110,	1,	6,	'Les clous de la sainte croix',	NULL),
(111,	1,	6,	'Le Culte Secret',	NULL),
(112,	1,	6,	'Les clous de la Sainte Croix',	NULL),
(113,	1,	6,	'Le fléau de Dieu II',	NULL),
(114,	1,	6,	'Ablutions',	NULL),
(115,	1,	6,	'Seriane d\'aquitaine',	NULL),
(116,	1,	3,	'Le Traitre ',	NULL),
(117,	1,	3,	'La Foi bretonne',	NULL),
(118,	1,	3,	'Au service secret de Sa Majesté',	NULL),
(119,	1,	3,	'La clandestine',	NULL),
(120,	1,	3,	'La Réponse',	NULL),
(121,	1,	3,	'La Poétique II',	NULL),
(122,	1,	3,	'Le Choix de Gauvain',	NULL),
(123,	1,	3,	'La Tarte aux Fraises',	NULL),
(124,	1,	3,	'Unagi IV ',	NULL),
(125,	1,	3,	'Tous les matins du monde (Première Partie)',	NULL),
(126,	1,	4,	'L\'Épée des rois ',	NULL),
(127,	1,	4,	'L\'Élu',	NULL),
(128,	1,	4,	'La Roche et le Fer',	NULL),
(129,	1,	4,	'Les Transhumants',	NULL),
(130,	1,	4,	'Plusieurs épisodes de la saison V ',	NULL),
(131,	1,	4,	'Le garçon qui criait au loup',	NULL),
(132,	1,	4,	'Le retour du Roi',	NULL),
(133,	1,	5,	'Dies Irae',	NULL),
(134,	1,	2,	'La Quinte juste',	48),
(135,	1,	2,	'L\'Ambition',	11),
(136,	1,	6,	'Le Médiateur',	96),
(137,	1,	3,	'Le Vice De Forme',	91),
(138,	1,	1,	'En forme de Graal',	18),
(139,	1,	1,	'Arthur et la Question',	13),
(140,	1,	1,	'Un bruit dans la nuit',	61),
(141,	1,	1,	'Le Dragon des tunnels',	86),
(142,	1,	2,	'Le Donneur',	49),
(143,	1,	2,	'Les Neiges Éternelles',	59),
(144,	1,	6,	'L\'Aveu de Bohort',	3),
(145,	1,	6,	'Arthur sensei',	40),
(146,	1,	6,	'La Dispute I',	98),
(147,	1,	6,	'La Dispute II',	99),
(148,	1,	3,	'Les Tuteurs II',	36),
(149,	1,	3,	'Le Renoncement : 1ère partie',	36),
(150,	1,	4,	'Les Embusqués',	35),
(151,	1,	2,	'Le Dialogue de paix',	44),
(152,	1,	6,	'Le dialogue de paix II',	23),
(153,	1,	3,	'Les Envahisseurs',	44),
(154,	1,	3,	'Le Jeu de la guerre',	66),
(155,	1,	1,	'Le Dernier Empereur',	56),
(156,	1,	3,	'Seigneur Caius',	22),
(157,	1,	2,	'Le Reclassement',	14),
(158,	1,	6,	'Le Déserteur',	18),
(159,	1,	3,	'Fluctuat nec mergitur',	80),
(160,	1,	1,	'Le Tourment',	98),
(161,	1,	6,	'Les Cheveux Noirs',	46),
(162,	1,	3,	'Les Liaisons Dangereuses',	15),
(163,	1,	6,	'La Potion de Fécondité II',	67),
(164,	1,	3,	'Le Privilégié',	NULL),
(165,	1,	3,	'Anges Et Démons',	50),
(166,	1,	3,	'Le rassemblent du corbeau II',	50),
(167,	1,	3,	'Les plaques de dissimulation',	90),
(168,	1,	4,	'La Sorcière',	5),
(169,	1,	4,	'Vae soli!',	14),
(170,	1,	7,	'Le Duel',	1),
(171,	1,	1,	'Le prodige du fakir',	86),
(172,	1,	1,	'Les Nouveaux Frères',	NULL),
(173,	1,	6,	'La Chevalerie',	86),
(174,	1,	3,	'Le Grand Départ',	39),
(175,	1,	2,	'Les Tuteurs',	24),
(176,	1,	1,	'La Potion de fécondité',	23),
(177,	1,	1,	'Le Secret de Lancelot',	83),
(178,	1,	2,	'L\'Ancien Temps',	33),
(179,	1,	2,	'L\'Ivresse',	31),
(180,	1,	2,	'L\'Escorte II',	37),
(181,	1,	2,	'Excalibur et le Destin ',	98),
(182,	1,	6,	'La veillée',	NULL),
(183,	1,	3,	'Les Novices',	34),
(184,	1,	4,	'Corvus corone',	7),
(185,	1,	4,	'Les Exilés',	17),
(186,	1,	2,	'La révolte',	23),
(187,	1,	2,	'Feue La Vache De Roparzh',	69),
(188,	1,	6,	'Saponides et Détergents',	74),
(189,	1,	6,	'Feue La Poule de Guethenoc',	36),
(190,	1,	1,	'La taxe militaire',	21),
(191,	1,	2,	'O\'Brother',	41),
(192,	1,	2,	'Les chiens de guerre',	48),
(193,	1,	2,	'Le Jeu du caillou',	60),
(194,	1,	6,	'Les Suppléants',	24),
(195,	1,	6,	'Witness',	73),
(196,	1,	3,	'Le Paladin',	75),
(197,	1,	4,	'Domi Nostræ',	33),
(198,	1,	4,	'Unagi V',	39),
(199,	1,	4,	'Le Retour du Roi',	49),
(200,	1,	1,	'Heat',	NULL),
(201,	1,	1,	'Le pain',	NULL),
(202,	1,	1,	'La quête des deux renards',	NULL),
(203,	1,	2,	'L\'absent',	NULL),
(204,	1,	2,	'Sept cent quarante-quatre',	NULL),
(205,	1,	2,	'La Cassette',	NULL),
(206,	1,	2,	'Corpore sano',	NULL),
(207,	1,	2,	'La Restriction',	NULL),
(208,	1,	2,	'Les Exploités',	NULL),
(209,	1,	6,	'Le Tourment III',	NULL),
(210,	1,	6,	'La Grande Bataille',	NULL),
(211,	1,	6,	'La menace fantôme',	NULL),
(212,	1,	6,	'La Corne d\'abondance',	NULL),
(213,	1,	6,	'Cuisine et Dépendances',	NULL),
(214,	1,	6,	'Le Législateur',	NULL),
(215,	1,	6,	'Le Porte Bonheur',	NULL),
(216,	1,	3,	'Unagi IV',	NULL),
(217,	1,	3,	'Duel 2eme partie',	NULL),
(218,	1,	3,	'L\'Échange 1ère partie',	NULL),
(219,	1,	3,	'Le Vice de forme',	NULL),
(220,	1,	3,	'L\'Échelle de Perceval',	NULL),
(221,	1,	4,	'Le dernier recours',	NULL),
(222,	1,	4,	'Domi Nostrae',	NULL),
(223,	1,	4,	'La Roche Et Le Fer',	NULL),
(224,	1,	1,	'Le Sacrifice',	25),
(225,	1,	1,	'Le Problème du chou',	70),
(226,	1,	2,	'Spangenhelm',	1),
(227,	1,	2,	'Le Rebelle',	85),
(228,	1,	6,	'Le chevalier errant',	1),
(229,	1,	6,	'Mission',	43),
(230,	1,	6,	'La Dispute',	99),
(231,	1,	3,	'Raisons et sentiments',	3),
(232,	1,	3,	'La réponse',	49),
(233,	1,	3,	'La Rémanence',	51),
(234,	1,	1,	'La Table de Breccan',	NULL),
(235,	1,	1,	'L\'Escorte',	NULL),
(236,	1,	1,	'Les Tartes aux myrtilles',	NULL),
(237,	1,	1,	'Le fléau de Dieu',	NULL),
(238,	1,	1,	'La kleptomane',	NULL),
(239,	1,	1,	'Dîner dansant',	NULL),
(240,	1,	1,	'Arthur et les Ténèbres',	NULL),
(241,	1,	1,	'La potion de fécondité',	NULL),
(242,	1,	1,	'Le Labyrinthe',	NULL),
(243,	2,	2,	'L\'Enlèvement de Guenièvre',	NULL),
(244,	1,	2,	'La Révolte',	NULL),
(245,	1,	2,	'Le Sort Perdu',	NULL),
(246,	1,	2,	'Le Passage Secret',	NULL),
(247,	1,	2,	'L\'Oubli',	NULL),
(248,	1,	2,	'Le Secret d\'Arthur',	NULL),
(249,	1,	2,	'Amen',	NULL),
(250,	1,	2,	'Le complot',	NULL),
(251,	1,	2,	'L\'ivresse ',	NULL),
(252,	1,	6,	'Le Magnanime',	NULL),
(253,	1,	6,	'L\'Assemblée des rois 2eme partie',	NULL),
(254,	1,	6,	'Aux Yeux de Tous II',	NULL),
(255,	1,	3,	'La tarte aux fraises',	NULL),
(256,	1,	3,	'Tous les matins du monde II',	NULL),
(257,	1,	3,	'L\'Art de la table',	NULL),
(258,	1,	3,	'La Réaffectation',	NULL),
(259,	1,	3,	'La Blessure D\'Yvain',	NULL),
(260,	1,	3,	'Le Oud II',	NULL),
(261,	1,	4,	'Les Rivales',	NULL),
(262,	1,	4,	'La roche et le fer',	NULL),
(263,	1,	4,	'Perceval de Sinope',	NULL),
(264,	1,	4,	'L\'avènement du Sanguinaire',	NULL),
(265,	1,	4,	'Le royaume sans tête',	NULL),
(266,	1,	4,	'Le Périple',	8),
(267,	1,	5,	'Praeceptores',	NULL),
(268,	1,	3,	'Dagonet et le Cadastre',	NULL),
(269,	1,	3,	'Le désordre et la nuit',	NULL),
(270,	1,	4,	'Les Repentants',	NULL),
(271,	1,	4,	'Hurlements',	NULL),
(272,	1,	4,	'La Promesse',	NULL),
(273,	1,	4,	'Vae Soli !',	NULL),
(274,	1,	4,	'Les Dauphins',	NULL),
(275,	1,	4,	'Jizo',	NULL),
(276,	1,	1,	'Le maître d\'armes',	9),
(277,	1,	2,	'Les classes de Bohort',	35),
(278,	1,	2,	'Excalibur et le Destin',	92),
(279,	1,	6,	'L\'assemblée des Rois 2e partie',	90),
(280,	1,	3,	'Corpore sano II',	82),
(281,	1,	4,	'Le Dernier Recours',	3),
(282,	1,	4,	'Aux yeux de tous III ',	3),
(283,	1,	4,	'Jizô',	38),
(284,	1,	4,	'Le Garçon Qui Criait Au Loup',	NULL),
(285,	1,	4,	'Le Théâtre Fantôme',	NULL),
(286,	1,	1,	'La Blessure Mortelle',	85),
(287,	1,	2,	'Le Rassemblement du Corbeau',	4),
(288,	1,	2,	'Les Misanthropes',	21),
(289,	1,	2,	'Merlin l\'archaïque',	56),
(290,	1,	6,	'Le Renfort Magique',	4),
(291,	1,	6,	'Les Défis De Merlin II',	96),
(292,	1,	3,	'Le privilégié',	12),
(293,	1,	5,	'Præceptores',	3),
(294,	1,	6,	'L\'arche de transport',	NULL),
(295,	1,	2,	'L\'invincible',	NULL),
(296,	1,	1,	'La Botte secrète',	NULL),
(297,	1,	1,	'Ambidextrie',	NULL),
(298,	1,	1,	'Le Code de Chevalerie',	NULL),
(299,	1,	1,	'Le Chaudron Rutilant',	NULL),
(300,	1,	1,	'La fureur du dragon',	NULL),
(301,	1,	1,	'Les Fesses de Guenièvre',	NULL),
(302,	1,	1,	'La Coccinelle de Madenn',	NULL),
(303,	1,	2,	'Séli et les Rongeurs',	NULL),
(304,	1,	2,	'Un Roi à la Taverne II',	NULL),
(305,	1,	2,	'Perceval et le Contre-sirop',	NULL),
(306,	1,	2,	'The Game',	NULL),
(307,	1,	2,	'L\'Absent',	NULL),
(308,	1,	2,	'Le tourment II',	NULL),
(309,	1,	2,	'La Botte secrète II',	NULL),
(310,	1,	2,	'Les Volontaires II',	NULL),
(311,	1,	2,	'La Garde Royale',	30),
(312,	1,	2,	'Les Félicitations',	86),
(313,	1,	6,	'Le Jour D\'Alexandre',	NULL),
(314,	1,	6,	'Morituri',	NULL),
(315,	1,	6,	'Poltergeist',	NULL),
(316,	1,	6,	'L\'Etudiant',	NULL),
(317,	1,	6,	'Aux Yeux De Tous II',	NULL),
(318,	1,	6,	'La poétique, 1ere partie',	NULL),
(319,	1,	6,	'Chante Sloubi',	NULL),
(320,	1,	6,	'L\'Empressée',	NULL),
(321,	1,	6,	'Le Sanglier De Cornouailles',	NULL),
(322,	1,	3,	'Tous les matins du monde, 2eme partie',	NULL),
(323,	1,	3,	'Les Pisteurs',	NULL),
(324,	1,	3,	'Les Exploités II',	NULL),
(325,	1,	3,	'Les Chaperons',	NULL),
(326,	1,	3,	'Les chaperons',	NULL),
(327,	1,	3,	'L\'Habitué',	NULL),
(328,	1,	3,	'L\'Inspiration',	NULL),
(329,	1,	3,	'Perceval Fait Raitournelle',	NULL),
(330,	1,	4,	'L\'épée Des Rois',	NULL),
(331,	1,	4,	'L\'épée des rois',	NULL),
(332,	1,	4,	'Les recruteurs',	NULL),
(333,	1,	4,	'Le Royaume Sans Tête',	NULL),
(334,	1,	5,	'Dies Iræ',	9),
(335,	1,	2,	'Feue la Vache de Roparzh',	69),
(336,	1,	6,	'Saponides et detergents',	74),
(337,	1,	3,	'La Révolte III',	31),
(338,	1,	3,	'Vox populi III',	53),
(339,	1,	6,	'Feue La Poule De Guethenoc',	36),
(340,	1,	3,	'L\'Entente Cordiale',	82),
(341,	1,	4,	'La nourrice',	36),
(342,	1,	1,	'Potion de fécondité',	NULL),
(343,	1,	2,	'La Chambre',	3),
(344,	1,	3,	'L\'Art de la Table',	33),
(345,	1,	6,	'La Cassette II',	2),
(346,	1,	6,	'La restriction II',	70),
(347,	1,	3,	'Tous les matins du monde',	1),
(348,	1,	4,	'Les Fruits d\'hiver',	36),
(349,	1,	4,	'Le Dernier Jour',	24),
(350,	1,	6,	'Au bonheur des Dames',	55),
(351,	1,	2,	'Un roi à la taverne II',	26),
(352,	1,	4,	'Les dauphins',	13),
(353,	1,	1,	'La dent de requin',	20),
(354,	1,	1,	'Un roi à la taverne',	21),
(355,	1,	6,	'Le Professionnel',	23),
(356,	1,	2,	'Les Tuteurs ',	24),
(357,	5,	2,	'Plus près de Toi',	18),
(358,	1,	2,	'Les esclaves',	88),
(359,	1,	1,	'Le banquet des chefs',	16),
(360,	1,	1,	'Le cas Yvain',	39),
(361,	1,	2,	'Sous les verrous',	18),
(362,	1,	2,	'Les tuteurs',	24),
(363,	1,	2,	'Les Mauvaises Graines',	29),
(364,	1,	2,	'Le Guet',	52),
(365,	1,	2,	'Les félicitations',	86),
(366,	1,	2,	'Le Pédagogue',	95),
(367,	1,	2,	'Trois Cent Soixante Degrés',	97),
(368,	1,	6,	'L\'étudiant',	88),
(369,	1,	3,	'Seigneur Caïus',	22),
(370,	1,	3,	'Le Rapport',	32),
(371,	1,	3,	'La Blessure d\'Yvain',	81),
(372,	1,	4,	'Les Nouveaux Clans',	4),
(373,	1,	4,	'Les pionniers',	40),
(374,	1,	4,	'Aux Yeux De Tous III',	21);

DROP TABLE IF EXISTS `personage`;
CREATE TABLE `personage` (
  `id` int(11) NOT NULL AUTO_INCREMENT,
  `actor_id` int(11) DEFAULT NULL,
  `name` varchar(64) COLLATE utf8mb4_unicode_ci NOT NULL,
  `picture` varchar(128) COLLATE utf8mb4_unicode_ci DEFAULT NULL,
  `description_picture` longtext COLLATE utf8mb4_unicode_ci DEFAULT NULL,
  `description` longtext COLLATE utf8mb4_unicode_ci DEFAULT NULL,
  `credit_order` tinyint(1) NOT NULL,
  PRIMARY KEY (`id`),
  UNIQUE KEY `UNIQ_E60A6EC510DAF24A` (`actor_id`),
  CONSTRAINT `personage_ibfk_4` FOREIGN KEY (`actor_id`) REFERENCES `actor` (`id`) ON DELETE CASCADE
) ENGINE=InnoDB DEFAULT CHARSET=utf8mb4 COLLATE=utf8mb4_unicode_ci;

INSERT INTO `personage` (`id`, `actor_id`, `name`, `picture`, `description_picture`, `description`, `credit_order`) VALUES
(1,	1,	'Angharad',	'Angharad.webp',	'Publié par ©WikiaKaamelott - https://kaamelott.fandom.com/fr/wiki/Angharad?file=Angharad+Livre+IV.jpg',	'Angharad est gouvernante au château et suivante de la reine Guenièvre, qu\'elle cherche souvent à conseiller et à soutenir dans ses problèmes, notamment avec son mari. Son impertinence la rend d\'ailleurs peu appréciée du roi. En effet, elle s\'agace parfois que le roi ne s\'occupe pas assez de sa femme. La reine finira d\'ailleurs par la reconnaître comme amie et non comme simple servante.',	1),
(2,	2,	'Anna',	'Anna.webp',	'Publié par ©WikiaKaamelott - https://kaamelott.fandom.com/fr/wiki/Anna_de_Tintagel?so=search&file=Anna+Livre+V.jpg',	'Anna de Tintagel est la femme du Roi Loth d\'Orcanie et la mère du chevalier de la Table Ronde, Gauvain.\r\nElle a pour parents la fille d\'Ygerne de Tintagel et le Duc de Gorlais, ce qui fait donc d\'elle la demi-sœur d\'Arthur Pendragon.\r\nC\'est une femme irascible qui hait son mari le Roi Loth et encore plus Arthur, son demi-frère qu\'elle considère comme un usurpateur et un bâtard.',	1),
(3,	3,	'Appius Manilius',	'AppiusManilius.webp',	'Publié par ©WikiaKaamelott - https://kaamelott.fandom.com/fr/wiki/Appius_Manilius?so=search&file=Mani.jpg',	'Appius Manilius apparaît dans le Livre VI de la série.\r\n\r\nC\'est le meilleur ami d\'Arturus, il est lui aussi soldat dans la milice urbaine. Manilius est plutôt insouciant, il se fait régulièrement supprimer ses permissions à force de désobéir aux ordres, notamment à cause de la nourriture qu\'il vole pour sa petite amie, Licinia, qui vit dans le quartier pauvre de Rome.',	1),
(4,	4,	'Attila',	'Attila.webp',	'Publié par ©WikiaKaamelott - https://kaamelott.fandom.com/fr/wiki/Attila?so=search&file=Attila.png',	'Attila est un nomade, le chef des Huns, clan ennemi d\'Arthur. C\'est un véritable barbare dans sa façon d\'être, et pourtant le seul à le craindre vraiment, c\'est Bohort. Celui-ci le surnomme le fléau de Dieu.\r\n\r\nIl attaque à plusieurs reprises le château, alors que bien souvent il n\'est accompagné que d\'un seul homme, et exige à Arthur un bon nombre de choses, mais se fait toujours avoir par la ruse.',	1),
(5,	5,	'Belt',	NULL,	NULL,	'Belt est un paysan breton sans le moindre talent. On l\'aperçoit dans un épisode du Livre II puis dans le Livre VI, dans lequel il avoue lui-même rater tout ce qu\'il entreprend.',	1),
(6,	6,	'Breccan',	NULL,	NULL,	'Breccan est l\'artisan qui a construit et vendu la Table Ronde au roi Arthur. Le roi la trouve à son goût mais regrette qu\'elle ne soit pas en pierre: l\'artisan lui répond que la pierre est un matériel trop lourd et qu\'il faut faire attention à ne pas salir le cuir car c\'est un textile fragile.\r\n\r\nIl tente sans succès de comprendre à quoi va servir la Table et parait impressionné par la future quête du Graal, contrairement au roi et aux chevaliers. Il tente aussi de vendre de nouveaux objets au roi, ce qui l\'agace passablement. Et comme Karadoc et Perceval, il ne comprend rien aux conversations d\'Arthur avec la Dame du Lac.',	1),
(7,	7,	'Calogrenant',	'Calogrenant.webp',	'Publié par ©WikiaKaamelott - https://kaamelott.fandom.com/fr/wiki/Calogrenant?file=Calogrenant.jpg',	'Calogrenant est roi de Calédonie (l\'actuelle Écosse). Dans le monde de Kaamelott, elle fait partie du Royaume de Logres fédéré par le roi Arthur, bien qu\'historiquement la Calédonie n\'ait jamais été conquise par les Romains.\r\n\r\nCalogrenant représente donc une importante majorité au sein de la Table Ronde (quoique certains peuples calédoniens, tels les Pictes - peuple de Séli - restent insoumis).\r\n\r\nTrès souvent décrit comme \"le roi des cons\", Calogrenant n\'en est pas moins assez pragmatique; comparé à certains de ses compagnons chevaliers. Dans son propre Royaume, il dîne avec ses ministres plutôt qu\'avec sa famille. Il prend les constantes disputes entre le roi Arthur et sa belle-famille avec fatalisme, n\'y prêtant même plus attention.',	1),
(8,	8,	'Capito',	NULL,	NULL,	'Publius Servius Capito est un sénateur romain et bras droit de Lucius Sillius Sallustius. Il apparaît pour la première fois dans le Livre IV lors de la jeune d’Arthur à Rome. Impulsif et menaçant, il est souvent utilisé par Sallustius pour mettre la pression sur d’autres sénateurs ou effectuer des tâches secondaires.',	1),
(9,	9,	'César',	'Caesar.webp',	'Publié par ©WikiaKaamelott - https://kaamelott.fandom.com/fr/wiki/C%C3%A6sar_Imperator?so=search&file=Caesar.jpg',	'Caesar Imperator apparaît dans le Livre VI de la série.\r\n\r\nIl est à la tête de l\'empire romain, mais n\'est plus tout à fait le chef de guerre glorieux, victorieux et impressionnant qu\'il a pu être à l\'âge d\'or de Rome. Il ne sort pratiquement jamais de son lit, et ne cesse d\'être materné par sa servante. Il regrette sa jeunesse et pense n\'être plus qu\'une figure, un pantin.\r\n\r\nLa jeune génération ne sait même pas à quoi il ressemble, puisqu\'il ne sort jamais. Le jeune Arturus, convoqué au palais en raison de ses récentes promotions, tombe des nues lorsque l\'Imperator se présente.\r\n\r\nUn lien particulier se crée entre les deux hommes, car Arturus montre un profond respect et une admiration pour son empereur. L\'Imperator a l\'impression de rajeunir, et apprécie l\'intelligence d\'Arturus. Tel un mentor, il le prendra sous son aile, lui délivrant conseils et soutien. Il ira même jusqu\'à lui offrir une bague magique qui contrôle les lames, pour le remercier d\'avoir été à ses côtés. ',	1),
(10,	10,	'Cryda de Tintagel',	'Cryda.webp',	'Publié par ©WikiaKaamelott - https://kaamelott.fandom.com/fr/wiki/Liste_des_personnages_mineurs?so=search&file=Cryda.jpg',	'Cryda de Tintagel est la tante du Roi Arthur et soeur d\'Ygerne de Tintagel.\r\nC\'est une femme aigrie et froide qui déteste Arthur et n\'hésite pas à lui dire à chaque fois qu\'elle a l\'occasion de le voir.',	1),
(11,	11,	'Dagonet',	'Dagonet.jpg',	'Publié sur Facebook compte officiel de Kaamelott — https://www.facebook.com/KaamelottOff/photos/4138220832906373',	'Dagonet est un chevalier de la Table Ronde. Il arrive au retour de son voyage en Judée, où il a été plus intéressé par les coutumes locales que par la quête du Graal. Un peu naïf et influençable, il se laisse mener par le roi Loth qui le mêlera au mouvement séparatiste mené contre Arthur et l’accusera même d’en être la tête pensante. En vérité, Loth le mèle  à ses magouilles car Lancelot se serait installé sur ses terres. Dagonet devient malgré lui un traître aux yeux du roi.',	1),
(12,	12,	'La Dame du Lac',	'DameDuLac.webp',	'Publié par ©WikiaKaamelott - https://kaamelott.fandom.com/fr/wiki/La_Dame_du_Lac?so=search&file=Dame+du+lac.jpg',	'La Dame du Lac est envoyée sur Terre par les dieux afin de guider Arthur et ses chevaliers dans la quête du Graal.\r\nElle apparait pour la première fois à Arthur lorsqu\'il est à Rome dans la milice urbaine afin de lui remémorer son passé et le faire revenir en Bretagne afin qu\'il devienne roi.\r\nArthur est le seul à être capable de la voir et de l\'entendre bien qu\'elle soit apparue à quelques occasions à d\'autres personnes (généralement par erreur).\r\nLors du Livre IV, Arthur commet la faute avec Mevanwi et abandonne de la quête du Graal.\r\nLes dieux considèrent alors qu\'elle a échouée dans sa mission et la sentence est terrible : la dame du lac est bannie, devient mortelle et se retrouve sur le plan terrestre.\r\nPendant le Livre V, elle finit par errer dans le royaume, rencontrant même Lancelot.\r\nIl apprend qui elle est, qu\'elle fut sa nourrice quand il était plus jeune et que les dieux ont préféré choisir Arthur à sa place.\r\nPar la suite, alors grièvement blessé, elle lui rappellera la routine de guérison, ce qui lui permettra de se soigner, et aussi de soigner Arthur lors de sa tentative de suicide.\r\nElle réapparait dans Kaamelott : Premier Volet et semble s\'être acclimatée à sa vie terrestre et insiste pour qu\'Arthur retire à nouveau l\'épée du rocher.',	1),
(13,	13,	'Drusilla',	NULL,	NULL,	'Fidèle à sa maîtresse, Drusilla souhaite la protéger et désapprouve sa relation avec le jeune Arturus car Aconia est déjà mariée. Elle assiste malgré tout à son mariage secret et la convainc de parler avec Arturus lorsque celui-ci vient s\'expliquer sur ses agissements à la villa Aconia (il a égorgé un chef ostrogoth pour obtenir un grade de plus et pouvoir ainsi devenir roi). Drusilla l\'éjecte de la maison une première fois puis accepte de l\'aider, même si elle lui en veut terriblement. ',	1),
(14,	14,	'Le Duc d\'Aquitaine',	'DucDAquitaine.jpg',	'Publié sur Facebook compte officiel de Kaamelott — https://www.facebook.com/KaamelottOff/photos/4138220852906371',	'Le duc d\'Aquitaine apparaît dans le Livre V de la série.\r\n\r\nIl est à la tête d\'une des plus grandes forces du Royaume de Logres sur le continent.\r\n\r\nÀ l\'origine, venu à Kaamelott pour essayer d\'enlever Excalibur du rocher, il sera tout de suite pris en grippe par Dame Séli, qui le prendra pour un parasite. Menacé, insulté, et agressé à coup de binette dans la cuisse, il voudra s\'excuser de sa situation, ce que le roi Arthur a du mal à comprendre.',	1),
(15,	15,	'Edern',	NULL,	NULL,	'Edern apparait dans l\'épisode pilote n°6 de Kaamelott, intitulé \'Le Chevalier Femme\' : il s\'agit de la fille d\'un ami de Léodagan et la seule femme chevalier de la Table Ronde.',	1),
(16,	16,	'Galessin',	'Galessin.webp',	'Publié par ©WikiaKaamelott - https://kaamelott.fandom.com/fr/wiki/Galessin?so=search&file=Galessin+Livre+I.jpg',	'Galessin, duc d\'Orcanie, est un chevalier de la Table Ronde présent à la majorité des réunions. De caractère désinvolte et blasé, il peut aussi se montrer sarcastique et a la repartie  facile, surtout envers Lancelot - dont l\'attitude hautaine et le souci exagéré de son physique énervent Galessin.',	1),
(17,	17,	'Goustan',	'Goustan.webp',	'Publié par ©WikiaKaamelott - https://kaamelott.fandom.com/fr/wiki/Goustan?so=search&file=Goustan_le_Cruel.jpg',	'A l\'image de son fils, Goustan est un personnage violent, brutal, et même vulgaire. Son surnom est d\'ailleurs Goustan le Cruel. Il a éduqué son fils à la dure, et il est plutôt satisfait du résultat, puisque celui-ci se fait appeler le Sanguinaire. Il désapprouve par le fait Arthur et ses méthodes qu\'il juge beaucoup trop laxistes.',	1),
(18,	18,	'Grüdü',	'Grudu.webp',	'Publié par ©WikiaKaamelott - https://kaamelott.fandom.com/fr/wiki/Gr%C3%BCd%C3%BC?so=search&file=Grudu.jpg',	'Grüdü est le garde du corps du roi Arthur, recommandé par Lancelot. Si on en croit ce dernier, Grüdü a été \"élevé sur la banquise viking par des ours polaires\". Si jamais il s\'énerve, il est conseillé de lui donner à manger de la viande crue pour le calmer.\r\n\r\nGrüdü est un garde du corps zélé, totalement dévoué au roi. A tel point même qu\'il n\'hésite pas à menacer ses maîtresses ou la reine si elles approchent Arthur de trop près, ou à tuer de malheureux serviteurs qui rôderaient la nuit autour de la chambre du roi. Grüdü est extrêmement borné et n\'abandonne jamais son poste - même lorsque la situation l\'exige ou qu\'il en reçoit l\'ordre direct.',	1),
(19,	19,	'Hervé de Rinel',	'HerveDeRinel.webp',	'Publié par ©WikiaKaamelott - https://kaamelott.fandom.com/fr/wiki/Herv%C3%A9_de_Rinel?so=search&file=Herv%C3%A9+De+Rinel.jpg',	'Hervé de Rinel est un chevalier plutôt discret, bien que présent depuis le début.\r\n\r\nIl participe peu aux réunions de la Table Ronde, et même lorsqu\'il n\'est pas absent, il rêvasse. Cela vaut sans doute mieux, cependant, car Hervé dispose d\'un vocabulaire encore plus tordu que Karadoc et Perceval, utilisant des mots tels que \"subrogative\" (pour \"subreptice\") ou \"en tapinant\" (pour \"en tapinois\"). Fort heureusement, l\'expérience d\'Arthur en la matière lui permet d\'être compris.',	1),
(20,	20,	'L\'interprète burgonde',	'InterpreteBurgonde.webp',	'Publié par ©WikiaKaamelott - https://kaamelott.fandom.com/fr/wiki/L%27Interpr%C3%A8te_(personnage)?file=L%2527interpr%25C3%25A8te_.jpg',	'Un interprète qui se mêle de tout, qui négocie à la place de son roi... Vous en connaissez beaucoup ? Normalement, il doit se contenter de traduire... Mais celui-là...\r\n\r\nIl a son franc-parler. Il n\'aime pas les Burgondes.\r\n\r\nDu coup, ben, il fait tout ce qu\'il peut pour qu\'ils se prennent une dérouillée, et il passe au service des Bretons.',	1),
(21,	56,	'Aziliz (Les Jumelles du pêcheur)',	'LesJumellesDuPecheur.webp',	'Publié par ©WikiaKaamelott -https://kaamelott.fandom.com/fr/wiki/Les_jumelles_du_p%C3%AAcheur?so=search&file=Les+jumelles+du+p%C3%AAcheur+Infobox.jpg',	'Aziliz et Tumet sont des jumelles, filles d\'un pêcheur (ce qui leur vaut le surnom des Jumelles du pêcheur) et qui sont les maitresses du Roi Arthur Pendragon. Arthur les a rencontré à son arrivée en Bretagne après avoir passé son adolescence à Rome. Elles ont chacune un caractère différent : Azilis est vive et impulsive et s\'énerve facilement, tandis que Tumet est plus douce et calme.',	1),
(22,	22,	'Le Jurisconsulte',	'Juriconsulte.jpg',	'Publié sur Facebook compte officiel de Kaamelott — https://www.facebook.com/KaamelottOff/photos/4138221152906341',	'Le Jurisconsulte apparait à partir du livre V, alors qu\'Arthur n\'a pas retiré l\'épée et refuse de gouverner. Lionel et Bohort proposent d\'engager un spécialiste des lois afin de trouver un moyen de désigner un roi qui ne retire pas l\'épée. Le Jurisconsulte est alors engagé pour fouiller les archives afin de trouver une loi permettant de nommer un régent.',	1),
(23,	23,	'Manius Macrinus Firmus',	'Macrinus.webp',	'Publié par ©WikiaKaamelott - https://kaamelott.fandom.com/fr/wiki/Manius_Macrinus_Firmus?so=search&file=Macrinus.jpg',	'Manius Macrinus Firmus apparaît dans le Livre VI de la série.\r\n\r\nIl est Dux Bellorum à la tête du front romain en Bretagne depuis 13 ans. Il lutte tant bien que mal au Mur d’Hadrien, dans la partie sud de l\'île. Face aux clans indigènes de Bretagne et combattant avec des hommes incompétents et épuisants, tel que son bras droit Cordius, il reste la majeure partie de son temps dans sa tente à écrire ses Mémoires, totalement découragé par la situation.',	1),
(24,	24,	'Mevanwi',	'Mevanwi.jpg',	'Publié sur Facebook compte officiel de Kaamelott — https://www.facebook.com/KaamelottOff/photos/4138221436239646',	'Mevanwi est la femme de Karadoc. Elle est exaspérée par les pratiques de son mari, comme manger au lit ou ne jamais prendre son bain. Délaissée, elle finit par tomber amoureuse du Roi, et ceux-ci mènent une relation idyllique à l’insu de tous. Après le départ de Guenièvre, après une cérémonie où les épouses respectives de Karadoc et d’Arthur sont échangées, elle devient Reine de Bretagne.',	1),
(25,	25,	'Lucius Sillius Sallustius',	'Sallustius.webp',	'Publié par ©WikiaKaamelott - https://kaamelott.fandom.com/fr/wiki/Lucius_Sillius_Sallustius?so=search&file=Sallustius.jpg',	'Lucius Sillius Sallustius est un sénateur romain très intelligent et influent qui suggère les décisions à prendre à Cæsar.\r\nIl apparait pour la première fois dans l\'épisode Miles Ignotus du livre VI.',	1),
(26,	26,	'Séfriane d\'Aquitaine',	'Sefriane.webp',	'Publié par ©WikiaKaamelott - https://kaamelott.fandom.com/fr/wiki/Liste_des_personnages_mineurs?so=search&file=S%25C3%25A9friane.jpg#S',	'Séfriane d\'Aquitaine est la nièce du Duc d\'Aquitaine.\r\nElle n\'apparait que lors d\'un seul épisode (Séfriane d\'Aquitaine, Livre III), lors duquel elle assiste une la réunion de la Table Ronde avec Bohort, Léodagan et Arthur au sujet de l\'achat de béliers pour le royaume.',	1),
(27,	27,	'Spurius Cordius Frontinius',	'Cordius.webp',	'Publié par ©WikiaKaamelott - https://kaamelott.fandom.com/fr/wiki/Spurius_Cordius_Frontinius?so=search&file=Cordius.jpg',	'Spurius Cordius est l\'assistant de Macrinus. Il est bavard, jovial et agace ses supérieurs par ses longs monologues anecdotiques.\r\n\r\nIl informe Macrinus des nouvelles venant de la Bretagne et il l\'aide à préparer son départ vers Rome. Il accueille ensuite Arturus au campement romain et en voulant l\'informer de l\'arrivée d\'un sénateur, il se fait arrêter par Goustan. Arturus réussit à le sauver en le laissant partir, avant de manipuler ses hommes.',	1),
(28,	28,	'Vérinus',	'Verinus.webp',	'Publié par ©WikiaKaamelott - https://kaamelott.fandom.com/fr/wiki/Verinus?so=search&file=Verinus_Livre_VI.jpeg',	'Verinus apparaît dans le Livre VI de la série.\r\n\r\nIl fait partie de la bande d\'amis d\'Arturus. Marchand de citrons de son état, par bien des attitudes il peut nous faire penser à Venec. Il a d\'ailleurs une altercation avec ce dernier à propos de l\'emplacement de leurs stands à Rome.\r\n\r\nVerinus a beau être quelqu\'un de sympathique et parfois drôle, il se qualifie lui-même de \"balance\". Malgré tout, il répond présent quand Arturus a besoin de lui pour mener à bien sa mission, à savoir tuer un chef barbare.',	1),
(29,	29,	'Ygerne',	'YgerneDeTintagel.webp',	'Publié par ©WikiaKaamelott - https://kaamelott.fandom.com/fr/wiki/Ygerne_de_Tintagel?so=search&file=Ygerne+de+Tintagel.jpg',	'Ygerne de Tintagel est la mère du roi Arthur Pendragon et d\'Anna de Tintagel.\r\nElle fut la femme du Duc de Gorlais et la maîtresse d\'Uther Pendragon.',	1),
(30,	30,	'Arthur',	'Arthur.jpg',	'Publié sur Facebook compte officiel de Kaamelott — https://www.facebook.com/KaamelottOff/photos/4138220599573063',	'Arthur Pendragon est le souverain du royaume de Logres et gouverne depuis le château de Kaamelott qu\'il a fait construire. Il est le fils d\'Uther Pendragon et d\'Ygerne de Tintagel, a une demi-soeur Anna et est marié à Guenièvre. Jusqu\'à ses 6 ans, il a grandi avec Anton, son père adoptif avant d\'être envoyé à Rome pour le protéger d\'Uther Pendragon. Lors de son ascension en tant que chef de guerre à Rome, il rencontrera Cæsar qui lui indiquera que les grand chefs ne \'se battent que pour la dignité des faibles\'. Il gardera en mémoire ce conseil et sera réputé comme un roi moderne au vu de ses positions sur la torture ou l\'esclavage mais également à l\'écoute grâce aux doléances à Kaamelott ou encore l\'argent versé pour les récoltes perdues par les paysans. Cela lui vaudra le surnom d\'Arthur \'Le Juste\' par le peuple. Guidé par la Dame du Lac (qu\'il est le seul à voir et entendre), il a créé les chevaliers de la Table Ronde pour partir à la recherche du Graal. Malgré des colères régulières face à l\'incompétence de ses chevaliers, il fait cependant tout pour les guider vers la \'lumière sacrée\'',	0),
(31,	31,	'Père Blaise',	'PereBlaise.webp',	'Publié par ©WikiaKaamelott - https://kaamelott.fandom.com/fr/wiki/P%C3%A8re_Blaise?so=search&file=P%C3%A8re+Blaise.jpg',	'Père Blaise est le scribe et prêtre chrétien de Kaamelott. Impulsif, ses crises de colère sont fréquentes au château et le contraignent bien souvent à jurer. Enraciné dans la culture religieuse bretonne, il est excédé par le comportement des chevaliers qui passent leur temps à se lamenter, et ne se gêne pas pour le leur faire comprendre. Chargé de ranger et d\'entretenir régulièrement la bibliothèque du Royaume, Père Blaise se fait très souvent remonter les bretelles lorsque Arthur se rend compte que ses précieux papiers sont loin d\'être en ordre sur les étagères. Il en va de même pour les comptes du Royaume. Plusieurs fois, le prêtre annoncera qu\'il n\'y a plus d\'argent, mais le roi ne peut malheureusement pas se fier aux registres.\r\n\r\nLassé des histoires sans intérêt des chevaliers, il n\'hésite pas à sauter sur l\'occasion pour écrire les mémoires d\'Arthur quand celui-ci est au bord de la mort, et raconter comment Lancelot l\'a trahi pour ensuite lui sauver la vie, histoire qu\'il trouve plus palpitante et plus intéressante que ce qu\'il écrit d\'habitude.',	1),
(32,	32,	'Bohort',	'Bohort.jpg',	'Publié sur Facebook compte officiel de Kaamelott — https://www.facebook.com/KaamelottOff/photos/4138220816239708',	'Bohort est un chevalier doux et pacifiste. Incapable de lever la main sur autrui, il essuie souvent les remontrances d\'Arthur, qui supporte très mal cette faiblesse. Lâche, il tente par tous les moyens d\'éviter les conflits et reste généralement prostré au château lorsqu\'il devrait pourtant prendre les armes. Face à son comportement très féminin et fleur bleue, la plupart des gens émettent des doutes quant au fait qu\'il soit marié, mais ce mystère sera élucidé: Bohort a bien une ravissante femme, Berlewen, qui réside à Gaunes, leur pays natal.\r\n\r\nIl aime la poésie, l\'art et rêve d\'aller vivre dans un pays chaud comme l\'Andalousie. Il a un frère, Lionel, aussi pleutre que lui, et ils sont tout deux les cousins de Lancelot.',	1),
(33,	33,	'Le Roi Burgonde',	'RoiBurgonde.jpg',	'Publié sur Facebook compte officiel de Kaamelott — https://www.facebook.com/KaamelottOff/photos/4138221589572964',	'Le Roi Burgonde est un chef ennemi dans Kaamelott.\r\nSouvent présent pour la signature d\'un traité de paix avec Arthur, c\'est un personnage stupide et grossier.\r\nIl ne parle pas la langue d\'Arthur et balbutie parfois quelques mots sans en comprendre leur signification ce qui génère de nombreux quiproquos.',	1),
(34,	34,	'Caius Camillus',	'Caius.webp',	'Publié par ©WikiaKaamelott - https://kaamelott.fandom.com/fr/wiki/Caius_Camillus?so=search&file=Caius.jpg',	'Caïus est un centurion romain envoyé en Bretagne. Étant la risée du roi Arthur et de Léodagan qui se rendent bien compte que Rome décline, il entretient tout de même des rapports amicaux avec eux et décide finalement de déserter et de devenir un nouveau seigneur breton.',	1),
(35,	35,	'Demetra',	'Demetra.webp',	'Publié par ©WikiaKaamelott - https://kaamelott.fandom.com/fr/wiki/Demetra?so=search&file=Demetra.jpg',	'Demetra est l\'une des maîtresses du roi Arthur, celle que l\'on voit le plus souvent. Consciente de sa condition, elle s\'efforce de remplir son rôle et de satisfaire le roi, ce qu\'elle semble bien réussir. Il est de notoriété publique à Kaamelott qu\'après avoir passé du temps avec Demetra, le roi est aimable et détendu - alors qu\'après avoir passé du temps avec Guenièvre, il est \"chiant et agressif\".',	1),
(36,	36,	'Elias de Kelliwic\'h',	'EliasDeKelliwich.webp',	'Publié par ©WikiaKaamelott - https://kaamelott.fandom.com/fr/wiki/%C3%89lias_de_Kelliwic\'h?so=search&file=Elias+de+Kelliwic%E2%80%99h.jpg',	'Elias de Kelliwic\'h, dit Le Fourbe, est un magicien puissant et craint des autres. Grand Enchanteur du Nord, commandeur des loups de Calédonie, il est aussi Pourfendeur du dragon des neiges. Il est d\'abord présenté comme un magicien opportuniste n\'hésitant pas à menacer et lancer des calamités sur le Royaume si on ne lui donne pas ce qu\'il demande. Il a aussi une fois mis en garde Arthur contre la colère de l\'Esprit des loups, exigeant le sacrifice de la reine Guenièvre pour l\'apaiser.',	1),
(37,	37,	'Gauvain',	'Gauvain.webp',	'Publié par ©WikiaKaamelott - https://kaamelott.fandom.com/fr/wiki/Gauvain?so=search&file=Gauvain.png',	'Gauvain est le neveu d\'Arthur et le fils de Loth, roi d\'Orcanie, et de la demie-soeur d\'Arthur, Anna. Le chevalier au Pancréas, surnom qu\'il s\'est lui-même donné parce que ça fait trop hyper, est considéré par ses parents comme un bon à rien, mais il ne semble pas y prêter attention.\r\n\r\nIl est souvent d\'humeur joyeuse. Toujours fourré avec son ami Yvain, il est loin d\'être mûr et n\'a en aucun cas la carrure d\'un chevalier de la Table Ronde. Aussi craintif mais un peu moins idiot que son compagnon, Gauvain partage aussi sa passion pour les arts.',	1),
(38,	38,	'Guenièvre',	'Guenievre.jpg',	'Publié sur Facebook compte officiel de Kaamelott — https://www.facebook.com/KaamelottOff/photos/4138221032906353',	'Guenièvre est la femme d\'Arthur Pendragon et la reine de Bretagne.\r\nElle est la fille de Léodagan de Carmélide et de Dame Séli, et donc également la princesse de Carmélide.\r\nElle est surnommée Guenièvre à la blanche fesse.\r\nCandide, elle a toujours rêvée au grand amour et semble amoureuse d\'Arthur malgré leur mariage arrangé.\r\nCependant, avec son caractère naif et crédule, elle irrite souvent Arthur avec qui elle s\'entend difficilement.\r\nMalgré son statut de Reine de Bretagne, elle ne prend pas part aux décisions concernant le royaume ou aux séances de doléances.',	0),
(39,	39,	'Guethenoc',	'Geuthenoc.webp',	'Publié par ©WikiaKaamelott - https://kaamelott.fandom.com/fr/wiki/Guethenoc?so=search&file=Guethenoc.jpg',	'Guethenoc est l\'incarnation même de l\'agriculteur breton, râleur et révolté. Il est à la tête de la plupart des révoltes paysannes de Kaamelott qui sont plus ou moins fondées. Un habitué des séances de doléances, il y viendrait \"deux fois par semaine\" d\'après Arthur. Guethenoc est ainsi \"plus têtu que ses bourriques\", selon sa fille Madenn. Guethenoc a également une femme.\r\n\r\nGuethenoc, bien que se plaignant constamment des difficultés rencontrées et de la dureté de son travail, est un paysan riche. Il gère une bonne partie des terres agricoles entourant Kaamelott, plante des vergers jusqu\'à Tintagel et prodigue même des conseils aux paysans calédoniens.',	1),
(40,	40,	'Le Seigneur Jacca',	NULL,	NULL,	'Le Seigneur Jacca n\'apparait que dans un seul épisode : \'La Taxe Militaire\'. Venu se plaindre des taxes auquel il est soumis en tant que seigneur ne participant pas aux batailles, on apprend qu\'il est également chevalier de la Table Ronde et présumé mort par Arthur et Léodagan. Il est interprété par Georges Beller.',	1),
(41,	41,	'Kadoc',	'Kadoc.webp',	'Publié par ©WikiaKaamelott - https://kaamelott.fandom.com/fr/wiki/Kadoc?so=search&file=Kadoc.jpg',	'Kadoc est le frère du chevalier Karadoc. Il a un retard mental et un vocabulaire très limité, justifié par les druides par le fait qu\'il ne dorme jamais.\r\nPeu présent au début sauf quand la tante de Karadoc le lui \'colle dans les pattes\', il rejoint le clan des Semi-Croustillants de son frère au cours du Livre V.\r\nDans Kaamelott : Premier Volet, il est toujours membre du clan des Semi-Croustillants, et est nommé colonel à titre aromatique par Karadoc pour le féliciter.',	1),
(42,	42,	'Karadoc',	'Karadoc.jpg',	'Publié sur Facebook compte officiel de Kaamelott — https://www.facebook.com/KaamelottOff/photos/4138221182906338',	'Karadoc de Vannes est un chevalier de la Table Ronde, meilleur ami du Chevalier Perceval de Galles.\r\nIl est marié à dame Mevanwi avec qui il a eu plusieurs enfants, et a un frère, Kadoc.\r\nSa grande passion est la nourriture : pour lui, \'le gras c\'est la vie\' et il a onze repas par jour qui doivent absolument être pris à heure fixe.\r\nIl n\'hésite d\'ailleurs pas à garder de la nourriture dans sa chambre et même jusque dans son lit : d\'après les dires de dame Mevanwi, il aurait même dormi avec un porc vivant par crainte de disette.\r\nDurant le livre V, il monte un clan autonome avec son ami Perceval, les \'semi-croustillants\' et ils établissent leur quartier général à la taverne.\r\nIl deviendra un temps régent de Bretagne suite à une manipulation de Mevanwi qui détruisit l’acte d’annulation de l’échange d’épouses.',	0),
(43,	43,	'Lancelot',	'Lancelot.jpg',	'Publié sur Facebook compte officiel de Kaamelott — https://www.facebook.com/KaamelottOff/photos/4138220602906396',	'Lancelot est le fils du roi Ban de Benoïc. Il est le chevalier par excellence. Intelligent, loyal, courageux mais prétentieux, il est indéniablement le bras droit du roi Arthur. Cependant, son amour sans faille pour la reine Guenièvre le rend parfois fou de chagrin et de jalousie envers l\'homme qui est son meilleur ami et qu\'il respecte énormément. ',	0),
(44,	44,	'Léodagan',	'Leodagan.jpg',	'Publié sur Facebook compte officiel de Kaamelott — https://www.facebook.com/KaamelottOff/photos/4138221279572995',	'Léodagan, roi de Carmélide et époux de Dame Séli, est le père de Guenièvre et Yvain. Il est totalement impulsif, têtu et sans pitié. Il est le contraire frappant de son gendre.\r\n\r\nLéodagan, qui d\'abord avait refusé de donner sa fille à Arthur, s\'est ravisé en voyant tous les avantages politiques que lui procurerait le fait de devenir le beau-père du roi et le grand-père de l\'héritier.\r\n\r\nDéterminé à semer la terreur et à conquérir le peuple par la force, il est souvent exaspéré par le laxisme du pouvoir auquel il doit pourtant se soumettre. Malgré ses responsabilités en Carmélide, il s\'occupe ardemment des défenses du territoire breton et propose souvent de brûler et raser certaines régions afin de les renforcer.',	0),
(45,	45,	'Loth',	'Loth.jpg',	'Publié sur Facebook compte officiel de Kaamelott — https://www.facebook.com/KaamelottOff/photos/4138221292906327',	'Loth, roi d\'Orcanie, est le suzerain du Seigneur Galessin, le père de Gauvain et le mari d\'Anna de Tintagel, demie-sœur d\'Arthur.\r\n\r\nLes légendes bretonnes le décrivent comme un roi-magicien, et ce détail est repris dans la série, Loth étant capable de projeter des éclairs du bout des doigts.\r\n\r\nLoth est un personnage énigmatique, décontracté, et par ailleurs amateur de citations latines farfelues dont il ne comprend pas le sens, mais qui donnent l\'illusion d\'une grande culture.',	1),
(46,	46,	'Le Maître d\'Armes',	'MaitreDArmes.webp',	'Publié par ©WikiaKaamelott - https://kaamelott.fandom.com/fr/wiki/Le_Ma%C3%AEtre_d\'Armes?so=search&file=Ma%C3%AEtre+d%27armes.jpg',	'Le Maître d\'Armes est l\'entraîneur officiel du Roi Arthur. Il suit un régime alimentaire draconien et son hygiène corporelle est très stricte. On dit d\'ailleurs de lui qu\'il ne mange que des graines, même s\'il affirme le contraire.\r\n\r\nIl a une méthode d’entraînement plutôt originale puisqu’il n’hésite pas insulter son adversaire pour attiser sa vigueur, ce qui lui vaut d’ailleurs une dispute mémorable avec Arthur parmi bien d\'autres.',	1),
(47,	47,	'Méléagant',	'Meleagant.webp',	'Publié par ©WikiaKaamelott - https://kaamelott.fandom.com/fr/wiki/M%C3%A9l%C3%A9agant?so=search&file=M%25C3%25A9l%25C3%25A9agant.jpg',	'Méléagant apparait pour la première fois lors du livre IV lorsque Lancelot est esseulé, son camp démantelé et Guenièvre récupérée par Arthur Pendragon.\r\nIl s\'approche alors de lui et lui dit alors :\r\nJuste à notre aplomb une corneille est posée sur une branche. Dans quelques secondes, elle va s\'envoler. [...] Voilà. Nous avons franchi le solstice d\'été. Et pendant que d\'autres célèbrent le jour le plus interminable de l\'année, nous allons secrètement nous réjouir du retour des longues nuits. [...] Levez-vous.\r\nMéléagant est « le dieu des morts solitaire des frayeurs du ciel » et lorsque Lancelot demande son nom, il répond qu\'on le nomme parfois \'La Réponse\'.\r\nDurant le livre V, il influence Lancelot pour qu\'il ne retire pas l\'épée du Rocher car il n\'est pas l\'élu des dieux ayant désigné Arthur, Roi.\r\nIl fait également tout pour qu\'il renie définitivement Arthur et l\'assassine.\r\nIl manipule également Arthur lors de sa recherche de descendance, accentuant sa dépression en lui faisant revoir son père adoptif, Anton et en lui faisant croise qu\'il n\'aura jamais de descendance car il est infertile.\r\nCela pousse le roi à faire une tentative de suicide une fois revenu au château.\r\nIl apparait également dans la scène post-générique de Kaamelott : Premier Volet, où on le voit ramper sur le sol, ramasser de la neige et la boire et se retourner, allongé face au ciel.',	1),
(48,	48,	'Merlin',	'Merlin.jpg',	'Publié sur Facebook compte officiel de Kaamelott — https://www.facebook.com/KaamelottOff/photos/4138221349572988',	'Merlin est l\'enchanteur et le druide officiel de Bretagne. C\'est lui qui a emmené pour la première fois Arthur, alors agé de 4 ans, retirer Excalibur du rocher. Pour éviter que l\'enfant ne se fasse tuer par son père, Merlin l\'a ensuite fait adopter par un paysan.\r\n\r\n15 ans plus tard, quand Arthur revient de Rome, il prend Merlin à ses côtés. Il a certains pouvoirs, mais la plupart du temps il ne sait absolument pas s\'en servir. Incapable de réussir correctement les missions que le roi lui confie, les gens n\'éprouvent pour lui qu\'une considération réduite. Aider les humains n\'étant visiblement pas dans ses cordes, il préfère s\'occuper de la nature et des animaux, notamment des loups.',	0),
(49,	49,	'Perceval',	'Perceval.jpg',	'Publié sur Facebook compte officiel de Kaamelott — https://www.facebook.com/KaamelottOff/photos/4138221442906312',	'Perceval de Galles est un chevalier de la Table Ronde originaire de Caerdydd au Pays de Galles.\r\nConsidéré comme un idiot (il ne sait lire, ni écrire et a un vocabulaire très limité), il est plutôt comme un enfant, naif et qui n\'a pas reçu d\'éducation.\r\nIl a une grande fidélité envers Arthur et cherche par tous les moyens à obtenir sa fierté : il indiquera d\'ailleurs que, pour lui, « c\'est Arthur qui compte ».\r\nIl refusera obstinément de tenter sa chance pour retirer Excalibur du rocher par respect envers le roi et dissuadera Karadoc de le faire également.\r\nArthur de son côté et malgré son agacement à essayer de comprendre Perceval à chaque fois qu\'il parle ou lorsqu\'il fait des erreurs, a une profonde affection envers lui : il mange régulièrement seul avec lui (et c\'est le seul chevalier de la Table Ronde à avoir ce privilège) et sera attristé quand il croira qu\'il est mort.\r\nIl aime beaucoup jouer à des jeux de son pays même si personne ne comprend les règles : Contre-sirop, Chante Sloubi, le jeu du Pélican...\r\nAu cours du livre V, il monte le clan autonome des \'Semi-croustillants\' avec son ami Karadoc et ils établissent leur quartier général à la taverne dans laquelle ils passaient le plus clair de leur temps.\r\nDans Kaamelott Premier volet, il est le leader de la résistance en Bretagne avec Karadoc.\r\nIls creusent des tunnels avec leur clan pour contrer Lancelot, devenu roi, et cela leur permet de libérer Arthur lorsqu\'il est fait prisonnier et également de faire s\'écrouler une partie du chateau.',	0),
(50,	50,	'Roparzh',	'Roparzh.webp',	'Publié par ©WikiaKaamelott - https://kaamelott.fandom.com/fr/wiki/Roparzh?so=search&file=Roparzh+Livre+I.jpg',	'Roparzh est un agriculteur breton, tout comme Guethenoc. Il est lui aussi très râleur et désinvolte. Ils sont voisins, et les bêtes de l\'un ont tendance à aller sur les terres de l\'autre. Ils sont souvent en conflit pour des histoires sans intérêt et n\'hésitent pas à aller se plaindre au roi. Ils se menacent ouvertement et en viennent souvent aux mains. ',	1),
(51,	51,	'Séli',	'Selie.jpg',	'Publié sur Facebook compte officiel de Kaamelott — https://www.facebook.com/KaamelottOff/photos/4138221632906293',	'Séli, reine de Carmélide,  est l\'épouse de Léodagan et son caractère est aussi détestable que celui de son mari. Elle a deux enfants : Guenièvre et Yvain.\r\n\r\nDésespérée par les comportements niais et idiots de ses enfants, elle tente en vain de leur faire une place et un nom dans la société. La seule chose qu\'elle souhaite, c\'est la naissance d\'un héritier au trône. Elle ira même jusqu\'à demander aux enchanteurs de lui faire une potion de fécondité.\r\n\r\nD\'origine picte, c\'est une femme déterminée et sûre d\'elle. Persuadée d\'être entourée d\'incapables et de bras cassés, Séli ne fait aucun effort pour paraître aimable. N\'ayant pas la langue dans sa poche, elle n\'hésite pas à les envoyer balader sèchement lorsqu\'ils lui tapent sur le système.',	0),
(52,	52,	'Le Tavernier',	'LeTavernier.webp',	'Publié par ©WikiaKaamelott -https://kaamelott.fandom.com/fr/wiki/Le_Tavernier?so=search&file=Le+Tavernier.jpg',	'Le tavernier est le propriétaire d\'une taverne aux alentours de Kaamelott dans laquelle se retrouve plusieurs fois par jour Karadoc et Perceval. Au fil du temps, il se lie d\'amitié avec les deux chevaliers, jouant même à l\'occasion à des jeux de société avec eux à la fin de son service : Le cul de chouette, Le Contre-sirop, Chante sloubi... Au cours du livre V, il accepte que sa taverne devienne le quartier général du nouveau clan autonome monté par Perceval et Karadoc.',	1),
(53,	53,	'Urgan',	'Urgan.webp',	'Publié par ©WikiaKaamelott - https://kaamelott.fandom.com/fr/wiki/Liste_des_personnages_mineurs?so=search&file=Urgan.jpg#U',	NULL,	1),
(54,	54,	'Venec',	'Venec.webp',	'Publié par ©WikiaKaamelott - https://kaamelott.fandom.com/fr/wiki/Venec?so=search&file=VenecLivreI.jpg',	'Venec est l\'incarnation même de l\'arnaque et des activités illicites. Principalement marchand d\'esclaves, c\'est en fait un vendeur en tout genre, surtout d\'instruments de torture. Il fait même dans la construction de cathédrales mais est aussi usurier, faux-monnayeur, proxénète, et est en relation avec toutes sortes de malfrats, des voleurs aux pirates, assassins ou espions.. Ces relations sont décrites par Venec comme étant des \"accointances avec tous les traîne-patins du bled\". C\'est surtout un opportuniste, près à sauter sur toutes les occasions de se faire de l\'argent.',	1),
(55,	55,	'Yvain',	'Yvain.webp',	'Publié par ©WikiaKaamelott - https://kaamelott.fandom.com/fr/wiki/Yvain?so=search&file=Yvain+Livre+V.jpg',	'Yvain est le frère de Guenièvre, et le fils de Léodagan et Séli. Il se fait appeler chevalier au Lion, mais il n\'a aucun trait de caractère propre au lion. Selon lui, ce titre fait simplement plus classe. Peureux et plaintif, il a une grande peur des guêpes. Il forme un duo aussi drôle qu\'inefficace avec le neveu d\'Arthur : Gauvain.\r\n\r\nDevenu chevalier de la Table Ronde grâce à l\'influence de ses parents, qui tentent en vain de sauver leur honneur, Yvain échoue lamentablement dans les missions qu\'on lui confie et préfère de loin laisser libre court à ses aspirations poétiques et romanesques. C\'est l\'ado par excellence, toujours en train de râler, de soupirer et de lever les yeux au ciel à la moindre remarque, ce qui agace prodigieusement ses parents et Arthur.',	1),
(56,	21,	'Tumet (Les Jumelles du pêcheur)',	'LesJumellesDuPecheur.webp',	'Publié par ©WikiaKaamelott -https://kaamelott.fandom.com/fr/wiki/Les_jumelles_du_p%C3%AAcheur?so=search&file=Les+jumelles+du+p%C3%AAcheur+Infobox.jpg',	'Aziliz et Tumet sont des jumelles, filles d\'un pêcheur (ce qui leur vaut le surnom des Jumelles du pêcheur) et qui sont les maitresses du Roi Arthur Pendragon. Arthur les a rencontré à son arrivée en Bretagne après avoir passé son adolescence à Rome. Elles ont chacune un caractère différent : Azilis est vive et impulsive et s\'énerve facilement, tandis que Tumet est plus douce et calme.',	1);

DROP TABLE IF EXISTS `play_quizz`;
CREATE TABLE `play_quizz` (
  `id` int(11) NOT NULL AUTO_INCREMENT,
  `quizz_id` int(11) DEFAULT NULL,
  `user_id` int(11) DEFAULT NULL,
  `score` smallint(6) DEFAULT NULL,
  PRIMARY KEY (`id`),
  KEY `IDX_8DA87081BA934BCD` (`quizz_id`),
  KEY `IDX_8DA87081A76ED395` (`user_id`),
  CONSTRAINT `play_quizz_ibfk_7` FOREIGN KEY (`user_id`) REFERENCES `user` (`id`) ON DELETE CASCADE,
  CONSTRAINT `play_quizz_ibfk_8` FOREIGN KEY (`quizz_id`) REFERENCES `quizz` (`id`) ON DELETE CASCADE
) ENGINE=InnoDB DEFAULT CHARSET=utf8mb4 COLLATE=utf8mb4_unicode_ci;

INSERT INTO `play_quizz` (`id`, `quizz_id`, `user_id`, `score`) VALUES
(1,	1,	1,	5),
(2,	2,	3,	6),
(3,	3,	3,	3),
(4,	3,	6,	2),
(5,	3,	6,	2),
(6,	3,	6,	1),
(7,	3,	6,	1),
(8,	3,	6,	1),
(9,	3,	3,	3),
(10,	3,	6,	1),
(11,	3,	3,	3),
(12,	3,	4,	1),
(13,	3,	6,	2),
(14,	2,	6,	1),
(15,	1,	6,	1),
(17,	3,	6,	1),
(18,	3,	6,	1),
(19,	3,	1,	1),
(20,	3,	1,	1),
(21,	1,	3,	4),
(22,	1,	6,	10),
(23,	3,	2,	2),
(24,	1,	4,	10),
(25,	3,	4,	2),
(27,	3,	6,	1),
(28,	3,	6,	2),
(29,	3,	6,	1),
(31,	3,	6,	1),
(32,	3,	6,	3),
(33,	3,	6,	1),
(34,	3,	6,	1),
(35,	3,	6,	1),
(36,	3,	6,	1),
(37,	3,	6,	2),
(38,	3,	6,	1),
(39,	3,	6,	1),
(40,	3,	6,	1),
(41,	3,	6,	2),
(42,	3,	6,	1),
(43,	3,	6,	1),
(44,	3,	6,	1),
(45,	3,	6,	0),
(46,	3,	6,	1),
(47,	1,	6,	9),
(50,	3,	6,	0),
(51,	3,	6,	3),
(52,	3,	6,	1),
(53,	3,	6,	2);

DROP TABLE IF EXISTS `question`;
CREATE TABLE `question` (
  `id` int(11) NOT NULL AUTO_INCREMENT,
  `quizz_id` int(11) DEFAULT NULL,
  `title` longtext COLLATE utf8mb4_unicode_ci NOT NULL,
  `answer1` longtext COLLATE utf8mb4_unicode_ci NOT NULL,
  `answer2` longtext COLLATE utf8mb4_unicode_ci NOT NULL,
  `answer3` longtext COLLATE utf8mb4_unicode_ci NOT NULL,
  `answer4` longtext COLLATE utf8mb4_unicode_ci NOT NULL,
  `good_answer` longtext COLLATE utf8mb4_unicode_ci NOT NULL,
  PRIMARY KEY (`id`),
  KEY `IDX_B6F7494EBA934BCD` (`quizz_id`),
  CONSTRAINT `question_ibfk_4` FOREIGN KEY (`quizz_id`) REFERENCES `quizz` (`id`) ON DELETE CASCADE
) ENGINE=InnoDB DEFAULT CHARSET=utf8mb4 COLLATE=utf8mb4_unicode_ci;

INSERT INTO `question` (`id`, `quizz_id`, `title`, `answer1`, `answer2`, `answer3`, `answer4`, `good_answer`) VALUES
(1,	1,	'A quel siècle se déroule l\'histoire ?',	'Au V ème',	'Au VI ème',	'Au XV ème',	' Au IV ème',	'Au V ème'),
(2,	1,	'Est-ce qu\'on peut s\'en servir pour donner de l\'élan à un pigeon ? Qui a osé dire ça à propos d\'une catapulte ?',	'Perceval',	'Kadoc',	'Yvain',	'Karadoc',	'Yvain'),
(3,	1,	'Le Sloubi ça peut se jouer avec des dés MAIS normalement ça se joue avec quoi ?',	'Du suc',	'Des haricots',	' Des bouts de fromage',	'Des bouts de bois',	'Des bouts de bois'),
(4,	1,	'Quelle chanson entête le roi Arthur pendant tout un épisode ?',	'Une souris verte',	'A la volette',	'Pomme d api',	'Le roi Dagobert',	'A la volette'),
(5,	1,	'Qui n’est pas la maîtresse du roi ?',	'Demetra',	'Aelis',	'Guenièvre',	'Azenor',	'Guenièvre'),
(6,	1,	'Qu’est-ce qui est petit et marron?',	'Un Marron',	'Une Châtaigne',	'Un Gland',	'Je ne mange pas de graines!',	'Un Marron'),
(7,	1,	'Elle est où la poulette?',	'Ça suffit ! Elle est où la poulette ? Elle est bien cachée ?',	'Vous rendez la poulette sinon c est plus vous qui donnez à manger aux lapins !',	'Vous rendez la poulette ou c est tout nus dans les orties !',	'Ça suffit, vous rendez la poulette, sinon papi va se mettre en colère.',	'Ça suffit ! Elle est où la poulette ? Elle est bien cachée ? Vous rendez la poulette sinon c est plus vous qui donnez à manger aux lapins ! Vous rendez la poulette ou c est tout nus dans les orties ! Ça suffit, vous rendez la poulette, sinon papi va se mettre en colère.'),
(8,	1,	'Qui descend plus “de la pucelle que du démon” ?',	'Arthur',	'Merlin',	'Guenièvre',	'La dame du lac',	'Merlin'),
(9,	1,	'Qui dit \'Oh bah ça va je picole pas souvent !\' ?',	'Léodagan',	'Karadoc',	'Perceval',	'Lancelot',	'Lancelot'),
(10,	1,	'Qui dit : \'Eh bien puisque c\'est ça, allez-y : détruisez tout ! Entretuez-vous ! Mettez la Bretagne à feu et à sang ! Et ne comptez plus sur moi pour vous amener mes gâteaux à la purée de pomme dont vous êtes si friand ! Dorénavant, vous devrez vous les cuisiner vous-même ! ENTRE DEUX MISES À SAC !\'',	'Bohort',	'Yvain',	'Le duc D Aquitaine',	'Gauvain',	'Bohort'),
(11,	2,	'Elias de Kelliwic’h dit ',	'le Perfide',	'le Fourbe',	'le Sournois',	'le Rusé',	'le Fourbe'),
(12,	2,	' Qui dit : \'- Voilà ! C’est tout ce qu’y a ! Unisson, quarte, quinte et c’est marre ! Tous les autres intervalles, c’est de la merde ! Le prochain que je chope en train de siffler un intervalle païen, je fais un rapport au pape !\'',	'Arthur',	'Le Répurgateur',	'Boniface évêque de Germanie',	'Le Père Blaise',	'Le Père Blaise'),
(13,	2,	'Qui dit : \'Invoquer une meute de loups ? Moi je veux bien, mais je vous préviens : s’ils se retournent contre nous pour nous bouffer les miches, vous viendrez pas pleurer !\'',	'Merlin',	'Elias de Kelliwic h',	'Méléagan',	'La Dame du Lac',	'Merlin'),
(14,	2,	'Qui dit : \'Attention, attention… il va y arriver un moment où il y a des granges qui vont se mettre à flamber, faudra pas demander d’où ça vient !\'',	'Roparzh',	'Le tavernier',	'Kadoc',	'Guethenoc',	'Guethenoc'),
(15,	2,	'Qui dit: \'Faut arrêter ces conneries de nord et de sud ! Une fois pour toutes, le nord, suivant comment on est tourné, ça change tout !\'',	'Gauvain',	'Perceval',	'Yvain',	'Karadoc',	'Perceval'),
(16,	2,	'Qui dit: \'- Les chicots c\'est sacré ! Parce que si on en prend pas soin, dans dix ans, c\'est tout à la soupe. Et celui qui me fera bouffer de la soupe, il est pas né !\'',	'Karadoc',	'Perceval',	'Le tavernier',	'Le maître d armes',	'Karadoc'),
(17,	2,	'Qui dit : \'J’y connais rien, mais à votre avis, le fait que vous me touchiez pratiquement jamais, ça a une influence sur la fécondité ?\'',	'Demetra',	'Guenièvre',	'Azenor',	'Aelis',	'Guenièvre'),
(18,	2,	'Qui dit: \'- Un village assailli de brigands, une femme qui se fait tabasser, une poule qui boîte, c\'est pas les opprimés qui manquent ! Et là au moins, j\'aurais l\'impression de servir à quelque chose.\'',	'Léodagan',	'Calogrenant',	'Lancelot',	'Caius',	'Lancelot'),
(19,	2,	'Qui dit : \'Donc là, pour le voyageur isolé y\'a deux solutions : soit il dépose ses armes, ses objets, sa bouffe et ses fringues par terre, et il s\'en va d\'où il est venu à poil dans la neige, soit il décide de se battre... À un contre dix.\'',	'Le maître d armes',	'Venec',	'Léodagan',	'Arthur',	'Venec'),
(20,	2,	'Qui dit : \'Si j’échoue, je garde la butte aux Cerfs et je fais tomber une pluie de calamités sur le royaume par vengeance ! C’est pas pour rien qu’on m’appelle « le Fourbe ». Si je réussis, je garde la butte aux Cerfs, plus… Le tertre des  mes…\'',	'Elias de Kelliwitc h',	'Merlin',	'Meleagan',	'Le roi Loth',	'Elias de Kelliwitc h'),
(21,	3,	'Qui dit : \'Tempora mori, tempora mundis recorda. Voilà. Et bien ça, par exemple, ça veut absolument rien dire, mais l’effet reste le même, et pourtant j’ai jamais foutu les pieds dans une salle de classe attention !\'',	'Ketchatar roi d Irlande',	'Hoël roi d Armorique',	'Loth roi d Orcanie',	'Léodagan roi de Carmélide',	'Loth roi d Orcanie'),
(22,	3,	'Qui dit : \'Ah, le printemps ! La nature se réveille, les oiseaux reviennent, on crame des mecs\'',	'Le roi Loth',	'Arthur',	'Lancelot',	'Léodagan',	'Arthur'),
(23,	3,	'Selon Perceval, les vieux c’est classe car:',	'On les respecte en tant que tel.',	'La patience est un plat qui se prépare à l avance.',	'Il dit rien, on ne sait pas ce qu il pense, c est mystérieux.',	'La patience est un plat qui se mange sans sauce.',	'Il dit rien, on ne sait pas ce qu il pense, c est mystérieux.');

DROP TABLE IF EXISTS `quizz`;
CREATE TABLE `quizz` (
  `id` int(11) NOT NULL AUTO_INCREMENT,
  `title` varchar(255) COLLATE utf8mb4_unicode_ci NOT NULL,
  PRIMARY KEY (`id`)
) ENGINE=InnoDB DEFAULT CHARSET=utf8mb4 COLLATE=utf8mb4_unicode_ci;

INSERT INTO `quizz` (`id`, `title`) VALUES
(1,	'Quizz 1'),
(2,	'Quizz 2'),
(3,	'Quizz 3');

DROP TABLE IF EXISTS `quote`;
CREATE TABLE `quote` (
  `id` int(11) NOT NULL AUTO_INCREMENT,
  `episode_id` int(11) DEFAULT NULL,
  `personage_id` int(11) DEFAULT NULL,
  `user_id` int(11) DEFAULT NULL,
  `text` longtext COLLATE utf8mb4_unicode_ci NOT NULL,
  `rating` float DEFAULT NULL,
  `validated` tinyint(1) NOT NULL,
  PRIMARY KEY (`id`),
  KEY `IDX_6B71CBF4362B62A0` (`episode_id`),
  KEY `IDX_6B71CBF4EA8E3E4A` (`personage_id`),
  KEY `IDX_6B71CBF4A76ED395` (`user_id`),
  CONSTRAINT `quote_ibfk_10` FOREIGN KEY (`user_id`) REFERENCES `user` (`id`) ON DELETE CASCADE,
  CONSTRAINT `quote_ibfk_7` FOREIGN KEY (`episode_id`) REFERENCES `episode` (`id`),
  CONSTRAINT `quote_ibfk_9` FOREIGN KEY (`personage_id`) REFERENCES `personage` (`id`)
) ENGINE=InnoDB DEFAULT CHARSET=utf8mb4 COLLATE=utf8mb4_unicode_ci;

INSERT INTO `quote` (`id`, `episode_id`, `personage_id`, `user_id`, `text`, `rating`, `validated`) VALUES
(1,	1,	1,	NULL,	'Hé ben, si un jour j\'oublie que je suis boniche, vous serez gentil de me le rappeler !',	2,	1),
(2,	2,	1,	NULL,	'Si Monsieur et Madame préfèrent s\'envoyer des fions dans l\'intimité, je peux aussi me retirer.',	3.3,	1),
(3,	3,	1,	NULL,	'(À Arthur et à Mevanwi ensemble dans leur lit) Entre le calme plat du temps de Madame et la guérilla de cette nuit, je me permets de dire à Monsieur que Monsieur n\'a pas bien le sens de la mesure. Monsieur est en dents de scie...',	1.8,	1),
(4,	4,	1,	NULL,	'(À Arthur au sujet de Mevanwi) Je dois avouer que la chose a du bon, si c\'est pour m\'éviter la vue de la grande décarade, le défilé des nouvelles têtes, la parade des amoureuses à calcul, les poids lourds de la jambe légère, le festival de la morue, en somme...',	4.02,	1),
(5,	5,	2,	NULL,	'Quand on veut être sûr de son coup, mon petit bonhomme, on plante des carottes, on ne joue pas les chefs d\'État !',	4.5,	1),
(6,	5,	2,	NULL,	'(S\'adressant au roi Loth) Excusez-moi, est-ce qu\'à un seul moment, j\'aurais par mégarde donné le moindre signe de vouloir discuter avec vous?',	5,	1),
(7,	5,	2,	NULL,	'Vous êtes une gigantesque tarlouze.',	3.8,	1),
(8,	5,	2,	NULL,	'Jusqu\'à présent, vous cumuliez trois statuts : bâtard, fils d\'assassin et usurpateur. Bâtard, vous le serez toujours, de même que vous serez toujours le fils de votre sale ordure de père. Mais aujourd\'hui, vous n\'êtes plus roi, vous n\'usurpez plus votre titre, c\'est déjà ça.',	5,	1),
(9,	6,	3,	NULL,	'(au Maître d\'Armes) J\'pensais à une chose, en toute amitié, un gros pain dans votre tête, ça serait de nature à vous convenir ?',	3.6,	1),
(10,	6,	3,	NULL,	'En fait, je m\'en suis pris deux, mais j\'ai cherché la merde.',	1,	1),
(11,	7,	3,	NULL,	'Ouais c\'est bien qu\'on reste un peu dehors, comme ça j\'pourrais vous mettre une grosse tarte en plein air.',	1.2,	1),
(12,	8,	3,	NULL,	'Désolé mais vous l\'avez chié votre mariage. Ce s\'rait rien si c\'était pas juste la deuxième fois.',	2,	1),
(13,	9,	4,	NULL,	'Je vais tout casser, ici, MOI! Kaamelott Kaamelott : y va rester un tas de caaaailloux, comme ça! Je veux l\'or, tout l\'or sinon c\'est la guerre !',	4.5,	1),
(14,	9,	4,	NULL,	'Je te mettrai à genoux, Arthur de Bretagne !',	3.8,	1),
(15,	9,	4,	NULL,	'Pourquoi pas ?',	4.5,	1),
(16,	9,	4,	NULL,	'Alors les femmes. [...] Donnez nous les femmes ! [...] Tous les femmes !!! [...] AAAAAAHH !!!',	2.4,	1),
(17,	10,	4,	NULL,	'Arthur ! Kaamelott, c\'est zéro ! Des cailloux, des cailloux, des cailloux, ça m\'énerve ! !',	3.6,	1),
(18,	10,	4,	NULL,	'Cette fois-ci, on part avec les femmes ! HAHAAAHA !!!!',	4.5,	1),
(19,	11,	5,	NULL,	'(Beurré) Sire, vous êtes quand même un sacré souverain. Accueillir des péquenots qui sentent la bouse, comme ça, dans votre chapeau, ben je dis château ! ',	3,	1),
(20,	12,	6,	NULL,	'Sire, on en a déjà parlé de la pierre ! Je peux pas monter une pierre d\'une toise et demi dans un escalier à colimaçon !',	4.5,	1),
(21,	12,	6,	NULL,	'Le cuir, ça restera toujours le cuir. Le cuir, ça traverse les âges, les frontières, les modes. D\'autant qu\'là j\'vous ai pas mis d\'la vache moisie. Attention ! C\'est d\'la tannerie d\'luxe ! Assemblée au crochet de six ! Y\'a des heures de main d\'œuvre derrière ! ',	4.5,	1),
(22,	12,	6,	NULL,	'Ça vous dérange si… si j\'mets ma p\'tite griffe là ? Si y a un chef de clan qui vient poser ses miches par là devant et il trouve ça cossu. Ben le jour où il voudra faire un buffet ou un plumard sur mesure... il saura où m\'trouver, quoi.',	4.5,	1),
(23,	12,	6,	NULL,	'Ben, d\'la réclame beau Dieu ! ',	4.5,	1),
(24,	12,	6,	NULL,	'C\'est carré-carré chez vous, hein ?',	4.5,	1),
(25,	12,	6,	NULL,	'Après, moi, pour le détail, je sais pas',	4.5,	1),
(26,	13,	7,	NULL,	'Vous n\'avez qu\'à considérer que je suis officiellement cul nu.',	4.5,	1),
(27,	13,	7,	NULL,	'Quoi ? Vous voulez que j\'humilie ma terre natale pour une connerie d\'armure rouillée ?',	4.5,	1),
(28,	14,	7,	NULL,	'(En parlant à Arthur d\'un cadeau offert par un clan saxon) Mais c\'est un petit mâle, il s\'appelle ... \'Ferme ta gueule\', c\'est que quand il est né il arrêtait pas de couiner...',	4.5,	1),
(29,	15,	7,	NULL,	'Attendez, on dit chef de clan parce qu\'il faut dire quelque chose, hein !\r\nMais Conran, il doit y avoir trois cahutes sur la plage, ils sont une dizaine à tout casser, et c\'est tous des clodos, alors...',	4.5,	1),
(30,	15,	7,	NULL,	'(En Parlant d\'Hervé de Rinel) Ah mais c\'est ça qui pue!',	4.5,	1),
(31,	16,	8,	NULL,	'(Un sénateur : - J\'vais vous dire : le jour où j\'ai accepté d\'être sénateur, j\'aurais mieux fait de m\'péter une jambe.) Ça peut encore s\'arranger.',	4.5,	1),
(32,	16,	8,	NULL,	'Ça s\'enferme les registres ! (Glaucia : Ah bon ?) Ouais ! Et les trous du cul qui font pas leur boulot, ça s\'enferme aussi !',	4.5,	1),
(33,	16,	8,	NULL,	'(Glaucia : - Ave Publius Servius Capito, t\'avais demandé un rendez-vous ?) Non. J\'ai pas envoyé de fleurs non plus.',	4.5,	1),
(34,	17,	8,	NULL,	'(S\'adressant à Merlin) Vous préférez monter dans la barque, maintenant, de plein gré, ou dans vingt secondes avec un coup de pompe dans l\'oignon ?',	4.5,	1),
(35,	18,	8,	NULL,	'Tu salues plus les généraux ? C\'est pourtant largement au-dessus de ton grade merdique.',	4.5,	1),
(36,	18,	8,	NULL,	'Alors, sans vouloir te commander, aurais-tu l\'obligeance de bien vouloir te magner le cul.',	4.5,	1),
(37,	8,	8,	NULL,	'Sans rire, vous foutez quoi là-dedans là ? Pourtant, vous croulez pas sous les visites diplomatiques, il me semble ? Une fois tous les dix ans, vous pouvez donner un coup de balai, non ?',	4.5,	1),
(38,	8,	8,	NULL,	'J\'ai à peu près compris le principe du double jeu, mais je ne saurais dire pourquoi, j\'ai l\'impression que tu nous l\'as mis dans l\'os ? Et je pense que si tu refous les pieds à Rome, ne le prends pas mal hein... je te ferai éliminer. ',	4.5,	1),
(39,	19,	9,	NULL,	'A l\'époque, quand je levais le doigt, y avait 15 000 soldats qui gueulaient Imperator ! Maintenant, quand je lève le doigt, c\'est pour aller pisser... ',	4.5,	1),
(40,	19,	9,	NULL,	'Imperator ! Aaaaah ! Imperator ! Ah ça fait du bien crénom ! Ca me change de tous ces glands là... Votre tranquillité par-ci, votre tranquillité par-là... Ça, dis donc... Pour être tranquille, 24h sur 24 au plumard... À pioncer, à bouffer de la compote... Ça, c\'est sûr que j\'enchaîne pas les crises de nerf... Mais assieds-toi là ! On dirait que tu vas chanter une chanson ! Allez ! ',	4.5,	1),
(41,	18,	9,	NULL,	'On devient pas chef parce qu\'on le mérite andouille ! On devient chef par un concours de circonstances, on le mérite après ! Moi, il m\'a p\'têt fallu dix ans pour mériter mon grade, si pas vingt. Tous les jours, j\'ai travaillé pour pas nager dans mon uniforme. Y a pas trente-six solutions. Arturus ? Hein ? Fais semblant ! Fais semblant d\'être Dux. Fais semblant de mériter ton grade. Fais semblant d\'être un grand chef de guerre. Si tu fais bien semblant, un jour tu verras, t\'auras plus besoin !',	4.5,	1),
(42,	20,	9,	NULL,	'Mais moi non plus, je suis pas le chef suprême de la première puissance mondiale ! Le chef suprême de la première puissance mondiale, c\'est celui qui tire les ficelles dans l\'arrière-boutique, moi je suis juste un spectacle de marionnettes. Voilà. La petite journée désarticulée de César le pantin. Et ça se passe dans le ghetto !',	4.5,	1),
(43,	20,	9,	NULL,	'[S\'adressant à Arthur.] Des chefs de guerre, il y en a de toutes sortes. Des bons, des mauvais, des pleines cagettes, il y en a. Mais une fois de temps en temps, il en sort un. Exceptionnel. Un héros. Une légende. Des chefs comme ça, il y en a presque jamais. Mais tu sais ce qu\'ils ont tous en commun ? Tu sais ce que c\'est, leur pouvoir secret ? Ils ne se battent que pour la dignité des faibles.',	4.5,	1),
(44,	20,	9,	NULL,	'[César offre à Arthur la bague de contrôle des lames] C\'est pour t\'apprendre à faire confiance à la magie, parce qu\'il n\'y a que ça qui marche sur Terre, Arturus, la magie. Le reste, ça ne vaut pas un rond.',	4.5,	1),
(45,	8,	10,	NULL,	'Allez, vous devriez mettre les bouts, les demi-sels ! C\'est gentil d\'être passés ! On va vous faire un p\'tit sac avec des restes pour manger chez vous.',	4.5,	1),
(46,	21,	11,	NULL,	'Le premier truc qui frappe, c\'est la langue. Vous savez ce que c\'est, on arrive sur place, boum… En fait, c\'est quand on commence à entendre les gens parler que là… là, on se dit : je suis pas chez moi.',	4.5,	1),
(47,	22,	11,	NULL,	'[Le vieux] a essayé de me vendre un genre de turban, comme ils se mettent sur la tête, là-bas. J\'ai d\'abord commencé par l\'envoyer chier, puis je me suis dit que ça ferait sûrement plaisir au seigneur Karadoc.',	4.5,	1),
(48,	23,	11,	NULL,	'Heureusement qu\'on n\'a aucune dignité… Sinon on serait bien dans la merde.',	4.5,	1),
(49,	24,	11,	NULL,	'Eh... Il a pas inventé le plat de la main morte, celui-là.',	4.5,	1),
(50,	25,	12,	NULL,	'J\'ai dit \'elle aussi\' ? […] Oh, ça m\'étonne, ça... Vous êtes sûr que j\'ai pas dit \'elle est sympa\' ?',	4.5,	1),
(51,	26,	12,	NULL,	'Vous n\'avez aucun courage. Aucune dignité. Votre manque de foi est en train de tout détruire.',	3,	1),
(52,	27,	12,	NULL,	'(Terrorisée) Ils m\'ont ba... Ils m\'ont ba... (Arthur essaie divers mots) ILS M\'ONT BANNIE!',	3,	1),
(53,	27,	12,	NULL,	'Au départ, je devais vous guider vers la lumière, vers le Graal. Mais vous, vous préférez n\'en faire qu\'à votre tête : Lancelot s\'en va ? Pas grave, qu\'il s\'en aille ! Guenièvre part avec lui ? Eh ben qu\'elle se tire, ça fera de l\'air ! Il faut jamais convoiter la femme d\'un autre chevalier ? Ben eh, je m\'en fous, moi. Je la convoite quand même ! Résultat : Bannie ! Ah vous pouvez être fier de vous ! (elle pleure)',	3,	1),
(54,	27,	12,	NULL,	'Je sais ni boire, ni manger, ni m\'habiller, ni me laver, ni rien ! Vous sentez que je vais être un fardeau pour vous, ou pas ?',	3,	1),
(55,	28,	12,	NULL,	'Gardez votre épée et servez-vous-en pour trouver le Graal ! [Arthur replante Excalibur]',	3,	1),
(56,	29,	12,	NULL,	'Hé ! Hééé ! J\'suis pas une spécialiste, mais, à mon avis, là, vous allez mourir, hein !',	3,	1),
(57,	20,	13,	NULL,	'Mille excuses... Normalement, je devrais pas dire ça à un prêtre chrétien, mais, comme vous m\'avez tout l\'air d\'être un gros baltringue euh, je me permets ?\r\n(Père Blaise : Mmmh ?...) Vous avez oublié les alliances.',	3,	1),
(58,	20,	13,	NULL,	'Je préviens monsieur et madame que s\'ils ont dans l\'idée de remplacer leur hypothétique progéniture par des groupes d\'amis dans le style de celui-ci, en ce qui me concerne, y a d\'la démission dans l\'air.',	3,	1),
(59,	30,	14,	NULL,	'(Présentant sa nouvelle femme à Seli, Arthur et Leodagan)\r\nAh mais non... Mais vous vous êtes encore sur l\'ancienne ! […]\r\nTout à fait, excusez-moi, j\'ai pas percuté. Non non, l\'autre elle est morte. Heu... Les articulations soutenaient plus son poids. Donc elle a commencé par se remplir d\'eau par les coudes et après c\'est passé aux chevilles, c\'est remonté aux genoux et un matin, elle avait tellement gonflé que j\'ai appelé la garde.\r\nAlors heu... Ils sont venus, ils lui ont mis un coup de lance et puis elle a essayé de se... de se faufiler comme ça, pour se cacher sous le buffet.\r\nPis elle passait pas parce que bon ben... Elle avait plus conscience de sa masse donc elle est restée là, comme ça, pis... Bah six heures après, elle était crevée.\r\nDonc, la Duchesse d\'Aquitaine !',	3,	1),
(60,	31,	14,	NULL,	'(Récitant d\'un ton peu convaincant) «Si c\'est ma tête qui vous revient pas, vous pouvez toujours aller roupiller dans le couloir. […] Et à partir de maintenant, si j\'entends un mot plus haut que l\'autre je vous… renvoie dans votre bled d\'at… natal à coups de pied dans… dans le fion. Comme ça vous pourrez aller ratisser la bouse et torcher le cul des poules, ça vous fera prendre l\'air.»',	3,	1),
(61,	32,	14,	NULL,	'Non, mais on peut adapter. […] On peut dire, euh… bon, je dis : […] «Avec votre dégaine… euh… […] Avec votre dégaine de crevette, faites gaffe à pas vous faire bouffer par un mérou.»',	3,	1),
(62,	33,	15,	NULL,	'Mais c\'est pas juste, ça ! J\'ai jamais porté de rose, hein. J\'aime pas les fleurs, je me lave pas et je pisse dans mon armure, comme vous !',	3,	1),
(63,	33,	15,	NULL,	'Quoi, c\'est parce que je préfère les hommes c\'est ça ? À ce compte-là, faut virer Bohort aussi...',	3,	1),
(64,	33,	15,	NULL,	'Tapette, mais c\'est qui qui se trimballe en robe à travers tout le pays? […] Moi j\'te parle p\'tite fofolle!!',	3,	1),
(65,	33,	15,	NULL,	'Dehors le cureton! Dehors le cureton!',	3,	1),
(66,	34,	16,	NULL,	'Ouais ! Qu\'il y vienne patauger dans la merde !',	3,	1),
(67,	34,	16,	NULL,	'Nous on est Celtes ! Et on est fiers de l\'être !',	3,	1),
(68,	35,	16,	NULL,	'(Au Père Blaise)\r\nIl nous parle bien de travers, le cureton, aujourd\'hui !',	3,	1),
(69,	36,	16,	NULL,	'Moi, à une époque, je voulais faire vœu de pauvreté (...) Mais avec le pognon que j\'rentrais, j\'arrivais pas à concilier les deux.',	3,	1),
(70,	37,	16,	NULL,	'(A Lancelot) Han le lèche-pompe! On vous dérange Apollon? C\'est votre casque qui vous gêne ? ',	3,	1),
(71,	38,	16,	NULL,	'(A Dagonnet) Oui... Ben non !',	3,	1),
(72,	39,	16,	NULL,	'(A Lancelot) Et ben allez-y, recevez-le dans la merde. Y\'a pas un siège pour s\'asseoir, pas un truc à lui offrir à boire (...) C\'est le roi d\'Orcanie quand même. C\'est pas Jo le Clodo. ',	3,	1),
(73,	40,	16,	NULL,	'Vous me faites penser à ces types qui se servent jamais en premier pour faire poli, et quand c\'est à eux...ils prennent tout le fromage gratiné et les autres, ils sont obligés de manger le légume seul.',	3,	1),
(74,	7,	17,	NULL,	'(Aux rois assemblés) FUMIEEEERS !!!!',	3,	1),
(75,	41,	17,	NULL,	'(À Arthur au sujet de l\'héritier) Je comprends qu\'avec deux livres de viande sur l\'estomac, on ne soit pas très actif dans une chambre à coucher. Ça ronfle à faire craquer le joint des murs.',	3,	1),
(76,	42,	17,	NULL,	'C\'est justement parce que vous avez été cocollé par une lopette de jardinier que vous gouvernez comme une femme !',	3,	1),
(77,	16,	17,	NULL,	'Allons, je suis humilié. Moi qui croyais que le Romain respectait ses ennemis, et ben non ! En voilà encore une belle désillusion. S\'ils croient que c\'est avec une mentalité pareille qu\'ils vont fédérer le pays, on leur rend leur fric, on remonte sur les chevaux, et on leur met sur la gueule ! D\'un autre côté, restituer une pareille quantité de blé, ça frise le mauvais gout, je suis désolé, ça ne se fait pas ! Ne serait-ce par respect pour les plus nécessiteux. Bon allons, après, il y a le serment : si je garde le blé, j\'attaque pas ! Et ben voilà : je garde le blé, j\'attaque pas, un serment c\'est sacré. Oui mais ce qui m\'ennuie, c\'est que c\'est pile le jour que j\'avais choisi pour vous passer le pouvoir, c\'est quelque chose, les dates, hein ! Je garde le blé, j\'attaque pas, je suis sous serment. Mais vous, maintenant que vous êtes roi de Carmélide, si... s\'il vous prend le goût d\'aller leur dérouiller le cul, je ne vois vraiment pas comment je pourrais vous en empêcher !',	3,	1),
(78,	17,	17,	NULL,	'Alors c\'est ça, la stratégie moderne? Réunir cinq trous-de-balle en cercle et s\'balancer des fions?',	3,	1),
(79,	7,	17,	NULL,	'Alors écoutez-moi bien les sent-la-pisse, vous êtes probablement en train d\'insulter un roi désigné par les dieux, et s\'il y a une chose dont il ne faut pas se foutre, c\'est les dieux !',	3,	1),
(80,	43,	17,	NULL,	'( À Arthur et Guenièvre) Hé ! A l\'origine j\'étais sorti pour lâcher une caisse, mais quand on vous voit comme ça dans le clair de lune, on a pas envie de bousiller le tableau. J\'vais aller loufer à l\'intérieur pour emboucaner les autres fumiers. Profitez ! Le plus beau dans les histoires d\'amour, c\'est le début...',	3,	1),
(81,	8,	17,	NULL,	'Je vous ai passé le pouvoir, je vais pas vous le reprendre. Mais faites attention de pas devenir une tarlouse.',	3,	1),
(82,	17,	17,	NULL,	'Et ben vous inviterez vos copains à la maison, on vous organisera une petite après-midi à la plage et vous pourrez faire des pâtés !.',	3,	1),
(83,	17,	17,	NULL,	'Allez ! Et si on part assez tôt, on pourra peut-être s\'arrêter deux minutes si on tombe sur des champis !.',	3,	1),
(84,	44,	18,	NULL,	'J\'ai rêvé qu\'il y avait des scorpions qui voulaient me piquer. En plus, y en avait un il était mi-ours, mi-scorpion et re mi-ours derrière !',	3,	1),
(85,	45,	18,	NULL,	'Non, sans blague, Seigneur Bohort, avec tout le respect que je vous dois, la prochaine fois que je vous revois tourner autour de la chambre du roi, je vous déglingue la tête.',	3,	1),
(86,	46,	18,	NULL,	'Moi, un jour j\'ai rêvé qu\'y avait un type qui venait me voir. Il me dit : «Vous avez jamais connu vos parents ?» J\'lui réponds «non». Et là, il me dit : «Eh ben, vous inquiétez pas, ils sont fromagers.»',	3,	1),
(87,	15,	19,	NULL,	'Ben ils m\'ont dit d\'aller me faire mettre. Après, ils m\'ont jeté des gadins et une marmite avec un restant de soupe de poisson.',	3,	1),
(88,	47,	19,	NULL,	'J\'ai pénétré leur lieu d\'habitation de façon subrogative […] en tapinant.',	3,	1),
(89,	48,	19,	NULL,	'Ahhh, c\'est pour ça que vous avez changé de siège, c\'est parce que vous êtes pépé... Heu non, c\'est parce que vous êtes roi.',	3,	1),
(90,	49,	19,	NULL,	'Y\'a plusieurs personnes qui sont passées par votre siège là, et beeen, le tout premier, je crois qu\'il s\'appelait... Carbure, ça fait vachement longtemps qu\'on l\'a pas vu. Moi, je serais vous, je lancerais des recherches.',	3,	1),
(91,	7,	19,	NULL,	'L\'adjectif qui me correspond le mieux, c\'est : le plancton.',	3,	1),
(92,	50,	20,	NULL,	'Déjà, à la base, un Burgonde, c\'est con comme une meule, alors celui-là ! Ah, vous pouvez pas savoir c\'que c\'est que de tomber interprète avec un engin pareil ! (bruit de pet) Tiens, vous voyez ? Toute la journée, c\'est comme ça ! Il pue, il pète, il lâche des ruines ! Tiens, l\'autre jour à table... Il devient tout bleu. Il était en train de s\'étouffer avec un os de caille, cet abruti ! Il tousse, il crache, il re-tousse, et BINGO ! Il m\'dégueule dessus ! Vous l\'croyez, ça ?',	3,	1),
(93,	51,	20,	NULL,	'La culture burgonde ? Je savais même pas qu\'y en avait une… Non, moi je voulais faire grec moderne, mais y avait plus de place. Il restait que burgonde ou anglais. Aaaaanglais ! Mais c\'est encore moins répandu.',	3,	1),
(94,	52,	21,	NULL,	'Nous, si vous réfléchissez bien, on a quatre bras. Avec les vôtres, ça fait six ! Posez tout ça sur le trône, imaginez un peu les possibilités…',	3,	1),
(95,	53,	22,	NULL,	'Peau de vache.',	3,	1),
(96,	53,	22,	NULL,	'(Au Père Blaise)\r\nZ\'êtes un glandeur. Un gros... GLANDEUR !!!',	3,	1),
(97,	48,	22,	NULL,	'Ah non ! AH NON ! On ne se vautre pas dans la bouffe, c\'est INTOLÉRABLE !!! Vous allez arrrrrrêter !!!',	3,	1),
(98,	54,	22,	NULL,	'Ah mais vous êtes pas ma mère ! Si j\'ai envie de mettre des grosses morues dans mon plumard, JE FAIS CE QUE JE VEUX !!! Soyez gentille, lâchez-moi la chemise !',	3,	1),
(99,	54,	22,	NULL,	'BANDES DE TROUS DU CUL !!!',	3,	1),
(100,	53,	22,	NULL,	'Mais vous êtes une grosse morue!',	3,	1),
(101,	16,	23,	NULL,	'Une nuit, une nuit à attendre... Une longue nuit avant de savoir si le souverain ennemi acceptera un traité de paix, si fragile, si friable qu\'on aurait même de la peine à le prendre au sérieux. Des solutions précaires, du rafistolage, voilà tout ce que j\'ai su inventer. La Bretagne résistait quand je suis arrivé, elle résistera encore quand je partirai. Je ne saurais dire pourquoi, je conserve encore, rescapée de mon découragement, une curiosité : existe t-il quelqu\'un parmi nous déjà - ou encore à naitre - qui se destine à restaurer l\'ordre sur l\'île de Bretagne? Et s\'il existe, que peut-il bien posséder que je ne possède moi-même ? D\'où vient-il? Est-il romain? Quelle arme tient-il à sa ceinture ? Celui qui vaincra là où j\'ai échoué, je voudrais voir son visage une fois, car je lui conserve encore, rescapé de mon découragement, ma curiosité.',	2.8,	1),
(102,	20,	23,	NULL,	'C\'est tout ? Treize ans qu\'ils me laissent pourrir sur pied, dans ce pays de merde ! Treize ans ! Maintenant ils m\'envoient un message, il faut que je rentre chez moi !\r\n[...] Mais qu\'est ce qui leur fait croire que ça existe encore chez moi ?!! Est-ce qu\'un type qui a foutu le camp treize ans peut encore avoir un chez soi ? C\'est complètement absurde...',	2.8,	1),
(103,	55,	24,	NULL,	'Je voudrais, pour une fois dans ma vie, ne pas avoir l\'impression de dormir dans un chenil ! […] Karadoc, soit vous montez dans ce bain, soit vous me perdez.',	2.8,	1),
(104,	56,	24,	NULL,	'Selon Karadoc, un lit n\'est pas un lit s\'il n\'y a pas de quoi manger une semaine dedans sans en sortir.',	2.8,	1),
(105,	56,	24,	NULL,	'Une fois j\'ai dormi avec un porc pendant une semaine. [Arthur: Un porc entier?]\r\nUn porc vivant.',	2.8,	1),
(106,	57,	25,	NULL,	'Regarde, vois ! Cette glorieuse cité cosmopolite, regarde.  Carrefour des civilisations, hôtesse orgueilleuse de peuplades fascinées, regarde. On nous reproche assez qu\'il n\'existe plus de vrais Romains, hein ? Hein ? Allez trouve un Breton, trouve. ',	2.8,	1),
(107,	58,	25,	NULL,	'Ca y est ! C\'est leur dernière saison aux débiles. Tu peux préparer les outils, on passe directement de la discussion à la désintégration.',	2.8,	1),
(108,	58,	25,	NULL,	'(Capito : Les quatre en une seule fois, vous avez pas peur que ça soit un peu voyant non ?) Rien à foutre ! Tu peux même les crucifier sur une estrade au milieu du forum si ça te chante, c\'est moi qui paye l\'orchestre. ',	2.8,	1),
(109,	59,	25,	NULL,	'Je vais poser une question simple : et vous, vous le méritez ? Ah non mais attendez, est-ce que vous le méritez, est-ce que vous méritez votre place ?! Lurco ! Tu devais aller en Germanie... c\'est ta tante qui t\'a fait entrer au sénat ! Pisansius ! Pas une seule année dans la légion, pas une seule ! J\'m...e demande même parfois si t\'as déjà tenu une arme dans ta vie... Destisius ! C\'est ton père qui a donné la moitié de ses terres pour que quelqu\'un puisse prendre ta place en Afrique... C\'est vrai ou c\'est pas vrai ? Vous êtes tous des planqués, tous, tous, tous, tous , tous. [...] Vous allez me signer cette tablette, parce que le p\'tit mérite largement son grade autant que vous vous méritez votre place au Sénat... Largement.',	2.8,	1),
(110,	60,	26,	NULL,	'C\'est vrai que, dans votre position, il y a plus de chance de subir un siège plutôt que d\'en organiser un.',	2.8,	1),
(111,	60,	26,	NULL,	'Je suis assez grande pour voir que si vous achetez des troncs d\'arbres à ce prix-là, vous êtes en train de vous faire enfler !',	2.8,	1),
(112,	60,	26,	NULL,	'Vous croyez quoi ? Que ça s\'trouve dans l\'cul des poules, le fric ?',	2.8,	1),
(113,	60,	26,	NULL,	'Quand je vais raconter à mon oncle combien vous raquez pour vos béliers pourris, il va bien se marrer !',	2.8,	1),
(114,	60,	26,	NULL,	'Quoi ? Qu\'est-ce qu\'y a ? On cherche la marave ?',	2.8,	1),
(115,	59,	27,	NULL,	'Oh allez, mon pote ! Fais un effort ! Dans dix minutes, t\'es pendu et on n\'en parle plus. ',	2.8,	1),
(116,	61,	27,	NULL,	'D\'autant que les orchestres en Bretagne, franchement, autant se frotter les noyaux avec des orties!',	2.8,	1),
(117,	61,	27,	NULL,	'Oui ... et tu veux les jeter où, tes épluchures ? ... en Germanie ?\r\nBalance-moi tes saloperies, et radine sur le champs.\r\nPARCE-QUE QUAND je dis TOUT l\'MONDE ... ET BEN C\'EST TOUT L\'MONDE !\r\n...\r\nTu es gentil.',	2.8,	1),
(118,	16,	28,	NULL,	'Ah mais ouais... Ah mais bien sûr, les gars... évidemment... nan mais allez-y, c\'est mon truc les bateaux moi, je connais à mort... Allez-y hein... J\'balance un caillou dans la flotte, y\'en à trente qui r\'montent.',	2.8,	1),
(119,	20,	28,	NULL,	'Ah ouais non mais attends, c\'est du joli boulot là, les p\'tits sacripants... Oui, sacripants, oui. C\'est un terme un peu craignos. D\'ailleurs, ben voilà, même craignos, c\'est craignos. Mais c\'est parce que je suis choqué ! Qu\'est-ce que j\'entends ? Tu demandes en mariage une personne âgée ? Et la p\'tite Julia alors, dans tout ça ? Ah il faut que j\'m\'en occupe tout seul, c\'est ça ? Ah très bien... Merci les p\'tits fripons... Tiens, ça aussi, c\'est un peu craignos, tu vois ? Mais c\'est parce que là ouuuh ! Et bravo général, beau boulot ! Ah les pots cassés, c\'est Verinus qui répare les pots cassés tout simplement... Ok d\'accord, très bien...',	2.8,	1),
(120,	8,	28,	NULL,	'Y a un truc, quand même, qu\'il faut que vous compreniez bien les gars... Si vous voulez, moi, à la base... J\'suis une balance... C\'est le postulat de départ, on a devant soi, une balance. Donc une personne, si vous voulez, qu\'on n\'a pas besoin de cogner puisque elle vient elle-même délivrer l\'information, sans que vous ayez même à la demander. Parce que non, pourquoi j\'vous dis ça ? Puisque... on est quand même à une heure et demie de marrons dans la gueule là... Et si j\'vous dis que je ne sais rien, c\'est que je pense qu\'effectivement...\r\n(Procyon le frappe)\r\nPfff... je n\'sais rien...',	2.8,	1),
(121,	8,	28,	NULL,	'Ben dis donc, j\'sais pas c\'que c\'est, \'la pire\', mes p\'tits cousins, mais j\'peux vous garantir que, vu d\'ici, ça fout les boules, hein... Ouuuh... Non, parce que, quand il a dit euh... plusieurs options, j\'ai fait toute une série de p\'tits pets comme ça, pou, pou, pou...',	2.8,	1),
(122,	62,	29,	NULL,	'(À propos du chateau de Kaamelott) Vulgaire ? Oui... Mais pas seulement.',	2.8,	1),
(123,	62,	29,	NULL,	'[Arthur : Vous mangez à quelle heure, vous, à Tintagel?] A Tintagel, on mange quand on l\'a mérité, quand on sait qu\'on a accompli ses commandements avec humilité et qu\'on a glorifié sa famille [Arthur : Oui, non, nous, on mange quand on a faim.]',	2.8,	1),
(124,	62,	29,	NULL,	'(En parlant d\'Arthur et en le regardant d\'un air narquois) Au cas où il aurait une petite \'faim-faim\'!?',	2.8,	1),
(125,	63,	29,	NULL,	'(À Arthur) Dîtes tout de suite que vous avez honte de votre éducation.',	2.8,	1),
(126,	64,	29,	NULL,	'Mais je vous empêche pas de faire la guerre, mais vous la ferez guéri !',	2.8,	1),
(127,	66,	29,	NULL,	'Vous êtes des porcs !',	2.8,	1),
(128,	67,	30,	NULL,	'[Dame Séli : La pêche, les tartes, tout ça c\'est du patrimoine] (Arthur, montrant la tarte) C\'est du patrimoine ça ?',	2.8,	1),
(129,	67,	30,	NULL,	'Y a pas à dire, dès qu\'il y a du dessert, le repas est tout de suite plus chaleureux !',	2.8,	1),
(130,	68,	30,	NULL,	'Qu\'est ce qu\'ils foutent ces cons de Saxons ?',	2.8,	1),
(131,	69,	30,	NULL,	'Mon père, il n\'était pas ébouriffé, déjà, hein, il avait une coupe à la con mais c\'était plutôt aplati et puis il était pas vaporeux, voilà ! Allez, au lit !',	2.8,	1),
(132,	69,	30,	NULL,	'Mais Bohort, j\'vais vous faire mettre au cachot [...]. Non mais j\'vous écoute, j\'vous écoute seulement j\'vous préviens, j\'vous l\'dis, j\'vais vous faire descendre en cabane avec un pichet de flotte et un bout de pain sec. J\'suis désolé, j\'suis démuni, j\'vois pas d\'autre solution. Et puis j\'pense que ça vous donnera un peu l\'occasion de... de réfléchir un peu à tout ça à tête reposée, de prendre un peu d\'recul sur les choses parce que Bohort, on n\'réveille pas son roi en pleine nuit pour des conneries, encore moins deux fois d\'suite...',	2.8,	1),
(133,	70,	30,	NULL,	'(À Merlin) C\'est vrai ce qu\'on dit, vous êtes le fils d\'un démon et d\'une pucelle ? […] Vous avez plus pris de la pucelle.',	2.8,	1),
(134,	71,	30,	NULL,	'Nouvelle technique : on passe pour des cons, les autres se marrent, et on frappe. C\'est nouveau. […] Ah non, ça c\'est que nous. Parce qu\'il faut être capable de passer pour des cons en un temps record. Ah non, là-dessus on a une avance considérable.',	2.8,	1),
(135,	72,	30,	NULL,	'Il commence doucement à me faire chier celui là!',	2.8,	1),
(136,	72,	30,	NULL,	'Sortez-vous les doigts du cul !!!',	2.8,	1),
(137,	73,	30,	NULL,	'(S\'adressant au seigneur Perceval)\r\nSur le principe, la Table ronde, c\'est pas obligatoire.',	2.8,	1),
(138,	74,	30,	NULL,	'(À Lancelot)\r\nOui, je sais, j\'ai arbitré un peu sec. Mais en même temps…',	2.8,	1),
(139,	62,	30,	NULL,	'(À Guenièvre, à propos de sa mère, Dame Ygerne)\r\nAvec ma mère, faut que tout soit carré.',	2.8,	1),
(140,	62,	30,	NULL,	'(À sa mère, Dame Ygerne)\r\nOui… non… nous, on mange quand on a faim.',	2.8,	1),
(141,	75,	30,	NULL,	'Ah, mais des tanches pareilles, on devrait les mettre sous verre, hein !',	2.8,	1),
(142,	76,	30,	NULL,	'(À Perceval, à propos de Merlin)\r\nAu bout d\'un moment, il est vraiment druide, c\'mec-là, ou ça fait quinze ans qu\'il me prend pour un con ?',	2.8,	1),
(143,	77,	30,	NULL,	'(Plantant la seringue dans le bras de Merlin)Ah ! ben ça… i\'faut se méfier, avec les mecs à cran !…',	2.8,	1),
(144,	78,	30,	NULL,	'On se fait couper les deux bras, on revient vous voir et 5 minutes après on retourne se mettre sur la gueule ! Mettez-vous à la place des ennemis, c\'est désespérant.',	2.8,	1),
(145,	79,	30,	NULL,	'Non, moi j\'crois qu\'il faut qu\'vous arrêtiez d\'essayer d\'dire des trucs. Ça vous fatigue, déjà, et pour les autres, vous vous rendez pas compte de c\'que c\'est. Moi quand vous faites ça, ça me fout une angoisse... j\'pourrais vous tuer, j\'crois. De chagrin, hein ! J\'vous jure c\'est pas bien. Il faut plus que vous parliez avec des gens.',	2.8,	1),
(146,	80,	30,	NULL,	'Quand je viens vous voir, pour vous demander des trucs , c\'est l\'enchanteur que je viens voir , pour qu\'il m\'donne des solutions d\'enchanteur : pas des combines à la noix ou des remèdes de bonne femme ! Vous êtes mon enchanteur, vous êtes pas ma grand-mère, OK ?',	2.8,	1),
(147,	80,	30,	NULL,	'(À Guenièvre)La prochaine fois que vous faites venir un barde, je lui ouvre le bide de là à là, j\'lui sors les boyaux et je file sa langue à bouffer aux chiens. C\'est clair, ça ?',	2.8,	1),
(148,	81,	30,	NULL,	'Ça vous fait pas mal à la tête de glandouiller vingt-quatre heures sur vingt-quatre ?',	2.8,	1),
(149,	69,	30,	NULL,	'Oh, mais c\'est pas vrai, mais vous allez m\'gonfler jusqu\'à quand ? Une heure que j\'crapahute dans tout le château avec ma bougie, ça va bien, maintenant !',	2.8,	1),
(150,	82,	30,	NULL,	'J\'en ai rien à foutre ! Vous pourriez vous marier avec une chèvre si ça vous chante. Et puis, si y en a une qu\'est d\'accord, rappelez-vous qu\'c\'est inespéré puis sautez sur l\'occasion.',	2.8,	1),
(151,	83,	30,	NULL,	'Dieu ! Depuis qu\'vous êtes arrivé - ça fait quoi, ça fait deux-trois ans à peu près, enfin j\'veux dire deux-trois ans que le truc a bien pris, quoi, qu\'les gens en parlent, tout ça - moi j\'fais tout c\'que j\'peux pour mettre les gars au pas. La quête du Graal, le côté symbolique, la lumière, la salvation tout ça j\'crois qu\'c\'est bien rentré. Parce que c\'était pas gagné quand même. Moi les mectons d\'la Table Ronde c\'est pas des flèches, vous êtes au courant d\'ça. Quand j\'leur parle du Graal, eux ils cherchent un vase, et c\'est marre. Si j\'commence à m\'lancer dans des explications comme quoi c\'est pas l\'objet qui est important mais le côté symbolique, le sang d\'vot\'fils, la vie éternelle alors là, les gars y me regardent avec des billes comme ça et puis y décrochent, ah hein, rideau ! Alors j\'crois que c\'qu\'y s\'rait pas mal, si on veut faire un peu avancer l\'histoire, voyez, ça s\'rait de faire péter un signe, mais un truc commak, hein. Parce que la Dame du Lac c\'est bien gentil, mais euh, comme y a que moi qui peux la voir c\'est pas très encourageant pour les autres. Non au contraire, quand y m\'voient causer tout seul, y s\'demandent si j\'ai pas carrément tourné la carte. Alors voilà, faites c\'que vous pouvez, quoi. J\'compte sur vous. Donc euh… amen… enfin euh… deo gratias j\'sais pu quoi… j\'suis désolé j\'ai pas eu le temps de potasser les formules.',	1.2,	1),
(152,	84,	30,	NULL,	'(À Guenièvre) Merlin, i\'sait déjà pas monter des blancs en neige, alors préparer une potion de polymorphie… Permettez-moi d\'avoir des doutes.',	1.2,	1),
(153,	85,	30,	NULL,	'Mais comment voulez-vous que j\'vous prouve que j\'suis moi, ça devient débile, à la fin !',	1.2,	1),
(154,	86,	30,	NULL,	'De toutes façons, c\'est ma mère, j\'vais pas la faire tabasser par la garde.',	1.2,	1),
(155,	87,	30,	NULL,	'Qu\'est-ce que c\'est, le Graal? Vous savez pas vraiment! Et moi non plus! Et j\'en ai rien à cirer! Regardez-nous: y\'en a pas deux qui ont le même âge, pas deux qui viennent du même endroit! Des seigneurs, des chevaliers errants, des riches, des pauvres! Mais, à la table ronde, pour la première fois dans toute l\'histoire du peuple breton, nous cherchons tous la même chose: le Graal! C\'est le Graal qui fait de vous des chevaliers, des hommes civilisés, qui nous différencie des tribus barbares. Le Graal, c\'est notre union. Le Graal c\'est notre grandeur.',	1.2,	1),
(156,	72,	30,	NULL,	'J\'suis chef de guerre moi, j\'suis pas là pour agiter des drapeaux et jouer d\'la trompette...',	1.2,	1),
(157,	21,	30,	NULL,	'(À Perceval) Rangez moi ça, débile, la table ronde, c\'est pas la fête de l\'artisanat !',	1.2,	1),
(158,	78,	30,	NULL,	'Au gros sel ? Qu\'est ce que c\'est que ces conneries ? Vous me prenez pour une épaule d\'agneau?',	1.2,	1),
(159,	78,	30,	NULL,	'Mais j\'ai pas l\'temps ! De faire de la broderie, maintenant ! J\'vous dis qu\'on est en train de se prendre une peignée !',	1.2,	1),
(160,	88,	30,	NULL,	'Vous croyez vraiment que vous avez les moyens de me convoquer ? Je suis là parce que j\'veux bien… Et si vous m\'avez fait déplacer pour rien, je vous balance quinze jours dans une cage sans boire ni bouffer et je me démerde pour que vous chopiez le typhus. Je vous écoute. (Perceval : bon, on va faire simple.) J\'vous l\'conseille, oui.',	1.2,	1),
(161,	88,	30,	NULL,	'Quel tas de merdier... Non mais sérieusement, quel merdier ! Vous vous croyez où?',	1.2,	1),
(162,	89,	30,	NULL,	'Décarre tes troupes de chez moi ou j\'crame ton pays. C\'est assez simple comme vocabulaire ?',	1.2,	1),
(163,	90,	30,	NULL,	'(À Perceval) Arthur, le dragon, Arthur... Y a rien qui gigote là-dedans ?',	1.2,	1),
(164,	90,	30,	NULL,	'Vous, vous devriez arrêter de sourire. J\'vous promets, ça devient vraiment malsain.',	1.2,	1),
(165,	91,	30,	NULL,	'Quand vous voyez des gadins de 15 pieds de haut, plantés en rond, figurez-vous qu\'ils ont pas poussé dans la nuit.',	1.2,	1),
(166,	92,	30,	NULL,	'Vil félon, où as-tu dissimulé le Graal Sacré ?\r\nDans ton cul !\r\nTu paieras pour cet affront ! ',	1.2,	1),
(167,	92,	30,	NULL,	'Non mais regardez. Maintenant que j\'ai enlevé le mie de mon pain, aaah ouh, Arthur ! Le Graal tu t\'en iras quérir. Mam mam mam mam, mam.',	1.2,	1),
(168,	92,	30,	NULL,	'Attention, l\'ogre des collines !',	1.2,	1),
(169,	93,	30,	NULL,	'(Parlant tout seul, à table, jouant avec des aliments) Sire, nous voici a l\'entrée de la grotte... Pied à terre mon fidèle Lancelot, le Graal est a porté de main ! Attention sire derrière vous ! Le chevalier noir ! Euheuh hrrr... inhin Arthur ta dernière heure a sonné... Vil félon, ou as tu dissimulé le Graal sacré ? Dans ton cul ! Tu paieras pour cet affront ! Tfftftfftfff brrrr... BRRR ! Aaahh... Victoire sire ! Le Graal enfin ! Il est vachement gros ! Attention il est pas du tout comme j\'imaginais ! Sire écoutez, les villageois, ils vous acclament comme des villageois ! Vive Arthur, vive le roi de Bretagne, vive Arthur ! Hourraaa ! Hourraaa !\r\nAu secours, au secours, appelez Merlin ! Merlin arrive, oaaaahhh, apparition inexpliquée, boule de feu boule de feu brrf brrf pffifff. Attention l\'ogre des collines bbhhheeuh, disparaissez de mes terres, périssez êtres inférieurs ! Catapuuultttttess catapuuultees catapuuullttes tirrrreeeezzz ! Pfrioou pfriouuu pfrioou pfriouuu pfrioou pfriouuu… (La servante arrive)\r\nC\'est bon vous pouvez débarrasser...',	1.2,	1),
(170,	94,	30,	NULL,	'(A Guethenoc) Fleur, unique, belle, vite ! J\'ai besoin d\'exprimer mon transport. (Guethenoc répond : Pour le transport, vaut mieux la brouette !)',	1.2,	1),
(171,	95,	30,	NULL,	'Mais je vous emmerde, mon petit pote ! Vous commandez ce que je vous dis de commander et vous la fermez bien comme il faut !',	1.2,	1),
(172,	96,	30,	NULL,	'Le plus intéressant, c\'est, comment vous arrivez à faire un truc aussi immonde avec des ingrédients normaux ? [...] Mais c\'est incroyable, j\'ai l\'impression de bouffer de la terre avec de la bouse et du gravier, ça sent le poulailler, mais c\'est du céleri et des oignons, c\'est prodigieux.',	1.2,	1),
(173,	96,	30,	NULL,	'Ah, le printemps ! La nature se réveille, les oiseaux reviennent, on crame des mecs.',	1.2,	1),
(174,	97,	30,	NULL,	'Une heure avant, je me dis toujours : «Tiens, je vais déjeuner avec Perceval, ça me fait plaisir». [...] Ça vous la coupe, ça, hein ? Bon, après, une fois que j\'ai bouffé avec vous, je regrette, hein, on est d\'accord. Arrivé au milieu du repas, j\'ai toujours envie de vous éclater le crâne avec le tranchant de la coupe, là, vous voyez, pour vous faire... fermer votre gueule une bonne fois pour toutes... mais sinon... je vous aime.',	1.2,	1),
(175,	98,	30,	NULL,	'C\'est parce que je cherche le Graal que je suis roi. Et du coup que vous êtes reine. Si je cherchais pas le Graal, vous seriez encore en Carmélide en train de torcher le cul des vaches dans une des fermes de votre con de père !',	1.2,	1),
(176,	63,	30,	NULL,	'Mais je ne suis pas romain, merde !',	1.2,	1),
(177,	99,	30,	NULL,	'( parlant tout seul, ivre) On y voit comme à travers un pelle là-dedans... Hé lumières !!! Pff bande de fainéants... Ah ça, pour roupiller, vous êtes fortiche (s\'esclaffe) Les chevaliers de la Table Ronde... CHEVALIERS DE MES DEUX !!! Chuis p... chuis pas roi, moi ? C\'est p..., c\'est pas moi le roi ?! (dégainant Excalibur) Et ça, c\'est du nougat ??? Tout seul, je vais le chercher le Graal, moi, et la vie éternelle, c\'est pour bibi !!! Et vous, vous irez vous gratter !!!',	1.2,	1),
(178,	100,	30,	NULL,	'Le seigneur Perceval ne se met jamais en situation dangereuse. Pour ça, il fait preuve d\'une intelligence redoutable.',	1.2,	1),
(179,	101,	30,	NULL,	'Mais vous êtes pas mort, espèce de connard ?',	1.2,	1),
(180,	101,	30,	NULL,	'Oubliez ce que je viens de dire. Le Graal, c\'est de la merde.',	1.2,	1),
(181,	102,	30,	NULL,	'J\'vais vous dire : même si le pays était à feu et à sang, il serait hors de question que j\'rate un truc pareil !',	1.2,	1),
(182,	102,	30,	NULL,	'Et si je vous dis que vous êtes deux glands, là, vous avez du péremptoire. C\'est vous qui voyez.',	1.2,	1),
(183,	102,	30,	NULL,	'Je gueule , c\'est vrai, j\'suis un peu sec, tout ça, mais pour quelqu\'un comme moi qui a facilement tendance à la dépression c\'est très important ce que vous faites, parce que... Comment vous dire... C\'est systématiquement débile mais c\'est toujours inattendu. Et ça c\'est très important pour la... la santé du... du cigare...',	1.2,	1),
(184,	102,	30,	NULL,	'Mais ça va, maintenant, arrêtez le cirque, on va pas y passer la journée ! J\'vous dis qu\'il faut qu\'j\'aille chez Dagonet, alors j\'attends qu\'vous vous pétiez un bras, et j\'me casse, alors magnez-vous l\'tronc !',	1.2,	1),
(185,	103,	30,	NULL,	'Y\'a trop de clampins qui se disent poètes qui sortent la licence poétique dès qu\'ils pondent trois merdes que personne comprend .',	1.2,	1),
(186,	103,	30,	NULL,	'Au printemps, le sommeil ne cesse dès l\'aurore. Partout se font ouïr les gazouillis d\'oiseaux. La nuit s\'achève enfin dans le souffle des eaux, qui sait combien de fleurs seront tombées encore . Ah, ben oui, c\'est sûr, c\'est du chinetoque (poème de [[Meng Haoran]] - VIII°s), hein, les mecs ils se râclent un peu la soupière avant de sortir n\'importe quelle connerie !',	1.2,	1),
(187,	104,	30,	NULL,	'Mais qu\'est-ce que que vous faites là, trou du cul ?',	1.2,	1),
(188,	105,	30,	NULL,	'Est-ce que vous avez conscience que j\'ai de menues responsabilités au sein de ce gouvernement qui me tiennent relativement éloigné des problèmes de répartition des piaules ?',	1.2,	1),
(189,	105,	30,	NULL,	'Et alors vous allez me libérer les locaux avant ce soir vous entendez, j\'veux les turnes impeccables, les draps en tas dans le couloir et les clefs sur la porte, vous retournez crécher dans vos pays de débiles et vous foutez le camp de ma salle de bain !',	1.2,	1),
(190,	106,	30,	NULL,	'Bohort, je vous donne l\'ordre de vous rendre immédiatement en Andalousie pour y rencontrer le chef wisigoth et lui transmettre le message de paix suivant :... «Coucou»...',	1.2,	1),
(191,	107,	30,	NULL,	'Eh bien, c\'est l\'histoire d\'un petit ourson qui s\'appelle… Arthur. Et y\'a une fée, un jour, qui vient voir le petit ourson et qui lui dit : Arthur tu vas partir à la recherche du Vase Magique. Et elle lui donne une épée hmm… magique (ouais, parce qu\'y a plein de trucs magiques dans l\'histoire, bref) alors le petit ourson il se dit : \'Heu, chercher le Vase Magique ça doit être drôlement difficile, alors il faut que je parte dans la forêt pour trouver des amis pour m\'aider.\' Alors il va voir son ami Lancelot… le cerf (parce que le cerf c\'est majestueux comme ça), heu, Bohort le faisan et puis Léodagan… heu… l\'ours, ouais c\'est un ours aussi, c\'est pas tout à fait le même ours mais bon. Donc Léodagan qui est le père de la femme du petit ourson, qui s\'appelle Guenièvre la truite… non, non, parce que c\'est la fille de… non c\'est un ours aussi puisque c\'est la fille de l\'autre ours, non parce qu\'après ça fait des machins mixtes, en fait un ours et une truite… non en fait ça va pas. Bref, sinon y\'a Gauvain le neveu du petit ourson qui est le fils de sa sœur Anna, qui est restée à Tintagel avec sa mère Igerne la… bah non, ouais du coup je suis obligé de foutre des ours de partout sinon on pige plus rien dans la famille… Donc c\'est des ours, en gros, enfin bref… Ils sont tous là et donc Petit Ourson il part avec sa troupe à la recherche du Vase Magique. Mais il le trouve pas, il le trouve pas parce qu\'en fait pour la plupart d\'entre eux c\'est… c\'est des nazes : ils sont hyper mous, ils sont bêtes, en plus y\'en a qu\'ont la trouille. Donc il décide de les faire bruler dans une grange pour s\'en débarrasser… Donc la fée revient pour lui dire : \'Attention petit ourson, il faut être gentil avec ses amis de la forêt\' quand même c\'est vrai, et du coup Petit Ourson il lui met un taquet dans la tête à la fée, comme ça : \'BAH !\'. Alors la fée elle est comme ça et elle s\'en va… et voilà et en fait il trouve pas le vase. En fait il est… il trouve pas… et Petit Ourson il fait de la dépression et tous les jours il se demande s\'il va se tuer ou… pas…',	1.2,	1),
(192,	108,	30,	NULL,	'Le Graal, je sais pas où il est mais il va y rester un moment, c\'est moi qui vous l\'dis !',	1.2,	1),
(193,	109,	30,	NULL,	'Quand on file une histoire à un copiste, pour qu\'il en fasse 3 exemplaires, qu\'ça va lui prendre trois mois,et qu\'ça va coûter la peau des fesses, c\'est pas pour raconter le temps qu\'il fait ou ce que vous avez bouffé le midi, hein, il faut qu\'ça pète !',	1.2,	1),
(194,	110,	30,	NULL,	'Le Saint-Suaire ? Vous avez foutu en l\'air le Saint-Suaire ?',	1.2,	1),
(195,	111,	30,	NULL,	'La religion c\'est le bordel, admettez-le ! Alors laissez-moi prier c\'que j\'veux tranquille. \'M\'empêche pas d\'la chercher, votre saloperie de Graal.',	1.2,	1),
(196,	112,	30,	NULL,	'Mais c\'est pas vrai mais c\'est pas vrai mais c\'est pas vraiiiiiiii !',	1.2,	1),
(197,	113,	30,	NULL,	'\n[Bohort: Ça dépend, Attila vous le comptez comme un Hun ?]\nBen évidemment, j\'le compte pas comme un Ibère !',	1.2,	1),
(198,	114,	30,	NULL,	'(À Perceval) Est-ce que vous avez souvenir qu\'il se soit passé quelque chose entre Mevanwi et moi ?\nPerceval : À quel niveau ?\nAu niveau... du chou rouge.',	1.2,	1),
(199,	115,	30,	NULL,	'(À Sefriane d\'aquitaine) Mais votre oncle mes béliers pourris il va se les prendre dans le fion !',	1.2,	1),
(200,	116,	30,	NULL,	'J\'vais vous en faire préparer un de bon de sortie. Signé, tamponné, tout ce qu\'il y a de plus officiel. Et puisque vous aimez les catapultes, on va vous mettre les miches dedans, vous, votre fils, votre femme, et tout l\'orchestre. Et paf, feu nourri, direction Carmélide, la Bretagne vue du ciel ! Ça vous apprendra à bouffer à tous les râteliers.',	1.2,	1),
(201,	117,	30,	NULL,	'Et ben si ils veulent la place les gars, je leur laisse !…\nQu\'ils y viennent chercher le Graal avec la compagnie de loustics que je me promène… Je leur souhaite un bon séjour aux mecs !… Ils se les farciront, les séances de la Table Ronde où tout le monde roupille du début à la fin !… Les doléances, les revendications, les clans !… Moi, pendant ce temps-là, j\'irai glander en Andalousie !… Là-bas au moins, on peut se baigner sans avoir les doigts de pieds tout bleus au bout de cinq minutes !',	4,	1),
(202,	118,	30,	NULL,	'C\'était quand la dernière fois qu\'on s\'est retrouvés tous d\'accord sur un truc !?',	4,	1),
(203,	119,	30,	NULL,	'Franchement, j\'ai connu des cafards moins opiniâtres...',	4,	1),
(204,	120,	30,	NULL,	'Vous allez voir qu\'il n\'y a aucun problème…\nSiècle des larmes, hurlements…\nTrès bien.\nAu jour, Dieu Roi de…\nRoi de Logres ?\nFait affront du Lac combattant frère à l\'épée\nFemme de Vannes épousée commet faute\nPanique, ruines, fin d\'un monde\nSur Terre, sans démons ni sorcières\nVient dieu des morts solitaire des frayeurs\nDu ciel à l\'insulte la Réponse\n[…]\nLà, ça pue du cul, mais violent.',	4,	1),
(205,	121,	30,	NULL,	'Je pense que vous glandouillez bien assez comme ça dans la réalité pour qu\'on puisse se permettre d\'optimiser le fictionnel.',	4,	1),
(206,	122,	30,	NULL,	'(À Gauvain) Non, comme salope en Orcanie, y\'a ma sœur, la reine, votre mère quoi, mais vous le saviez ça? ',	4,	1),
(207,	123,	30,	NULL,	'[Dame Séli] Bon qu\'est-ce qu\'y a ? C\'est pas bon ?\n[Arthur] Naaan mais c\'est au-delà de ça je crois. L\'autre jour, je rentrais de la plage et j\'suis tombé sur un coin à fraises. Alors j\'m\'en suis fais un plein ventre ... paske les fraises, quand on leur fout la paix en fait, elles sont consommables. Là c\'est aussi des fraises, probablement les mêmes d\'ailleurs, mais par un procédé miraculeux, que j\'arrive pas à m\'imaginer ... on dirait des gadins.  ',	4,	1),
(208,	124,	30,	NULL,	'(à Perceval et Karadoc)  Vous vous entrainez à mettre le merdier ?!?',	4,	1),
(209,	125,	30,	NULL,	'J\'bouff\'rais un ch\'val en salade !!! ',	4,	1),
(210,	126,	30,	NULL,	'Faire tourner cette baraque… et guider tous ces débiles jusqu\'au Graal, c\'est sur moi que c\'est tombé. Les dieux ont trouvé une bonne pomme pour s\'arracher les cheveux avec cette histoire de dingues, ils sont pas près de la lâcher.',	4,	1),
(211,	127,	30,	NULL,	'Je suis désolé, mais les dieux ont pas l\'air de votre avis. Je crois qu\'ils en ont marre de ma tronche.',	4,	1),
(212,	128,	30,	NULL,	'J\'suis roi de Bretagne, j\'ai pas de conseil à recevoir d\'une clodo !',	4,	1),
(213,	129,	30,	NULL,	'Mais enfin, ça fait 15 lieues que vous nous pétez les noyaux avec vos bestioles : les moutons, les chèvres, les poules, vous croyez que ça nous intéresse ça ? (...) Oh la la, mais c\'est pas vrai, les poules euh… c\'est plus ce que c\'était, les chèvres c\'est pas rentable, maintenant les moutons c\'est fastidieux ! Vous savez même pas ce que ça veut dire «fastidieux» !',	4,	1),
(214,	130,	30,	NULL,	'ARRÊTEZ DE M\'APPELER SIRE !!!!!',	4,	1),
(215,	131,	30,	NULL,	'(À Anton) Je parle moins maintenant, je terrasse plus mes ennemis par l\'éloquence. Plus je vieillis plus je ferme ma gueule. Aujourd\'hui ce qu\'il me faudrait c\'est le médaillon Harpocrate avec le doigt sur la bouche comme ça. Je suis désolé de jamais être revenu vous voir.',	4,	1),
(216,	132,	30,	NULL,	'Pour le Graal, j\'ai bâti une forteresse, moi. Kaamelott, ça s\'appelle. J\'ai été chercher des chevaliers dans tout le royaume. En Calédonie, en Carmélide, à Gaunes, à Vannes, aux Pays de Galles. J\'ai fait construire une grande table, pour que les chevaliers s\'assoient ensemble. Je l\'ai voulue ronde, pour qu\'aucun d\'entre eux  ne se retrouve assis dans un angle, ou en bout de table. C\'était compliqué, alors j\'ai essayé d\'expliquer ce qu\'était le Graal, pour que tout le monde comprenne. C\'était difficile, alors j\'ai essayé de rigoler pour que personne ne s\'ennuie. J\'ai raté, mais je veux pas qu\'on dise que j\'ai rien foutu, parce que c\'est pas vrai.',	4,	1),
(217,	133,	30,	NULL,	'Qu\'est-ce que c\'est que quelqu\'un qui souffre et qui fait couler son sang par terre pour que tout le monde soit coupable ? Tous les suicidés sont le Christ. Toutes les baignoires sont le Graal... ',	4,	1),
(218,	59,	30,	NULL,	'Ça fait une heure qu\'on vous achète tout ce qui vous passe sous le nez ! Si jamais on vous attaque, les gardes peuvent même pas vous défendre parce qu\'ils sont obligés de transporter vos saloperies !',	4,	1),
(219,	133,	30,	NULL,	'Les rêves, ça se compare pas.',	4,	1),
(220,	133,	30,	NULL,	'Je suis le Roi Arthur, je ne désespère pas. Jamais je perds courage. Je suis un exemple pour les enfants.',	4,	1),
(221,	35,	31,	NULL,	'Non mais attendez, je crois qu\'on s\'est mal compris, là : vous avez une idée du temps qu\'il me faut pour tracer une lettre avec ces PUTAINS DE PLUMES ?!',	4,	1),
(222,	35,	31,	NULL,	'Oh oui oui, c\'est magnifique, oui, oui,  il y a des taches, c\'est tout barré, j\'ai tellement raturé que j\'ai transpercé le papier... C\'est immonde... on dirait que j\'ai lavé par terre avec, mais c\'est fait...',	4,	1),
(223,	134,	31,	NULL,	'Voilà ! C\'est tout ce qu\'y a ! Unisson, quarte, quinte et c\'est marre ! Tous les autres intervalles, c\'est de la merde ! Le prochain que je chope en train de siffler un intervalle païen, je fais un rapport au pape !',	4,	1),
(224,	134,	31,	NULL,	'Bohort : […] Et c\'est joli.\nPère Blaise : Et c\'est de la merde.',	4,	1),
(225,	135,	31,	NULL,	'Non, mais attention ! Si je deviens pape, y\'a rien qui m\'empêche de revenir de temps en temps pour faire un petit coucou.',	4,	1),
(226,	112,	31,	NULL,	'(À Perceval) Vous racontez ce qui s\'est passé, d\'un coup, sans vous arrêter, et si vous changez des trucs, je vous envoie le registre à travers la gueule. Vu ?',	4,	1),
(227,	136,	31,	NULL,	'En voilà une bonne chose, faisons la liste des cons, et puis ça me donnera l\'occasion de gratter du papier.',	4,	1),
(228,	137,	31,	NULL,	'Ouais, ben si vous vouliez du captivant, fallait peut-être me faire lire autre chose que des textes de lois !',	4,	1),
(229,	49,	31,	NULL,	'Moi je viens un peu en tant que médiateur hein, et je confirme hein, c\'est une très grosse morue dont vous devriez vous méfier !',	4,	1),
(230,	9,	32,	NULL,	'Jo le rigolo ???!!!',	4,	1),
(231,	75,	32,	NULL,	'Faut que j\'enlève mon armure sinon y va se passer quelque chose d\'atroce.[Part... Revient] J\'ai pas eu le temps d\'enlever mon armure...',	4,	1),
(232,	138,	32,	NULL,	'D\'après mes derniers renseignements, il serait tout à fait possible que le Graal ne soit ni un vase, ni une coupe, mais... un récipient.',	4,	1),
(233,	139,	32,	NULL,	'(À Arthur, Léodagan et Vene)Ça vous ennuie si je vomis ?',	4,	1),
(234,	140,	32,	NULL,	'J\'irai me coucher quand vous m\'aurez juré qu\'il n\'y a pas dans cette forêt d\'animal plus dangereux que le lapin adulte !',	4,	1),
(235,	141,	32,	NULL,	'(À Arthur, Perceval et Léodagan)\nMoi aussi, je ne me sens pas dans mon assiette, j\'ai jamais beaucoup aimé les tunnels.',	4,	1),
(236,	95,	32,	NULL,	'(Au maître d\'armes)Vous êtes un grand malade mental !',	4,	1),
(237,	95,	32,	NULL,	'(Hurlant à plein poumons) MÉÉCRÉÉAAAAAAAAANTS !',	4,	1),
(238,	142,	32,	NULL,	'Fort heureusement, l\'incident n\'a fait aucune victime.',	4,	1),
(239,	143,	32,	NULL,	'La neige, on l\'enlève, elle revient. Toujours. Encore et encore. Et nous, pauvres âmes chagrines, nous perdons notre regard dans l\'horizon blanc de notre solitude.',	4,	1),
(240,	104,	32,	NULL,	'(Criant) NOUS ALLONS TOUS MOURIR !',	4,	1),
(241,	104,	32,	NULL,	'(À Arthur et Lancelot)Ah bah ça va, excusez moi d\'avoir paniqué... Finalement c\'est pas des démons. C\'est juste les pires bestioles de tout l\'univers. Mettons deux gardes là devant et allons boire un coup !',	4,	1),
(242,	144,	32,	NULL,	'C\'est une catastrophe !',	4,	1),
(243,	10,	32,	NULL,	'Balancez-leur les radasses et qu\'ils s\'en aillent au diable !',	4,	1),
(244,	145,	32,	NULL,	'Je suis un misérable !',	4,	1),
(245,	146,	32,	NULL,	'En même temps, admettez que me tuer n\'aurait pas beaucoup de sens ! Vos nerfs seraient soulagés dans un premier temps, je ne dis pas, mais si vous considérez la situation avec un minimum de recul, vous vous apercevrez que le transport de votre hargne sur ma personne n\'est pas départi d\'une certaine forme d\'absurdité. Et c\'est là que j\'ai envie de dire : est-ce que ça vaut bien le coup ?',	4,	1),
(246,	147,	32,	NULL,	'Eh bien puisque c\'est ça, allez-y : détruisez tout ! Entretuez-vous ! Mettez la Bretagne à feu et à sang ! Et ne comptez plus sur moi pour vous amener mes gâteaux à la purée de pomme dont vous êtes si friand ! Dorénavant, vous devrez vous les cuisiner vous-même ! ENTRE DEUX MISES À SAC !',	4,	1),
(247,	148,	32,	NULL,	'Qui veut une tartelette ?',	4,	1),
(248,	149,	32,	NULL,	'Moi, je suis en charge des négociations protocolaires de la surveillance intérieure de l\'inspection de certains postes avancés, eh bien, voyez-vous, si on me disait : Bohort, tout ça c\'est fini, à partir de maintenant, vous vous occuperez des pâtisseries et du linge de maison, je vous assure, je n\'hésiterai pas une seconde .',	4,	1),
(249,	150,	32,	NULL,	'Vous prenez votre arc et vous le bouffez ! Espèce de dégénéré sanguinaire !',	4,	1),
(250,	18,	32,	NULL,	'Séchez vos larmes mon épousée, je m\'occupe d\'aller chercher ces petites salopes par la peau du fion !',	4,	1),
(251,	18,	32,	NULL,	'(En coin, à sa mère) Pardon, mère.',	0.5,	1),
(252,	142,	32,	NULL,	'Fort heureusement, je tiens à préciser que l\'incident n\'a fait aucune victime.',	0.5,	1),
(253,	50,	33,	NULL,	'Ah, Biographie ! (Pet)… Biographie…',	0.5,	1),
(254,	151,	33,	NULL,	'Arthour !… Couhillère !',	0.5,	1),
(255,	151,	33,	NULL,	'Interprèèète ? Interprèèète, couhillère ?',	0.5,	1),
(256,	89,	33,	NULL,	'La fleur en bouquet fane, et jamais ne renaît !',	0.5,	1),
(257,	89,	33,	NULL,	'Arthour !… Pas changer assiette pour fromage !',	0.5,	1),
(258,	89,	33,	NULL,	'Couhillère, couhillère, couhillère ! Ave Cesar ! (lache une caisse)',	0.5,	1),
(259,	89,	33,	NULL,	'MÉTÉOOOOOOOOO !',	0.5,	1),
(260,	89,	33,	NULL,	'Troupa ! Troupa ! Troupatroupatroupatroupa ! TROUPA ! HAHAHAHAHAHAHA ! Troupaskaya !',	0.5,	1),
(261,	152,	33,	NULL,	'Arthour ! On est fort en pomme.',	0.5,	1),
(262,	152,	33,	NULL,	'Arthour ! Qu\'est-ce à dire que ceci ? ON EST FORTS ! En pommes…',	0.5,	1),
(263,	152,	33,	NULL,	'Non posso volo, no tépo mayo. Un posso volo, tandolon toulo. Tamasso (pet) tanlamalasso. Tamasso (pet) les oiseaux petits (sur l\'air de \'À la volette\')',	0.5,	1),
(264,	153,	33,	NULL,	'Les oiseaux sifflent, le printemps siffle !',	0.5,	1),
(265,	154,	33,	NULL,	'Arthour, j\'apprécie les fruits au sirop !',	0.5,	1),
(266,	154,	33,	NULL,	'SALSIFIS !!!!!!',	0.5,	1),
(267,	154,	33,	NULL,	'Jouer ! Guerre ! Salsifis !',	0.5,	1),
(268,	155,	34,	NULL,	'N\'empêche que chez nous, on sait construire ! Les aqueducs, c\'est quand même un petit peu plus classe que vos murs en merde séchée...Ouais, je dis ça, je dis tout !',	0.5,	1),
(269,	155,	34,	NULL,	'On fait marrer tout le monde avec nos chenilles à la purée d\'fraises et nos couilles d\'oursins aux amandes, et je sais plus quelles autres saloperies !',	0.5,	1),
(270,	156,	34,	NULL,	'MAIS ARRETEZ J\'ARRETE PAS DE RETROUVER DES PTITES BOULETTES DE CACA PARTOUT ! Me prenez pas pour un con, sans blague, c\'était une bergerie ici ?',	0.5,	1),
(271,	155,	34,	NULL,	'J\'ai toujours dit que je supportais pas les jupes , mais c\'est l\'uniforme réglementaire, j\'y suis pour rien !',	0.5,	1),
(272,	157,	34,	NULL,	'Jamais je ne trahirai. Ave César ! Ave César ! […] La seule chose que je voudrais savoir, c\'est si dans deux jours, je change d\'avis… Est-ce que la proposition tient toujours ?',	0.5,	1),
(273,	158,	34,	NULL,	'Le poisson qui étouffe sur la berge remue plus que celui qui est dans l\'eau. C\'est bien la preuve de ce que je dis : si on se débat, c\'est qu\'on est en train de crever.',	0.5,	1),
(274,	156,	34,	NULL,	'Non, mais là vous auriez pu prévenir qu\'il y avait un couvert de plus. Bon ça va que j\'ai pas fait à manger, mais bon, c\'est chaud.',	0.5,	1),
(275,	156,	34,	NULL,	'Ah bah en fait, c\'est tout moisi seigneur breton. Parce qu\'en plus, il faut que je nourrisse des mecs.',	0.5,	1),
(276,	156,	34,	NULL,	'- Hé les connards ! Vous pouvez faire griller un porcelet s\'il vous plaît ?',	0.5,	1),
(277,	158,	34,	NULL,	'Non mais je bosse, moi, de jour. Je suis dans l\'armée, je tiens pas un stand de crêpes.',	0.5,	1),
(278,	159,	34,	NULL,	'J\'y suis dans ma maison pourrie.Les 2 pieds dans la merde de poules. Ça vous va ?',	0.5,	1),
(279,	160,	35,	NULL,	'Est-ce que je suis votre maîtresse préférée ?',	0.5,	1),
(280,	14,	35,	NULL,	'Vous vous rendez compte que vous amenez des boucs dans ma chambre ?',	0.5,	1),
(281,	14,	35,	NULL,	'On vous offre des boucs, à vous, maintenant ?',	0.5,	1),
(282,	161,	35,	NULL,	'Parce que j\'ai le même type que les Jumelles maintenant ? ',	0.5,	1),
(283,	161,	35,	NULL,	'Votre père, il a les cheveux noirs. Alors on continue de traiter tout le monde de bâtard ou on se calme ? ',	0.5,	1),
(284,	161,	35,	NULL,	'C\'est vexant de me ressembler ? C\'est pour ça qu\'on vous a choisi et qu\'on vous a sorti de votre cambrousse, alors du respect ! ',	0.5,	1),
(285,	162,	35,	NULL,	'Et surtout : pensez POUVOIR ! ',	0.5,	1),
(286,	52,	35,	NULL,	'Par exemple, je trouve que quand elle est partie du jour au lendemain sans prévenir, elle s\'est conduite comme la reine des putes. ',	0.5,	1),
(287,	70,	36,	NULL,	'Si j\'échoue, je garde la butte aux Cerfs et je fais tomber une pluie de calamités sur le royaume par vengeance ! C\'est pas pour rien qu\'on m\'appelle «le Fourbe». Si je réussis, je garde la butte aux Cerfs, plus… Le tertre des Âmes…',	0.5,	1),
(288,	163,	36,	NULL,	'Y\'a toujours au moins deux solutions à un problème.',	0.5,	1),
(289,	164,	36,	NULL,	'(À Merlin) Une pluie de pierres en intérieur, donc ! Je vous prenais pour un pied de chaise, mais vous êtes un précurseur, en fait !',	0.5,	1),
(290,	164,	36,	NULL,	'(À Merlin) Oh vous, toujours vous, mais allez chier dans une fiole, on verra après.',	0.5,	1),
(291,	165,	36,	NULL,	'Écoutez, si j\'avais un sort pour contrecarrer les volontés divines, je serais pas en train de faire des potions de virilité pour tous les mous de la tige du pays breton.',	0.5,	1),
(292,	166,	36,	NULL,	'(À Arthur) Croyez bien que si j\'avais [un truc en stock pour aider Merlin], je le dirais pas ! Parce que voir celui-là passer pour un conneau devant tous les druides du continent, j\'aime autant vous dire que je risque pas de louper ça ! J\'vais même amener des copains.',	0.5,	1),
(293,	167,	36,	NULL,	'(À Merlin) Je veux insinuer que vous n\'avez pas de connaissances suffisantes pour faire des crêpes. Alors vous imaginer en train de bricoler des plaques de dissimulation, c\'est à pisser de rire.',	0.5,	1),
(294,	168,	36,	NULL,	'(À Merlin) Mais retournez à l\'état sauvage, espèce de con. Foutez le camp dans les montagnes avec une paire de chèvres. On vous achètera vos fromages, promis. […] Vous le sentez pas, l\'appel de la nature, là? Les animaux de la forêt, y z\'ont pas besoin d\'un toubib ? […] Tirez-vous d\'ici. Définitivement. Et laissez bosser ceux qui savent faire ! Y a pas de place pour les amateurs ici.',	0.5,	1),
(295,	169,	36,	NULL,	'Dans la vie, faut bosser pour personne, et y faut faire bosser personne ! C\'est le secret de la liberté. […] Rien que d\'imaginer que je retire l\'épée du rocher et que je me retrouve à la tête de ce bordel, ça me fait de la spasmophilie !',	0.5,	1),
(296,	169,	36,	NULL,	'Ecoutez ma p\'tite dame, ya des fois où y faut sentir le vent tourner et mettre du pognon a gauche pour filer a la concurrence [Mevanwi : où ça ? Chez Lancelot ?] [...] Pour aller là-bas, y faudrait que j\'aie des principes, une quête à accomplir [Mevanwi : Et vous n\'en avez pas ?] Si, m\'en mettre plein les fouilles !',	0.5,	1),
(297,	170,	37,	NULL,	'Je me sens la fureur de l\'ours ! […]\nJe me sens le courage de l\'oiseau ! […]\nJe suis sautillant comme le mulot ! […]\nJe frétille comme une p\'tite truite ! […]\nJ\'ai la vigueur d\'un insecte !',	0.5,	1),
(298,	171,	37,	NULL,	'Et à un moment... Le sorcier s\'est mis à nous menacer, avec ses parties génitales.',	0.5,	1),
(299,	172,	37,	NULL,	'Mon oncle, n\'est-ce pas vous même qui m\'avez dit que rien ne remplaçait une véritable amitié et qu\'en cas d\'urgence c\'était la seule corde à laquelle on pouvait vraiment se raccrocher ?.',	0.5,	1),
(300,	173,	37,	NULL,	'Noblesse bien remisée ne trouve jamais l\'hiver à sa porte... Non, porte close...',	0.5,	1),
(301,	174,	37,	NULL,	'Nous sommes jeunes, nous marchons à pieds… J\'opterai donc pour un surnom en rapport : \'les Petits Pédestres\'.',	2.5,	1),
(302,	175,	37,	NULL,	'Seigneur Bohort, pouvons-nous nous retirer afin d\'aller prendre notre goûter ?',	2.5,	1),
(303,	139,	38,	NULL,	'Ah tiens, aujourd\'hui j\'ai fait tailler le rosier de l\'arrière-cour parce qu\'il en avait drôlement besoin. […] Et vous, vous me racontez pas votre petite journée ?',	2.5,	1),
(304,	176,	38,	NULL,	'J\'y connais rien, hein, mais… À votre avis, le fait que vous me touchiez pratiquement jamais, ça a une influence sur la fécondité ?',	2.5,	1),
(305,	177,	38,	NULL,	'Guenièvre: Mais qu\'est-ce que je vais devenir, maintenant que mon corps s\'est habitué...?\nArthur: Et ben vous vous deshabiturez. Comment vous faisiez avant ? \nGuenièvre: Mais avant ma vie, c\'était de la merde vous entendez?!  Recevoir le chef de ci, le roi de mi, toujours polie, toujours bien mise, le symbole de la nation bretonne, ha! Il en faut bien des compensations pour encaisser toute ces conneries hein! Toujours s\'occuper de tout, pis surtout de vous, parce que vous avez des responsabilités! Et qui s\'occupe de moi pendant c\'temps?! Alors oui, maintenant qu\'y a plus de pâte d\'amande, je tourne en rond,  je suis sur les nerfs!! J\'ai pas d\'amis, pas de loisirs... Comme vous me touchez pas, les choses de l\'amour je m\'assois dessus, et je parle au figuré, alors je m\'suis plongée dans la pâte d\'amande! Quand je vous regarde et que j\'vois comment vous m\'traitez, hein, je m\'dis que j\'aurais meilleur compte d\'aller d\'ici jusqu\'à Rome à pieds pour en chercher parce que c\'est finalement la meilleure chose qui me soit arrivée ….',	2.5,	1),
(306,	8,	38,	NULL,	'(à Demetra)Vous savez où vous pouvez vous la mettre, votre potion ?',	2.5,	1),
(307,	178,	38,	NULL,	'(Imitant Ygerne)Si votre père était vivant, il se retournerait dans sa tombe.',	2.5,	1),
(308,	179,	38,	NULL,	'Eh ben moi une fois, j\'ai pissé par la fenêtre !',	2.5,	1),
(309,	180,	38,	NULL,	'(À Arthur)Vous me prenez vraiment pour une conne.',	2.5,	1),
(310,	180,	38,	NULL,	'Mais je n\'ai rien à dire moi, on a rien à dire quand on est con comme une chaise !',	2.5,	1),
(311,	181,	38,	NULL,	'(À Arthur)Mouais. Méfiez-vous des cons. Y en a qui vont beaucoup plus loin qu\'on ne pense !',	2.5,	1),
(312,	182,	38,	NULL,	'Vous savez, euh si on fait fouetter les ouvriers et qu\'on menace de les brûler vifs, ils peuvent peut-être finir tout à l\'heure, hein... (regard désespéré à Arthur) Non ? Oh bon, bah... je vais... pleurer un petit peu... (sanglots)... Excusez-moi.',	2.5,	1),
(313,	182,	38,	NULL,	'(À Dame Ygerne, qui veut lui raconter son cauchemar)Oh je vous en prie, faites, ça fait tellement longtemps que je ne me suis pas évanouie dans mes urines...',	2.5,	1),
(314,	182,	38,	NULL,	'(À Dame Ygerne, qui lui raconte son cauchemar)Ah, ça y est, il arrive le pipi !',	2.5,	1),
(315,	182,	38,	NULL,	'(À Dame Ygerne, qui lui raconte son cauchemar)Ça vous ennuie, si j\'me taille les veines?',	2.5,	1),
(316,	25,	38,	NULL,	'(À Bohort qui vient de lui déclarer que Lancelot est amoureux d\'elle)Mais qu\'est-ce que vous déconnez, Seigneur Bohort ? Vous avez picolé ?',	2.5,	1),
(317,	183,	38,	NULL,	'(À Lancelot)On a beau expliquer tout ce qu\'on veut expliquer… Au bout d\'un moment, pour savoir faire du cheval, il faut faire du cheval !',	2.5,	1),
(318,	183,	38,	NULL,	'(À Lancelot)Eh ben, on est pas sortie du sable !',	2.5,	1),
(319,	184,	38,	NULL,	'Ah non, avec les jolies seulement. C\'est de là que j\'ai conclu que, comme y m\'touchait pas, je faisais moi-même partie des grosses mochetés.',	2.5,	1),
(320,	185,	38,	NULL,	'Je voulais savoir pourquoi vous laissiez tous vos chevaliers former des clans séparatistes, alors que l\'une de vos plus importantes missions a toujours été de fédérer les clans existants autour de votre royaume et de la quête du Graal ? ... Enfin c\'était pas tout à fait ça...',	2.5,	1),
(321,	129,	38,	NULL,	'(À propos des moutons) Mais je n\'comprends pas, c\'est pas des moutons ça ? […] Bah ils sont tout... tout bizarres... […] Tondus ? Oh mon Dieu mais quelle horreur ! Mais pourquoi vous avez fait ça ?!',	2.5,	1),
(322,	74,	39,	NULL,	'Attention, attention… il va y arriver un moment où il y a des granges qui vont se mettre à flamber, faudra pas demander d\'où ça vient !',	2.5,	1),
(323,	91,	39,	NULL,	'Je vais rentrer mes vaches, là, elles sont accessibles ou faut que je fasse monter un échafaudage ?',	2.5,	1),
(324,	186,	39,	NULL,	'Ce que je dis, tout le monde s\'en tamponne ! Je gueule, je gueule, j\'pourrais gueuler dans le cul d\'un poney ce serait pareil !',	2.5,	1),
(325,	187,	39,	NULL,	'(À Roparzh) Non mais vous allez faire chier le monde pendant combien de temps vous encore avec vos vaches pourries là, hein ?! Vous voyez pas que vous êtes pas fait pour l\'agriculture ?! Hein, vous avez qu\'à vous recycler dans la mendicité ! En plus, vous avez… Vous avez déjà la tenue !',	2.5,	1),
(326,	187,	39,	NULL,	'Je lui rembourse mes genoux, et si il a filé la vérole à mes bêtes, chuis chuis un marteau moi ! Je crame tout moi ! Ma ferme, la sienne, celles des autres, le château, j\'vais flamber la moitié de la Bretagne.',	2.5,	1),
(327,	188,	39,	NULL,	'Ces bourgeois, ils savent plus quoi inventer ! A force de lire et d\'écrire, ils deviennent tous plus cons les uns qu\'les autres.',	2.5,	1),
(328,	189,	39,	NULL,	'(À Roparzh) Excusez ! Y a moyen de vous entretenir deux secondes ? [Roparzh : Oui, c\'est au sujet de quoi-t\'est-ce ?] C\'est au sujet que ce matin je suis passé par hasard devant vos enclos, et j\'ai vu que vous aviez une jolie p\'tite poule blanche ! [Roparzh : Oui, tout à fait !] Une jolie petite poule \'voyez, le bel animal […] C\'est au sujet qu\'en fait c\'est la mienne, et que vous allez prendre un pain dans la tête, mais quelque chose de violent ! ',	2.5,	1),
(329,	189,	39,	NULL,	'(À Roparzh) Vous avez tué ma poule ?! Non mais est-ce que vous êtes pas un peu marteau, vous ? Parce que moi ça y est, j\'ai les nerfs qui commencent à vriller ! Je vous montre : moi je bondis comme ça, et je vous arrive dessus en piqué diagonal. Et là c\'est l\'hymne à la cruauté, hein, un autel dressé au culte de la barbarie !',	2.5,	1),
(330,	189,	39,	NULL,	'(À Roparzh) Messieurs dames, dans quelques instants le grand spectacle de la souffrance. Si vous pouvez tâcher moyen de vous éloigner de 25 pieds, bons pieds, hein parce que ça va gicler un peu. !',	2.5,	1),
(331,	190,	40,	NULL,	'Ca fait deux cent ans qu\'il y a que les paysans qui payent les taxes, alors je vois pas pourquoi aujourd\'hui ça change, comme ça d\'un seul coup et ça me tombe dessus comme une merde sur une planche !',	2.5,	1),
(332,	190,	40,	NULL,	'2500 pièces d\'or ???! Eh... eh... C\'est une blague? 2500 pièces d\'or, mais où voulez vous que je trouve 2500 pièces d\'or, dans le cul d\'une vache ?!',	2.5,	1),
(333,	190,	40,	NULL,	'Excusez moi Sire, c\'est sur le coup du...[dit à plusieurs reprises]',	2.5,	1),
(334,	190,	40,	NULL,	'Et le seigneur Lothar, il paye pas, lui, je sais il me l\'a dit ...[Léodagan : non il paye pas, parce qu\'il participe au combat]... Mais vous vous foutez de moi?! Il a au moins 95 ans, il a une jambe raide, il est tellement bigleux qu\'il trouverait même pas sa bite pour pisser !',	2.5,	1),
(335,	190,	40,	NULL,	'Attendez, ça fait combien de dizaines d\'années que je leur laisse cultiver mes terres, à ces connards ? En plus de ça ils sont même pas polis, ils sont cons... Comme des tables ! Ils font un pain dégueulasse - on s\'pète les dents dessus - non, là, j\'ai besoin d\'un peu de pognon, alors j\'aime autant vous dire qu\'ils vont passer à la caisse, les pécores !',	2.5,	1),
(336,	191,	41,	NULL,	'Pour savoir s\'il va y avoir du vent, il faut mettre son doigt dans le cul du coq.',	2.5,	1),
(337,	191,	41,	NULL,	'Ou mettre du beurre dans le fond du plat pour pas que le gratin colle.',	2.5,	1),
(338,	191,	41,	NULL,	'Y\'a des méchants ?',	2.5,	1),
(339,	191,	41,	NULL,	'J\'te présente vos hommages au roi Arthur.',	2.5,	1),
(340,	191,	41,	NULL,	'J\'ai le droit d\'être 4 jours pas chez moi, et après chez moi. Mais y a du voyage qui se prépare, et pour soigner les bêtes, y a pas que ma tante, y a moi aussi.',	2.5,	1),
(341,	192,	41,	NULL,	'Pourquoi je peux pas avoir un chien moi ? […] Mais c\'est juste pour mettre des coups de pied dedans ! […] Moi j\'en ai marre de toujours donner des coups de pied aux poules !',	2.5,	1),
(342,	193,	41,	NULL,	'À Kadoc ! À Kadoc !',	2.5,	1),
(343,	193,	41,	NULL,	'Tatan, elle fait des flans.',	2.5,	1),
(344,	193,	41,	NULL,	'Les pattes de canaaaaaaaaaaaaaaaaaaaaaaaaaaaaard !',	2.5,	1),
(345,	193,	41,	NULL,	'Elle est où la poulette ?',	2.5,	1),
(346,	193,	41,	NULL,	'Mooordu! Mooordu! Mordu mordu mordu mordu la ligne !!!!',	2.5,	1),
(347,	193,	41,	NULL,	'Karadoc il s\'occupe, mais c\'est pas ma Tatan !',	2.5,	1),
(348,	193,	41,	NULL,	'(à propos du père Blaise) Il ressemble à Tatan !',	2.5,	1),
(349,	194,	41,	NULL,	'Le caca des pigeons c\'est caca, faut pas manger.',	2.5,	1),
(350,	194,	41,	NULL,	'(Sur l\'air de Promenons-nous dans les bois)\nPas du tout, les lapins, les lapins, c\'est gentil !\nLe poissooon ! Le petit poissooon !',	2.5,	1),
(351,	195,	41,	NULL,	'Des fois on n\'a pas le choix faut sacrifier des jeunes, c\'est le grand qu\'a dit.',	1.3,	1),
(352,	196,	41,	NULL,	'Dans trois jours, ma tata elle m\'emmène à la mer pour me noyer.',	1.3,	1),
(353,	53,	41,	NULL,	'(Sur l\'air de Promenons-nous dans les bois)\nY\' vont faire des beignets !',	1.3,	1),
(354,	53,	41,	NULL,	'Quand y\'a plus de roi, c\'est caca.',	1.3,	1),
(355,	197,	41,	NULL,	'Ça suffit ! Elle est où la poulette ? Elle est bien cachée ?',	1.3,	1),
(356,	197,	41,	NULL,	'Vous rendez la poulette sinon c\'est plus vous qui donnez à manger aux lapins !',	1.3,	1),
(357,	197,	41,	NULL,	'Ça suffit !!! Ça suffit !!! Ça suffiiiiiiiit !!!',	1.3,	1),
(358,	197,	41,	NULL,	'Vous rendez la poulette ou c\'est tout nus dans les orties !',	1.3,	1),
(359,	197,	41,	NULL,	'Le caca des canards c\'est caca.',	1.3,	1),
(360,	198,	41,	NULL,	'Il est où Kadoc ? Il est bien caché ?',	1.3,	1),
(361,	198,	41,	NULL,	'Camouflage caca...',	1.3,	1),
(362,	49,	41,	NULL,	'Il faut pas respirer la compote, ça fait tousser.',	1.3,	1),
(363,	49,	41,	NULL,	'Caca.',	1.3,	1),
(364,	199,	41,	NULL,	'Ça suffit, vous rendez la poulette, sinon papi va se mettre en colère.',	1.3,	1),
(365,	19,	41,	NULL,	'Si Kadoc il surveille bien, il aura des p\'tits cubes de fromage.',	1.3,	1),
(366,	8,	41,	NULL,	'Y sont où les quignons à Kadoc ? Y sont dans la poche? Y sont bien cachés ?',	1.3,	1),
(367,	200,	42,	NULL,	'On construit un barrage, après on lance de la caillasse de l\'autre côté de la rivière pour faire croire aux autres qu\'on a traversé dans l\'autre sens. Une fois qu\'ils sont au milieu, on casse le barrage et on les noie. Ouais... le seul problème c\'est que quand on a passé quatre semaines à construire un barrage, ça fait un peu mal au cul d\'le détruire...',	1.3,	1),
(368,	201,	42,	NULL,	'Mais y a rien à développer ! C\'est de la merde, c\'est de la merde, c\'est tout ! Moi, on me sert ça dans une auberge, le tavernier, il s\'prend une quiche dans sa tête !',	1.3,	1),
(369,	201,	42,	NULL,	'Ce pain-là, il est cuit trop vite dans un four trop chaud , la montée n\'a pas le temps de se faire et il y a trop d\'air dans la mie. […] C\'est de la merde.',	1.3,	1),
(370,	202,	42,	NULL,	'L\'agneau était daubé du cul !',	1.3,	1),
(371,	203,	42,	NULL,	'Eh oui mémé, t\'es bien mouchée!',	1.3,	1),
(372,	204,	42,	NULL,	'Par exemple, vous prenez aujourd\'hui. Vous comptez sept jours. Ça vous emmène dans une semaine. Et bien on sera exactement le même jour qu\'aujourd\'hui… À une vache près, hein… C\'est pas une science exacte.',	1.3,	1),
(373,	204,	42,	NULL,	'Des p\'tits croutons tout vieux genre pour les lapins ? Ouais j\'savais pas c\'que c\'était, dans le doute j\'les ai bouffés.',	1.3,	1),
(374,	205,	42,	NULL,	'[La politique de l\'autruche, c\'est] Une politique qui court vite, une politique qui fait des gros œufs, c\'est tout.',	1.3,	1),
(375,	55,	42,	NULL,	'Les chicots, c\'est sacré ! Parce que si j\'les lave pas maintenant, dans dix ans, c\'est tout à la soupe. Et l\'mec qui me fera manger de la soupe il est pas né !',	1.3,	1),
(376,	55,	42,	NULL,	'Si ça peut m\'éviter de chlinguer du cul, je peux bien me tremper une ou deux fois par an.',	1.3,	1),
(377,	206,	42,	NULL,	'Qu\'est-ce que c\'est que ce style de bouffer des petits machins tout secs et trois gallons de flotte par jour ? […] Si la jeunesse se met à croire à ces conneries, on se dirige tout droit vers une génération de dépressifs ! Le gras, c\'est la vie.',	1.3,	1),
(378,	207,	42,	NULL,	'Sire ! Enfin vous arrivez pour me sauver. […] De l\'hypolipémie ! J\'ai plus de gras dans le sang. Je vais me mettre à peler et à perdre mes cheveux…',	1.3,	1),
(379,	207,	42,	NULL,	'Ça y est… je vois trouble. C\'est le manque de gras, je me dessèche.',	1.3,	1),
(380,	208,	42,	NULL,	'Vous nous utilisez bon gré malgré pour arriver sur la fin.',	1.3,	1),
(381,	208,	42,	NULL,	'Le Graal par ci, le Graal par là. Le Graal par ci, le Graal par là. Le Graal par ci, le Graal par là. Le Graal par ci, le Graal par là...',	1.3,	1),
(382,	191,	42,	NULL,	'Mon frère, il peut pas aller à l\'école. Quand on lui explique un machin technique, il s\'évanouit.',	1.3,	1),
(383,	209,	42,	NULL,	'C\'est normal, c\'est en se cassant la gueule qu\'on apprend à marcher. Combien de fois j\'ai failli m\'étouffer avec un os de lapin. Il faut jamais se laisser abattre par un échec, c\'est ça le secret.',	1.3,	1),
(384,	210,	42,	NULL,	'Oh le con! Mais il est pas fini d\'affiner! ',	1.3,	1),
(385,	209,	42,	NULL,	'La neige qui poudroie dans la solitude de notre enfance. Qu\'est ce que vous dites de ça ? ',	1.3,	1),
(386,	211,	42,	NULL,	'On tombe sur le fric, comme ça, du premier coup ! On s\'est même pas fait un cor au pied !',	1.3,	1),
(387,	212,	42,	NULL,	'Cette histoire de Graal, ça a assez traîné ! […] Si c\'est pas moi qui prend les choses en main, on y est encore dans cent piges… […] Préparez la fiesta, j\'suis un héros !',	1.3,	1),
(388,	213,	42,	NULL,	'Parce que d\'un point de vue santé publique, il vaut mieux bouffer ça une fois par mois que de la merde tous les jours. Je vais vous dire, à ce niveau là, c\'est plus de la gastronomie, c\'est de l\'érotisme.',	1.3,	1),
(389,	214,	42,	NULL,	'La joie de vivre et le jambon, y\'a pas trente-six recettes du bonheur !',	1.3,	1),
(390,	215,	42,	NULL,	'Parce que mon couteau pour le pâté, euuh, y\'a rien à faire, jm\'en tape.',	1.3,	1),
(391,	216,	42,	NULL,	'Lorsqu\'on le tient par la partie sporadique, ou boulière, le fenouil est un objet redondant.',	1.3,	1),
(392,	216,	42,	NULL,	'Tout à l\'heure, on a vu que le chapelet de saucisses n\'était pas un objet redondant. Et pourtant, on a pu lui trouver une utilisation périmétrique en s\'en servant comme un fouet.',	1.3,	1),
(393,	217,	42,	NULL,	'Là, y\'a les méduses, les insectes. Là, y\'a les glandus, les grouillots. Là, y\'a les mecs normaux. Là, y\'a les chevaliers. Là, y\'a les rois et les princes. Et après, bien au-dessus, y\'a le Roi Arthur. Vous, vous aurez eu deux bonhommes dans votre vie, eh ben vous pourrez dire que vous avez tapé dans l\'exception.',	1.3,	1),
(394,	218,	42,	NULL,	'Allez, faites-vous belle, que j\'me pointe avec la came présentable.',	1.3,	1),
(395,	219,	42,	NULL,	'Ma femme… mon ex-femme… C\'était peut être un peu moins prestige parce qu\'elle est pas reine… mais au moins, elle habitait pas à six heures de marche avec un autre mec.',	1.3,	1),
(396,	137,	42,	NULL,	'C\'est pas que c\'est difficile de la récupérer... C\'est que c\'est sa mère difficile de la récupérer, la race de sa grand-mère !',	1.3,	1),
(397,	220,	42,	NULL,	'Du passé faisons table en marbre.',	1.3,	1),
(398,	220,	42,	NULL,	'Vous dites pas : «Qu\'est ce qu\'il fait chaud…», vous dites : «La chaleur est un plat qui se mange froid.»',	1.3,	1),
(399,	221,	42,	NULL,	'Les chiffres, c\'est pas une science exacte figurez-vous!',	1.3,	1),
(400,	222,	42,	NULL,	'Quand je pense à la chance que vous avez de faire partie d\'un clan dirigé par des cerveaux du combat psychologique, qui se saignent...aux quatre parfums du matin au soir ! !',	1.3,	1),
(401,	223,	42,	NULL,	'[Perceval: Si vous foutez tout en l\'air, on vous envoie notre assassin, ça va pas traîner.]\nOuais. Ou alors le mec qu\'on dirait qu\'il marche normalement mais en fait il marche alternativement à cloche-pied sur chaque pied.',	4.8,	1),
(402,	224,	43,	NULL,	'N\'ayez crainte, Sire, je protégerai la reine de la férocité des bêtes de la nuit !',	4.8,	1),
(403,	225,	43,	NULL,	'(À Guéthenoc) Si votre but c\'était de séduire les dames fallait faire chevalier, c\'est tout !',	4.8,	1),
(404,	177,	43,	NULL,	'(À Guenièvre qui n\'est pas ravie de devoir porter une ceinture de chasteté) Nan mais si vous voulez, je passerai vous voir discrètement le soir et je vous la débouclerai... Comme ça vous passerez une bonne nuit...',	4.8,	1),
(405,	226,	43,	NULL,	'(À Gallessin qui se moque du soin qu\'il apporte à son physique) Apollon il va se lever et vous le mettre dans le pif son casque !!',	4.8,	1),
(406,	99,	43,	NULL,	'Bah ça va, je picole pas souvent !',	4.8,	1),
(407,	227,	43,	NULL,	'(À Arthur) Non mais je sais pas comment c\'est arrivé sur le tapis… On parlait d\'esclavage, je crois. Les autres disaient que vous l\'aboliriez sans doute dans l\'avenir , moi j\'ai dit que c\'est parce que vous aviez pas le courage de l\'faire maintenant , il y en a un qui m\'a dit qu\'il fallait pas que je me prenne pour le roi et voilà ! (un peu gêné) Alors j\'ai dit… \'Le roi je l\'emmerde\'… Mais c\'était dit sans méchanceté.',	4.8,	1),
(408,	227,	43,	NULL,	'(À Arthur) Alors faites des efforts pour arrêter de vous comporter comme un connard ! Moi j\'en ai plein le cul de seconder un merdeux de dix ans même pas foutu de trouver un Graal ou de faire un gamin à sa femme ! Oui alors voilà, je me suis assis sur votre trône parce que je fais la moitié de votre boulot… Et je vous emmerde !',	4.8,	1),
(409,	228,	43,	NULL,	'Les villageois, je les emmerde !',	4.8,	1),
(410,	228,	43,	NULL,	'Un village assailli de brigands, une femme qui se fait tabasser, une poule qui boîte, c\'est pas les opprimés qui manquent ! Et là au moins, j\'aurais l\'impression de servir à quelque chose.',	4.8,	1),
(411,	229,	43,	NULL,	'Ils ont rien ramené parce que c\'est des débiles. Arrêtez d\'envoyer Perceval et Karadoc en mission, c\'est ridicule !',	4.8,	1),
(412,	230,	43,	NULL,	'Vous savez que j\'occupe à mi-temps ma place à la Table Ronde, et que l\'autre moitié de mon temps je reprends ma place de chevalier errant... Eh bien tout ça, c\'est fini. [ARTHUR : C\'est-à-dire, vous revenez définitivement ?] Non, je \'pars\' définitivement.',	4.8,	1),
(413,	230,	43,	NULL,	'Qu\'est-ce que vous voulez que je développe ? Vous n\'êtes pas de taille à mener la quête du Graal, vous n\'avez pas les épaules. De plus comme vous êtes incapable de vous séparer de la bande de pantins ridicules qui vous sert de gouvernement, vous passez pour un faible et un laxiste aux yeux du peuple et des pays voisins, et puis je parle pas des dieux évidemment, ceux-là, s\'ils pouvaient parler... […] Et même tout nu et sur un pied, j\'irai toujours cent fois plus loin que vous et votre risible compagnie de crétins !',	4.8,	1),
(414,	231,	43,	NULL,	'Vous allez me lâcher les noyaux, oui ? Y\'a pas assez à faire dans ce camp sans venir me les péter toutes les deux minutes ?! Faut forcément que je vous colle un ordre à chaque fois qu\'il s\'agit de ratisser un tas de feuilles ?! Mettez moi de l\'ordre dans ce campement nom d\'un chien ! Vous êtes pas à Kaamelott ici ! Je veux pas voir traîner un quignon d\'pain c\'est compris ?! Revue de détail dans un quart d\'heure, allez zou !',	4.8,	1),
(415,	183,	43,	NULL,	'Pour tout vous dire, je crois pas que ce soit bon pour mon autorité que mes soldats apprennent que je suis \'une grosse pucelle\' !',	4.8,	1),
(416,	232,	43,	NULL,	'Non, je suis désolé, c\'est pas possible , on se lève pas à midi dans un camp militaire ! Demain matin, celui qui est pas debout à l\'aube, je le pends à un arbre, c\'est clair ?',	4.8,	1),
(417,	233,	43,	NULL,	'Je préfère vous tuer de mes mains plutôt que de vous perdre.',	4.8,	1),
(418,	234,	44,	NULL,	'Arthur : De toute façon faudra bien vous y faire parce qu\'à partir de maintenant, on va s\'appeler Les Chevaliers de la Table Ronde !\nEncore une chance qu\'on se soit pas fait construire un buffet à vaisselle, hein !',	4.8,	1),
(419,	235,	44,	NULL,	'(À Bohort) Vous parlez comme les bouquins. Bon, moi, c\'est l\'idée que j\'m\'en fais, j\'peux pas blairer d\'lire.',	4.8,	1),
(420,	236,	44,	NULL,	'[Dame Séli : J\'ai envie de faire des tartes, voilà. Vous allez pas m\'obliger à me justifier !] Ah bah non, du moment que vous nous obligez pas à les manger !',	4.8,	1),
(421,	236,	44,	NULL,	'C\'est dingue, cette histoire ! C\'est pas parce que vous faites des tartes pour des petits-enfants qui existent pas que je dois les emmener à la pêche, si ?!',	4.8,	1),
(422,	236,	44,	NULL,	'Sans vouloir la ramener, la seule différence concrète avec des briques, c\'est que vous appelez ça des tartes !',	4.8,	1),
(423,	237,	44,	NULL,	'Ah bah c\'est sûr qu\'c\'est pas Jo l\'Rigolo.',	4.8,	1),
(424,	237,	44,	NULL,	'Non, mais attendez, vous faites semblant de négocier, tranquille. Pendant ce temps, moi je fais celui qui va pisser, là bas, et quand j\'arrive à sa hauteur, tac, je sors ma dague et je l\'ouvre en deux par le bas.',	4.8,	1),
(425,	172,	44,	NULL,	'J\'pense pas que deux trous-du-cul soient plus efficaces qu\'un seul !',	4.8,	1),
(426,	238,	44,	NULL,	'Vous allez pas être embêté avec une maîtresse qu\'a plus d\'mains ?',	4.8,	1),
(427,	235,	44,	NULL,	'(À Bohort)Vous êtes marié, comme moi , vous savez que la monstruosité peut prendre des formes très diverses.',	4.8,	1),
(428,	235,	44,	NULL,	'Qu\'est-ce que vous voulez, mon p\'tit Bohort : entre son épée qui fait de la lumière, son Merlin qui fait pleuvoir des grenouilles et sa Dame du Lac qui se prend pour une truite, il lui manque plus qu\'un numéro de trapèze, au roi des Bretons.',	4.8,	1),
(429,	239,	44,	NULL,	'(À propos d\'Yvain)\nIl dit tellement rien qu\'on dinerait avec un tabouret ce serait pareil.',	4.8,	1),
(430,	239,	44,	NULL,	'(À table, en famille)\nCalogrenant, c\'est le roi des cons.',	4.8,	1),
(431,	240,	44,	NULL,	'(À Arthur)Dites tout de suite que j\'ai des idées de tocard !',	4.8,	1),
(432,	240,	44,	NULL,	'(À Bohort)Faut toujours que vous veniez foutre votre merde, vous…',	4.8,	1),
(433,	139,	44,	NULL,	'(À Arthur)C\'est vrai que c\'est curieux cette manie de pas vouloir torturer , ça vient de quoi, ça ?',	4.8,	1),
(434,	42,	44,	NULL,	'(À Goustan le Cruel, parlant d\'Arthur)Tenez ! c\'est le mot que je cherchais… il gouverne comme une femme !',	4.8,	1),
(435,	241,	44,	NULL,	'Ma parole, des engins comme vous, ça devrait être fourni avec une notice !',	4.8,	1),
(436,	87,	44,	NULL,	'(À Bohort)C\'est quand même formidable ce pays, faut galoper à coté de la route pour pas se casser la gueule.',	4.8,	1),
(437,	242,	44,	NULL,	'(À Bohort)Le minotaure... Le minotaure c\'est jamais qu\'une grosse vachette montée sur deux pieds, hein! C\'est pas ça qui va m\'empêcher d\'dormir !',	4.8,	1),
(438,	72,	44,	NULL,	' C\'est quand même magnifique une armée bien coordonnée, hein...ben quoi, vous allez pas m\'dire qu\'on a pas l\'air con avec nos drapeaux, ça fait une heure qu\'on fait des signes y\'en a pas un qui va dans le même sens !',	4.8,	1),
(439,	90,	44,	NULL,	'Mais qu\'est-ce que vous venez me gonfler avec votre père Blaise !',	4.8,	1),
(440,	243,	44,	NULL,	'J\' dis déjà pas merci dans ma langue, alors je vais pas l\'apprendre en picte.',	4.8,	1),
(441,	244,	44,	NULL,	'Personnellement, la condition paysanne, j\'me la taille en biseau, voyez.',	4.8,	1),
(442,	245,	44,	NULL,	'J\'ai toujours eu du bol avec l\'aléatoire, moi',	4.8,	1),
(443,	246,	44,	NULL,	'C\'est pas parce qu\'un vieux moisi vient nous baver dans les étagères que ça vaut forcément que\'que chose.',	4.8,	1),
(444,	246,	44,	NULL,	'Remarquez… Bohort, éclaireur… rien que pour la curiosité…',	4.8,	1),
(445,	247,	44,	NULL,	'Ooooooooh, non mais faire du labyrinthe avec un trou-de-balle pareil, faut drôlement de la vaillance, hein !',	4.8,	1),
(446,	248,	44,	NULL,	'(Hurlant) QUAND J\'PENSE QU\'J\'AI R\'FILE MA FILLE A UN ROMAIN ! J\'SUIS À DEUX DOIGTS D\'CRÂMER L\'CHÂTEAU !!',	4.8,	1),
(447,	249,	44,	NULL,	'Avec un pif pareil ils feraient mieux de chercher des truffes plutôt que de nous emmerder !',	4.8,	1),
(448,	250,	44,	NULL,	'Vous savez c\'que c\'est, mon problème ? Trop gentil.',	4.8,	1),
(449,	250,	44,	NULL,	'En tout cas, on a cramé leur tueur, s\'ils veulent le récupérer, il est facile à transporter.',	4.8,	1),
(450,	99,	44,	NULL,	'Ben c\'est pas pour prendre la défense de la petite mais c\'est vrai qu\'il tabasse le rouquin aujourd\'hui.',	4.8,	1),
(451,	53,	44,	NULL,	'(au père Blaise)Vous mériteriez que je vous foute à la lourde avec les chiens au calcif !',	3.8,	1),
(452,	251,	44,	NULL,	'Moi une fois, j\'étais tellement bourré que j\'avais l\'impression de me faire attaquer de tous côtés, j\'me défendais, j\'me défendais... En fait, j\'étais dans un pâturage, j\'ai tué 76 chèvres !',	3.8,	1),
(453,	15,	44,	NULL,	'(à Arthur) Hé ouais ! C\'est pas les idées qui vous manquent, c\'est la conviction de devoir les réaliser !',	3.8,	1),
(454,	252,	44,	NULL,	'Bon par exemple moi j\'adore les fraises, bon bah si j\'bouffe 3 bassines de fraises en 1 heure ah bah j\'choppe la chiasse hein, j\'suis comme tout l\'monde hein...',	3.8,	1),
(455,	253,	44,	NULL,	'Moi, j\'ai appris à lire, et ben je souhaite ça à personne !',	3.8,	1),
(456,	163,	44,	NULL,	'(À Séli, à propos de Merlin)Quoi, j\'y vais ? Je l\'avoine ?',	3.8,	1),
(457,	10,	44,	NULL,	'Eh bah mon vieux... Pour ça comme pour le reste, on n\'est pas à la hauteur de la légende.',	3.8,	1),
(458,	254,	44,	NULL,	'(À la Dame du Lac, que tout le monde peut voir, sauf Arthur) Nooon, mais c\'est bon, ne me prenez pas pour une bille, non plus ! Vous êtes la Dame du Lac.',	3.8,	1),
(459,	255,	44,	NULL,	'C\'est marrant parce que, d\'habitude, dans les tartes, moi, je mange les fruits puis je laisse la pâte. \n(Arthur : Et là, vous faites l\'inverse ?)\nHein ? Ah non, là, je laisse tout.',	3.8,	1),
(460,	256,	44,	NULL,	'Ben moi en général, je lui réponds \'merde\'. En principe ça colle avec tout.',	3.8,	1),
(461,	257,	44,	NULL,	'Oh, la fierté… Si j\'avais dû être à cheval là-dessus, je vous aurais pas épousée, déjà.',	3.8,	1),
(462,	258,	44,	NULL,	'Moi, j\'étais sur qu\'ils reviendraient crevés , ils sont vivants, un succès. Mieux, une surprise.',	3.8,	1),
(463,	259,	44,	NULL,	'On a les mains prises ducon !!!',	3.8,	1),
(464,	260,	44,	NULL,	'Heu... à propos de devenir marteau, vous savez que chez moi ça peut aller assez loin ?\nParce que bon, mettons là heu... on s\'pose, on analyse le truc. Le crin-crin ça fait des heures que ça dure et en plus, vous vous y mettez à plusieurs.Et ben moi le machin, une fois que j\'en ai fait des copeaux, et ben je peux très bien mettre le feu au plumard ! Même au mobilier, ça m\'fait pas peur !',	3.8,	1),
(465,	183,	44,	NULL,	'(À Dame Séli)En somme, il faudrait déclarer la guerre à Lancelot pour récupérer la Reine et donner un héritier au trône, en tablant sur l\'éventualité que la Reine est enceinte et pas d\'une fille? [Dame Séli : En somme] Et c\'est moi le paramètre hasardeux ?',	3.8,	1),
(466,	261,	44,	NULL,	'(À Élias de Kelliwic\'h)Eh ben, vous avez une de ces tronches, vous ! [Élias : Quoi ? Quelle tête ?] J\'en sais rien mais plus que d\'habitude, hein ! Vous avez toujours une mine de chiotte mais là... j\'sais pas si c\'est la lumière du feu ou quoi mais on dirait que vous êtes mort.',	3.8,	1),
(467,	262,	44,	NULL,	'Je vous le dis, cette histoire ça pue !',	3.8,	1),
(468,	263,	44,	NULL,	'Ce qu\'il y a de bien avec les opinions tranchées, c\'est qu\'ça relance le débat. En somme vous êtes une sorte de provocateur, quoi.',	3.8,	1),
(469,	264,	44,	NULL,	'Prenons un symbole connu : le Graal. Tout le monde sait bien que c\'est beaucoup plus qu\'un vase, hein ? Y\'a toute une signification autour. Mais regardez ça par exemple : c\'est une couronne. Alors d\'un point de vue purement concret, ça veut juste dire que je suis Roi. mais d\'un point de vue symbolique c\'est beaucoup plus intéressant... Par exemple, cette couronne nous informe symboliquement que tous les mous du slibard qui avaient l\'habitude de se les rouler sous l\'ancien régime vont devoir se mettre un coup de fouet s\'ils veulent pas que je leur mette moi-même. Cette couronne symbolise la fin des haricots et la décarrade des tire-au-flanc, et surtout l\'avènement de l\'ordre et de la discipline. En d\'autres termes, la rigolade, c\'est terminé.',	3.8,	1),
(470,	265,	44,	NULL,	'Et qu\'est-ce que vous voulez que j\'y fasse à la paperasse, moi ? Vous me prenez pour un serre-livre ?',	3.8,	1),
(471,	265,	44,	NULL,	'Parce qu\'au bout d\'un moment, il va falloir envisager la possibilité de me lâcher la collerette ! ',	3.8,	1),
(472,	265,	44,	NULL,	'Non, mais je crois que mes ambitions se résument clairement: la férocité avant tout.',	3.8,	1),
(473,	265,	44,	NULL,	'(À Séli)Vous voulez que j\'aille lui mettre une avoine ? ',	3.8,	1),
(474,	265,	44,	NULL,	'Dites, vous savez qu\'à solliciter trop souvent la patience des gens, on finit par agacer ? ',	3.8,	1),
(475,	65,	44,	NULL,	'(À Loth)Alors, si vous êtes plus à l\'aise avec les notions concrètes, je peux vous proposer mon pied dans les noix...',	3.8,	1),
(476,	266,	44,	NULL,	'(En parlant d\'Yvain et Gauvain)Ils ont la notion de rien. Même la notion de la menace que représente mon pied au cul ils l\'ont pas. C\'est désespérant.',	3.8,	1),
(477,	6,	44,	NULL,	'(À Séli)Les coups de génies, j\'ai pas besoin qu\'on me les souffle.',	3.8,	1),
(478,	7,	44,	NULL,	'(À Séli)Oui vous avez raison, soyez pas trop d\'mon côté. On aurait l\'air un peu couple à la con à être tout l\'temps d\'accord !',	3.8,	1),
(479,	267,	44,	NULL,	'(À Loth)Je veux bien passer sur vos tentatives de putsch, vos combines véreuses... En revanche, si vous ne la fermez pas tout de suite, mais, définitivement, je vous aplatis les boules avec ça.',	3.8,	1),
(480,	6,	44,	NULL,	'(Aux rois de Logres)Moi je vous le dis, si on monte pas dans le char quand il nous passe sous le nez, on finira la route à pied.',	3.8,	1),
(481,	16,	44,	NULL,	'Eh les gars, vous savez ce qu\'on bouffe ce soir ? DU ROMAIN !',	3.8,	1),
(482,	253,	45,	NULL,	'Ave Cesar, rosae rosam, et spiritus rex ! Ah non, parce que là, j\'en ai marre !',	3.8,	1),
(483,	253,	45,	NULL,	'Tempora mori, tempora mundis recorda. Voilà. Eh bien ça, par exemple, ça veut absolument rien dire, mais l\'effet reste le même, et pourtant j\'ai jamais foutu les pieds dans une salle de classe attention !',	3.8,	1),
(484,	253,	45,	NULL,	'Les mômes maintenant, ils lisent, ils lisent, ils lisent et résultat...ils sont encore puceaux à 10 ans...',	3.8,	1),
(485,	253,	45,	NULL,	'Je ne reviendrai plus jamais, cette fois je le dis, je le fais, je reste chez moi. Merde. Ça suffit. ',	3.8,	1),
(486,	268,	45,	NULL,	'Vous êtes chevalier, je suis roi… Je vous demande de venir, vous venez et puis c\'est tout !… Je vais pas non plus aller brûler un cierge sous prétexte que vous avez fait un tour de cheval !',	3.8,	1),
(487,	268,	45,	NULL,	'Pour faire court, vous êtes ici chez les salopards. C\'est admis. On n\'a pas des idées bien jojos, et on n\'a pas peur de le dire ! On fomente, on renégate, on laisse libre cours à notre fantaisie.',	3.8,	1),
(488,	268,	45,	NULL,	'Voilà… Moi de mon coté j\'avais parié que vous étiez encore trop branquignole pour savoir c\'qui était à vous… Je vois que j\'ai encore tapé juste !',	3.8,	1),
(489,	268,	45,	NULL,	'Oh Là ! Attendez. Nous ici, on est en train de parler à quelqu\'un d\'intelligent. Si vous en êtes encore à respecter vos serments, on va couper court, on est tous très occupés.',	3.8,	1),
(490,	39,	45,	NULL,	'[À Lancelot]  Ah ! À ce propos, je dois vous avouer que j\'ai longtemps réflechi à savoir comment vous deviez m\'appeler. [...] Éh oui ! Parce que vous êtes pas, à proprement parler, un de mes sujets. Vous êtes pas sous mes ordres non plus. \'Sire\' c\'est quand même un peu ampoulé. Alors j\'ai pensé à beaucoup de choses. \'Loth\', \'Seigneur\', \'Monsieur\'... Je me suis même demandé si vous deviez pas m\'appeler \'vieille branche\', \'mon p\'tit pote\' ou \'canaillou\'.',	3.8,	1),
(491,	39,	45,	NULL,	'[À Lancelot] Alors là, pareil. J\'vais dire une banalité : Ne jamais négliger les bienfaits du couple dans la fonction militaire , surtout quand on est à poste de décisions. Moi, j\'ai toujours mené mes troupes de façon laborieuse et pénible, pourquoi ? Avant tout -faut pas s\'le cacher- parce que ma femme est une grosse salope.',	3.8,	1),
(492,	233,	45,	NULL,	'Moi, quand ma garce de femme est là, ça déménage pas mal aussi… Hier, elle m\'a fendu le tibia avec une amphore, la salope !',	3.8,	1),
(493,	269,	45,	NULL,	'Victoriae mundis et mundis lacrima. Bon, ça ne veut absolument rien dire, mais je trouve que c\'est assez dans le ton. ',	3.8,	1),
(494,	270,	45,	NULL,	'Quand on veut être sûr de son coup, Seigneur Dagonet… on plante des navets. On ne pratique pas le putsch.',	3.8,	1),
(495,	270,	45,	NULL,	'(À Venec) C\'est un style que vous vous donnez d\'être à moitié cul nu ? [...] Remarquez ça change. Et puis ça désacralise le guet-apens.',	3.8,	1),
(496,	184,	45,	NULL,	'Vous, vous êtes un peigne-cul en toutes circonstances. N\'importe qui vous pousserait à n\'importe quoi pourvu qu\'il parle un peu fort',	3.8,	1),
(497,	184,	45,	NULL,	'Non, c\'est moi qui y suis pour quelque chose. Le coup d\'État, c\'est moi ! Le clan séparatiste, c\'est moi ! Et d\'une manière générale j\'ai un lien plus ou moins direct avec tout ce qui se manigance de vicelard en Bretagne depuis ces trente dernières années, ça tout le monde le sait. Ce qu\'on sait moins en revanche, c\'est la raison qui me pousse à faire tout ça... [Arthur : Oui je vous écoute, qu\'est ce qui vous pousse à faire tout ça?] L\'amour ! Que je porte à ma femme, à votre sœur. [Arthur : Demi sœur!] Personne ne vous déteste plus qu\'elle dans tout le royaume sire. Et moi, pauvre fou d\'amour esclave de ses yeux, je ne cherche qu\'à contenter ses désirs de vengeance. Me commanderait-elle de venir attaquer vos armées seul contre un million, je le ferai sans réfléchir. Alors quand cette salope a su que Lancelot organisait une armée séparatiste, elle m\'a ordonné de m\'associer à lui et de lui filer du pognon. Et moi, pauvre bête dressée, je me suis lâchement exécuté. Misa brevis et spiritus maxima. Ça veut rien dire, mais je suis très en colère contre moi même. ',	3.8,	1),
(498,	271,	45,	NULL,	'C\'est allé relativement vite, mais il a quand même fallu que je m\'y reprenne à deux fois… J\'l\'avais pourtant étranglé pendant cinq bonnes minutes, le fumier, il était bleu outre-mer avec une jolie langue gonflée comme une escalope de dinde, et pourtant croyez-moi si vous voulez, il respirait encore la vieille carne. Et, je sais pas si c\'est cette respiration paniquée et sifflotante, ou alors si c\'est le fait qu\'il me fixait avec de grands yeux rouges - parce que tous les vaisseaux avaient pété - mais je me suis senti un peu déstabilisé. Alors j\'lui ai bourré la bouche avec un linge trempé dans de l\'huile de lampe et j\'ai foutu le feu. Bah ça répond à votre question du coup : oui, c\'est allé assez vite.',	3.8,	1),
(499,	272,	45,	NULL,	'Oui mais, quand je reste trop dans ma baraque, je conspire, c\'est un réflexe. Du coup, je prends l\'air, ça vaut mieux pour tout le monde.',	3.8,	1),
(500,	273,	45,	NULL,	'Ah, mais c\'est pas possible, ça ! J\'ai pas envie, de participer ! À rien ! C\'est pas mon genre, de participer ! Jamais je participerai ! À part à vos obsèques, bande de cons !',	3.8,	1),
(501,	273,	45,	NULL,	'Mais ils sont tous plus débiles les uns que les autres ces pigeons. Les nôtres quand on les envoie à Kaamelott on se les fait systématiquement ramener par la vielle de la ferme d\'à coté ![...] ça s\'adresse à personne, les pigeons sont cons, point !',	4,	1),
(502,	40,	45,	NULL,	'(A Galessin : \'Le rapport entre quoi et quoi ?\') Entre Excalibur et le fromage gratiné. Réponse: Aucun. C\'est une métaphore moisie tiraillée entre votre stupidité d\'ordre général et votre surprenante inaptitude à utiliser les métaphores...',	4,	1),
(503,	40,	45,	NULL,	'Vous entendez ça ? Il parait que je suis malpoli ! Qu\'est-ce que vous en pensez bande de trous-du-cul ?',	4,	1),
(504,	274,	45,	NULL,	'Moi, après deux heures de retard, j\'ai passé le cap de l\'agacement. Le peu de volonté que j\'avais de me farcir une réunion avec ce débile de Dagonet a définitivement disparu. Je suis une sorte de meuble.',	4,	1),
(505,	274,	45,	NULL,	'[À Galessin] Mais parce que votre existence est merdique mon pauvre ami, vous avez l\'œil qui brille à chaque fois qu\'un oiseau pète, c\'est triste à voir. Ça fait des années que vous menez un train de vie de noix de St-Jacques, alors évidemment, un message qui annonce la visite d\'un imbécile porteur de bonnes nouvelles, c\'est déjà un petit festival pour vous ! J\'suis sûr que vous vous êtes peigné pour l\'occasion !',	4,	1),
(506,	274,	45,	NULL,	'Euh, \'Vous êtes là.\', c\'est-à-dire qu\'il est surpris lui-même, ça lui viendrait pas à l\'idée de raccorder le fait qu\'on est là avec le fait qu\'il nous l\'a demandé.',	4,	1),
(507,	274,	45,	NULL,	'Moi c\'est comme vous sentez, j\'ai eu deux heures à vide, c\'est pas si souvent, je pense que j\'en ai inconsciemment profité pour dresser un petit bilan.',	4,	1),
(508,	274,	45,	NULL,	'J\'ai soudain la sensation limpide d\'avoir gaspillé ma jeunesse... L\'avoir vue s\'échapper de mes mains comme l\'anguille effrayée et m\'appeler à présent sur le lierre du tombeau, où patiente depuis toujours le chant des enfants, les raisins volés…',	4,	1),
(509,	274,	45,	NULL,	'Je vais y aller, de jour, devant tout le monde. Et si je deviens roi de Bretagne, je vous nomme respectivement ministre des armes, et responsable de la protection des frontières. Parce que mon destin, c\'est de m\'entourer de nuls, de vrais nuls… Timeo libri rex agitur, ça veut rien dire, mais c\'est ce que j\'ai trouvé de plus… aigre !',	4,	1),
(510,	275,	45,	NULL,	'(À Arthur) Avant de vous lancer dans les excès de virilité, vous auriez la curiosité de jeter un œil à la table du fond. Je suis venu avec quelqu\'un qui veut vous parler... [Tavernier : Qu\'est ce qu\'on fait la?] Rien, y faut surtout pas s\'en mêler. Comme quand deux chats sauvages se retrouvent sur le même terrain. Y s\'observent et aucun des deux ne baisse le regard sous peine d\'être saigné à blanc. Ce qui couperait court c\'est qu\'il y en ait un plus faible que l\'autre, mais là c\'est pas le cas. C\'est les deux même sales bestioles, inflexibles, indomptables et vivaces. Y tiennent ça de leur mère! [Tavernier : De leur mère? vous voulez dire que c\'est sa sœur ?][Arthur et Anna : Demi sœur!] Ah! ça cause. Le dialogue s\'amorce. Peut être que vous vous ferez pas dévaster votre boui-boui.',	4,	1),
(511,	275,	45,	NULL,	'(À Anna) j\'aime autant vous dire que quand une bande de détrousseurs embusqués nous tombera sur la viande, et qu\'il lui prendra le goût de vous passer dessus en file indienne, je lèverai pas le petit doigt.',	4,	1),
(512,	267,	45,	NULL,	'[À Léodagan] Écoutez, comme ça a priori, ça m\'évoque rien, mais honnêtement c\'est possible. Ce serait assez le genre de la maison, en tout cas ! De l\'autre côté, voyez un peu l\'ironie, si j\'avais pas fomenté une attaque par l\'ouest, vous seriez allés vous écraser contre les Romains à l\'est !\nOui, alors, pourquoi ? Pourquoi trahir sans arrêt les gens avec qui je collabore ? Je dirais que c\'est probablement une réponse compulsive à une crainte de m\'attacher. Briser une relation plutôt que la cultiver pour ne pas se retrouver démuni face au bonheur. Oui, pour répondre à votre question : j\'ai peur d\'aimer !',	4,	1),
(513,	6,	45,	NULL,	'[Aux rois de Logres] Bon. Ca c\'est bien gentil mais… À quel moment on trahit ?',	4,	1),
(514,	6,	45,	NULL,	'Ah voilà ! Et c\'est là le danger de la métaphore... si on parle avec des gros tas de bidoches, au bout de cinq minutes personne ne parle de la même chose!',	4,	1),
(515,	20,	45,	NULL,	'Si on cueille pas les cerises tant qu\'elles sont sur l\'arbre, on fera tintin pour le clafoutis. ',	4,	1),
(516,	7,	45,	NULL,	'Moi les premières années avec ma femme, je faisais ces conneries aussi. Une réunion hebdomadaire pour régler les problèmes avant qu\'ils ne s\'enveniment. Résultat aujourd\'hui, quand elle tombe sur moi dans les couloirs de la maison, elle a des remontées gastriques, elle me trouve laid et con, et elle essaie de me tuer trois fois par semaine. Euh depuis les tables rondes, j\'y crois plus beaucoup...',	4,	1),
(517,	7,	45,	NULL,	'(À propos des biscuits de la marraine du roi d\'Armorique) Ils sentent la pisse, aussi.',	4,	1),
(518,	7,	45,	NULL,	'Deus minimi placet : seul les dieux décident.',	4,	1),
(519,	8,	45,	NULL,	'[À Galessin] Soyons futés. [...] Non... mais pas vous ! Vous, vous pouvez rester tsoin-tsoin comme d\'habitude.',	4,	1),
(520,	8,	45,	NULL,	'Votre salope de fille m\'a renversé une pleine soupière de bouillon sur toute la zone génitale, ça m\'a LITTÉRALEMENT cuit les boules ! Vous remarquerez à quel point il m\'est égal de parler de mes noix à ma belle-mère, famille de tarés !',	4,	1),
(521,	8,	45,	NULL,	'Il est roi d\'Orcanie, le sanglier boulimique, chère madame !',	4,	1),
(522,	8,	45,	NULL,	'[Parlant de sa femme, Anna] Bon bah moi... je la suis ! Parce que je suis... très amoureux.',	4,	1),
(523,	8,	45,	NULL,	'\'Mundi placet et spiritus minima\', ça n\'a aucun sens mais on pourrait très bien imaginer une traduction du type : \'Le roseau plie, mais ne cède... qu\'en cas de pépin\' ce qui ne veut rien dire non plus.',	4,	1),
(524,	8,	45,	NULL,	'Bon bon... Moi c\'que j\'en dis, c\'est que, si vous arrivez à contenir vos élans, et à me laisser gérer tout ça à ma sauce, on pourrait bien se retrouver à la tête du Royaume en moins de temps qu\'il n\'en faut pour dire putsch. Ha ha ha ! J\'aime assez ce p\'tit ton décalé euh...',	4,	1),
(525,	276,	46,	NULL,	'HAHA, Sire ! Je vous attends ! À moins que vous préfériez que l\'on dise partout que le roi est une petite pédale qui pisse dans son froc à l\'idée de se battre !',	4,	1),
(526,	276,	46,	NULL,	'Sire ! Mon père est peut-être unijambiste, mais moi, ma femme n\'a pas de moustache ! […] Alors ça vient? p\'tite bite !',	4,	1),
(527,	276,	46,	NULL,	'En garde, espèce de vieille pute dégarnie !',	4,	1),
(528,	206,	46,	NULL,	'JE NE MANGE PAS DE GRAINES !',	4,	1),
(529,	206,	46,	NULL,	'J\'estime que si on avale l\'équivalent de son poids en viande deux fois par jour, il ne faut pas s\'étonner de ne pas pouvoir mettre un pied devant l\'autre sur un champ de bataille.',	4,	1),
(530,	99,	46,	NULL,	'Moi, une fois, j\'étais soûl comme cochon, je me suis fait tatouer \'J\'aime le raisin de table\' sur la miche droite, et ça y est toujours !',	4,	1),
(531,	277,	46,	NULL,	'Non, je veux dire \'malade mental\', c\'est votre maximum, comme insulte ? Non parce qu\'il va falloir passer le cran au-dessus, mon vieux, parce que sinon, on y est encore demain !',	4,	1),
(532,	278,	46,	NULL,	'En garde, ma biquette ! Je vais vous découper le gras du cul, ça vous fera ça de moins à trimbaler !',	4,	1),
(533,	279,	46,	NULL,	'(À Grüdü) Quand on est idiot, on plante des carottes on ne s\'occupe pas de sécurité !',	4,	1),
(534,	280,	46,	NULL,	'(Sur l\'air de \'À la Volette\') Le bon roi Arthur est une p\'tite tapette. Le bon roi Arthur est une p\'tite tapette. Est une p\'tite à la volette, est une p\'tite à la volette, est une p\'tite tapette.',	4,	1),
(535,	280,	46,	NULL,	'Du nerf, mon lapinou !… Vous allez vous faire tailler le zizi en pointe !',	4,	1),
(536,	280,	46,	NULL,	'ALLEZ, EN GARDE GROSSE CONNE ! Non, ça va pas, ça va pas !',	4,	1),
(537,	280,	46,	NULL,	'Non mais c\'est à se coincer les parties dans une porte !',	4,	1),
(538,	280,	46,	NULL,	'Vous savez quoi, Sire ? On va commencer par se faire une saucisse grillée de trois pieds de long, avec un tonnelet de pinard chacun, et derrière, peut être bien qu\'on se paiera des filles. Ah oui ! A un moment, vive la vie !',	4,	1),
(539,	277,	46,	NULL,	'(À Bohort) Mais allez-y bon sang, magnez-vous le fion, espèce de grosse dinde !',	4,	1),
(540,	277,	46,	NULL,	'Seigneur Bohort! Je commence à en avoir ras le bol de votre comportement de péteux alors vous allez me faire le plaisir de me faire une bonne insulte et de vous foutre en rogne une bonne fois pour toutes!',	4,	1),
(541,	20,	46,	NULL,	'Euh, juste une chose... Manquez encore une seule fois de respect au futur roi de Bretagne, et je vous coupe les boules ! Ca vous fera une jolie petite sacoche pour ranger vos dés à coudre.',	4,	1),
(542,	20,	46,	NULL,	'(Manilius : Et ben je suis euh...) Je suis, je suis, je suis une petite tapette, qui parle à tort et à travers, sans que personne ne lui demande son avis, alors elle ferme son bec la poupoule... Et elle laisse parler les grands garçons.',	4,	1),
(543,	7,	46,	NULL,	'Regardez moi la jolie petite paire de fillettes, si c\'est pas fragile!',	4,	1),
(544,	23,	47,	NULL,	'Juste à notre aplomb, une corneille est posée sur une branche. Dans quelques secondes, elle va s\'envoler. (La corneille s\'envole.) Voilà. Nous avons franchi le solstice d\'été. Et pendant que d\'autres célèbrent le jour le plus interminable de l\'année… nous allons secrètement nous réjouir du retour des longues nuits. (Pause) Levez-vous.',	4,	1),
(545,	281,	47,	NULL,	'Mais je pensais que vous auriez trouvé une petite clairière… avec un ruisseau. Les tocards prennent toujours leur retraite près d\'un ruisseau, à cause de la soif. Pourtant une retraite, c\'est une retraite de tout, ne croyez-vous pas ? Moi, quand j\'ai plus rien à faire ici, je me retire… Plus une goutte d\'eau. Plus un rayon de soleil. Je me dessèche, de la tête aux pieds, en un petit cadavre sous un tas de feuilles… Les saisons me survolent sans me soupçonner… Et puis, un jour, la corneille raconte qu\'elle a entendu au loin quelqu\'un qui recommence à pleurer. Guenièvre ! Guenièvre ! Alors là, j\'ouvre un œil, je rampe, mangeant la neige, léchant l\'eau croupie… et mes ennemis tressaillent, car à me voir boire, ils comprennent que je suis de retour. (Pause) Vous m\'faites pas rentrer ? (Ricanement) Magnifique.',	4,	1),
(546,	40,	47,	NULL,	'VIVIANNE : Vous voulez vraiment pas me dire qui vous êtes? \nMELEAGANT : Non, mon nom ne vous dira rien... Mais chez vous on m\'appelle... La réponse [...] La réponse à votre pathétique désastre! ',	4,	1),
(547,	282,	47,	NULL,	'LANCELOT : La dame du lac ??!! \nMELEAGANT : (Ironique et frappant dans les mains) Héhéhé! On va passer... Une bonne soirée! MAGNIFIQUE!',	4,	1),
(548,	271,	47,	NULL,	'Cette épée grotesque est le plus pitoyable tour de passe-passe que les dieux aient jamais bricolé pour arriver à leurs fins.',	4,	1),
(549,	283,	47,	NULL,	'LANCELOT : Si vous tenez tant à la mort d\'Arthur, vous n\'avez qu\'à vous en occuper vous-même. \nMELEAGANT : Je n\'ai aucun intérêt à la mort des gens. \nLANCELOT : Mais alors, à quoi ? Bon sang, à quoi ? \nMELEAGANT : A leur sabordage. ',	4,	1),
(550,	284,	47,	NULL,	'Mais c\'est de ma faute, à moi, si vous semez des pères adoptifs dans tout le pays ?',	4,	1),
(551,	285,	47,	NULL,	'Vous pouvez rentrer à Kaamelott. Vous regarderez les gens. Vous regarderez les choses. Rien ne sera plus triste que vous.',	3,	1),
(552,	65,	47,	NULL,	'Tout cela n\'est rien. Absolument rien ! Il y a peu de temps quelque chose a fait «Boum». Voila, nous sommes sur une toute petite miette expulsée par ce boum, qui dérive et tournicote sur elle-même, en attendant sa fin, proche ! Sur cette miette de tous petits organismes gesticulent , ça nait, ça vit, ça meurt. Tout cela n\'a aucune conséquence.',	3,	1),
(553,	70,	48,	NULL,	'Qu\'est-ce qui est petit et marron ?\n[Élias de Kelliwic\'h : Un marron.]\nPutain, il est fort ce con.',	3,	1),
(554,	286,	48,	NULL,	'[À la fée Morgane]: J\'adore la chataîgne. Je m\'en ferais péter le bide. Vous en voulez ?',	3,	1),
(555,	88,	48,	NULL,	'[A Karadoc et Perceval] : La boutique est fermée, adressez-vous à la concurrence. (Cette réplique sera reprise dans le Livre V, lorsque Merlin quitte Kaamelott)',	3,	1),
(556,	287,	48,	NULL,	'(À propos du rassemblement du corbeau) J\'aime pas y aller à ce truc. Ça me gonfle. Y\'a tous les clodos du pays qui portent une barbiche et qui se prennent pour des druides !',	3,	1),
(557,	287,	48,	NULL,	'Mais évidemment c\'est sans alcool !',	3,	1),
(558,	287,	48,	NULL,	'Alors le chevalier il crie au Romain : Hé ! Vous vous prenez pour le Colisée !',	3,	1),
(559,	287,	48,	NULL,	'Hé toi là bas avec ton casque à cornes, présente-moi ta femme, tu sauras pourquoi t\'as des cornes !',	3,	1),
(560,	288,	48,	NULL,	'Franchement, une potion pour faire pisser bleu, ça presse forcément la minute ?',	3,	1),
(561,	289,	48,	NULL,	'Ah ben j\'suis mi-démon, moi, les démons c\'est pas foutu pareil. D\'ailleurs, dans le calendrier démonique je vais bientôt avoir sept ans. J\'aurai le droit d\'avoir une mogriave. […] Une mogriave ? C\'est comme un petit chien, mais hyper vilain.',	3,	1),
(562,	290,	48,	NULL,	'J\'ai tout entendu et c\'est honteux !!',	3,	1),
(563,	291,	48,	NULL,	'Vous n\'êtes pas le plus fort, Môssieur Élias ! Quand on confond un clafoutis et une part de clafoutis, on vient pas la ramener !',	3,	1),
(564,	292,	48,	NULL,	'Attendez, je veux être là quand vous lui mettez une chasse !',	3,	1),
(565,	198,	48,	NULL,	'Un arbre ça pousse, c\'est là où vous pourrez faire la différence: le camouflage il pousse pas !',	3,	1),
(566,	293,	48,	NULL,	'Quand je dis que Rome est à la Cité ce que la chèvre est au fromage de chèvre, je veux dire que c\'est le petit plus qui est corollaire au noyau mais qui est pas directement dans le cœur du fruit !',	3,	1),
(567,	293,	48,	NULL,	'Quand vous êtes parti, je me suis dit : Je vais me promener ? Je vais me pas promener ? Finalement j\'ai décidé de me beurrer la gueule.',	3,	1),
(568,	294,	48,	NULL,	'Moi, je dis que c\'est magique à cause des merdes qui pendouillent, mais ça se trouve, c\'est pas ça ...',	3,	1),
(569,	295,	48,	NULL,	'Remarquez que moi j\'ai un pote poissonnier qui sait boire du lait à la paille par les trous de nez !',	3,	1),
(570,	20,	48,	NULL,	'Moi j\'ai vomi deux fois mais c\'est moi qu\'ai ramassé\n !',	3,	1),
(571,	43,	48,	NULL,	'Ah mais foutez moi la paix ! J\'ai traversé l\'île en long, en large et en travers ! Pareil en Aquitaine et en Armorique ! Vous croyez que j\'me souviens de tous les trous du cul à qui j\'ai balancé mon laïus ?',	3,	1),
(572,	200,	49,	NULL,	'Si on faisait le coup du bouclier humain ?[...] Par exemple, Sire, Léodagan et moi on fait semblant de vous prendre en otage : on vous met une dague sous le cou et on traverse le camp adverse en gueulant : \'Bougez pas, bougez pas ou on bute le roi!\'...',	3,	1),
(573,	200,	49,	NULL,	'Putain, en plein dans sa mouille !',	3,	1),
(574,	200,	49,	NULL,	'Faut faire comme avec les scorpions qui se suicident quand ils sont entourés par le feu, faut faire un feu en forme de cercle, autour d\'eux, comme ça ils se suicident, pendant que nous on fait le tour et on lance de la caillasse de l\'autre côté pour brouiller... Non ?',	3,	1),
(575,	296,	49,	NULL,	'C\'est pas faux.',	3,	1),
(576,	297,	49,	NULL,	'Toi un jour je te crame ta famille, toi.',	3,	1),
(577,	297,	49,	NULL,	'Faut arrêter ces conneries de nord et de sud ! Une fois pour toutes, le nord, suivant comment on est tourné, ça change tout !',	3,	1),
(578,	79,	49,	NULL,	'Donc, pour résumer, je suis souvent victime des colibris, sous-entendu des types qu\'oublient toujours tout. Euh, non… Bref, tout ça pour dire, que je voudrais bien qu\'on me considère en tant que Tel.',	3,	1),
(579,	298,	49,	NULL,	'(Entrant subitement dans la Salle de la Table Ronde) Excusez, c\'est juste pour vous dire que je vais pas pouvoir rester aujourd\'hui ! Faut que je retourne à la ferme de mes vieux ! Y a ma grand-mère qui a glissé sur une bouse ! C\'est le vrai merdier !',	3,	1),
(580,	299,	49,	NULL,	'On a même un tabouret ! Quand on s\'assoit d\'ssus, on se retrouve sur un autre tabouret dans une taverne dans le Languedoc [...] Ouais, le siège de transport qu\'ils appellent. En plus, comme par hasard c\'est moi qui ai essayé le premier. Deux semaines et demi plus le bateau qu\'ça m\'a pris pour revenir. J\'avais pas compris qu\'en me rasseyant d\'ssus, ça me ramenait de l\'aut\'côté. Et à l\'arrivée j\'me suis fait mettre une chasse, parce que j\'avais ramené l\'autre tabouret, et que soit-disant il aurait fallu qu\'il reste là-bas. Pourtant ils marchent les deux tabourets ! Eh ben ils sont l\'un à côté de l\'autre. Alors ça fait pas pareil.',	3,	1),
(581,	299,	49,	NULL,	'C\'est pour ça : j\'lis jamais rien. C\'est un vrai piège à cons c\'t\'histoire-là. En plus j\'sais pas lire.',	3,	1),
(582,	300,	49,	NULL,	'Ben si, si c\'est l\'même volume sonore, on dit \'équidistant\' [...] S\'ils sont équidistants en même temps que nous, on peut repérer le dragon par rapport à une certaine distance. Si le dragon s\'éloigne, on s\'ra équidistant, mais ça s\'ra vachement moins précis et... et pas réciproque.',	3,	1),
(583,	81,	49,	NULL,	'(Assommant Karadoc) Ah ! oui... j\' l\'ai fait trop fulgurant, là. Ça va ?',	3,	1),
(584,	301,	49,	NULL,	'(À Arthur) Sire, avec tout le respect, est-ce que la reine a les fesses blanches ?',	3,	1),
(585,	302,	49,	NULL,	'(À Arthur et Lancelot) Ça sert à rien, un siège, si elle est enceinte, il faut des linges blancs et une bassine d\'eau chaude.',	3,	1),
(586,	302,	49,	NULL,	'(À Arthur et Lancelot) Une fois, à une exécution, je m\'approche d\'une fille. Pour rigoler, je lui fais : {{|Vous êtes de la famille du pendu ?}}... C\'était sa sœur. Bonjour l\'approche !',	3,	1),
(587,	138,	49,	NULL,	'Si Joseph d\'Arimathie a pas été trop con, vous pouvez être sûr que le Graal, c\'est un bocal à anchois.',	3,	1),
(588,	208,	49,	NULL,	'Sire, Sire ! On en a gros !',	3,	1),
(589,	208,	49,	NULL,	'(A Arthur) Moi j\'crois plutôt que la prochaine fois, vous nous enverrez bouler tout pareil, c\'est pas vrai ? (...) Ha... On en a gros...',	3,	1),
(590,	208,	49,	NULL,	'(À Arthur) Moi, j\'serais vous, je vous écouterais... Non, moi, j\'serais nous, je vous... Si moi, j\'étais vous, je vous écouterais ! Non, elle me fait chier, cette phrase !',	3,	1),
(591,	303,	49,	NULL,	'C\'est marrant les petits bouts de fromage par terre. C\'est ça que vous appelez une fondue ?',	3,	1),
(592,	304,	49,	NULL,	'J\'voudrais pas faire ma raclette, mais la soirée s\'annonce pas super.',	3,	1),
(593,	204,	49,	NULL,	'(En parlant des clients de la taverne) Quand même, ils sont onze. J\'ai calculé sur les treize dernières années, dans les deux heures qui précèdent le coucher du soleil, vous en êtes à une moyenne de 8,422.',	3,	1),
(594,	204,	49,	NULL,	'Après demain, à partir d\'aujourd\'hui ?',	3,	1),
(595,	204,	49,	NULL,	'De toutes façons, les réunions de la Table Ronde c\'est deux fois par mois. Donc, si le mec il dit après-demain à partir de dans deux jours, suivant s\'il le dit à la fin du mois, ça reporte.',	3,	1),
(596,	305,	49,	NULL,	'C\'qui compte, c\'est les valeurs !',	3,	1),
(597,	305,	49,	NULL,	'Là, vous faites sirop de vingt-et-un et vous dites : beau sirop, mi-sirop, siroté, gagne-sirop, sirop-grelot, passe-montagne, sirop au bon goût.',	3,	1),
(598,	306,	49,	NULL,	'LEODAGAN CONTRE-ATTAQUE !!! (il passe la balle à Léodagan)',	3,	1),
(599,	307,	49,	NULL,	'Et toc ! Remonte ton slibard, Lothard !',	3,	1),
(600,	102,	49,	NULL,	'13, 14, 15... Enfin tous les chiffres impairs jusqu\'à 22.',	3,	1),
(601,	308,	49,	NULL,	'J\'le dis pas (en parlant de la date de son anniversaire). [...] A l\'époque quand je le disais, tout le monde oubliait de me le souhaiter. Ça me faisait pleurer. Ça m\'a gonflé, j\'ai arrêté.',	2.2,	1),
(602,	309,	49,	NULL,	'Dans la vie, j\'avais deux ennemis : le vocabulaire et les épinards. Maintenant j\'ai la botte secrète et je bouffe plus d\'épinards. Merci, de rien, au revoir messieurs-dames.',	2.2,	1),
(603,	310,	49,	NULL,	'Salut, Sire. Je trouve qu\'il fait beau, mais encore frais, mais beau !',	2.2,	1),
(604,	311,	49,	NULL,	'(Montrant ses cousins à Arthur) Alors là, c\'est Ashton, lui c\'est Rutz, lui c\'est Pierce, l\'autre derrière c\'est Pierce aussi, j\'ai jamais compris pourquoi, et lui euh, j\'crois qu\'il a pas d\'prénom, tout le monde l\'appelle Connard...',	2.2,	1),
(605,	312,	49,	NULL,	'(À Arthur) C\'est l\'anniversaire dans tous les recoins, c\'est presque tous les ans qu\'on a l\'anniversaire. Grâce à cet anni... c\'est la joie c\'est pratique, c\'est au moins un principe à retenir pour faire la frite... c\'est huuuum lalalalala. Cette année c\'est bien, l\'anniversaire tombe à pic !',	2.2,	1),
(606,	179,	49,	NULL,	'(Ivre\') PAYS DE GALLES INDÉPENDANT ! J\'ai un pivert dans la tête... C\'est normal ?',	2.2,	1),
(607,	191,	49,	NULL,	'Karadoc, c\'est le gars brillant. Le frère, à côté, c\'est sûr... C\'est vraiment un gros con.',	2.2,	1),
(608,	15,	49,	NULL,	'Ben j\'en ai marre. Ça revient à chaque fois sur le tapis ça. [Arthur: Quoi ça ?] Fédéré! D\'habitude j\'dis rien mais là zut! J\'sais pas c\'que ça veut dire. Moi j\'veux bien faire des efforts pour comprendre les réunions mais faut que chacun y mette du sien aussi. Là on est partis pour une heure avec des fédérés par-ci des fédérés par-là, j\'vais encore rien biter et ça me gonfle.',	2.2,	1),
(609,	313,	49,	NULL,	'Sans blague on pourrait pas fêter la mort des mecs que je connais pour une fois ? Comment ça ? C\'est toujours la mort de vos potes à vous que l\'on fête, moi dans quatre jours c\'est l\'anniversaire de la mort d\'un oncle à moi, sans faire exprès il s\'est tiré dessus avec un arc.',	2.2,	1),
(610,	194,	49,	NULL,	'(Aux jeunes chevaliers) Le Graal, c\'est une vraie saloperie, méfiez-vous. Un jour c\'est un vase, une semaine après une pierre incandescente. [...] Incandescente, c\'est : qui peut accaparer des objets sans resurgir sur autrui.',	2.2,	1),
(611,	314,	49,	NULL,	'Non, vous, vous vous maravez. Quand on a pas de technique, il faut y aller à la zob.',	2.2,	1),
(612,	211,	49,	NULL,	'SI VOUS VOULEZ QU\'ON SORTE LES PIEDS DEVANT, FAUDRA NOUS PASSER SUR L\'COOOORPS !',	2.2,	1),
(613,	315,	49,	NULL,	'Le code c\'est \'le code\' ? Ça va, ils se sont pas trop cassé le bonnet, pour l\'trouver celui-là !',	2.2,	1),
(614,	315,	49,	NULL,	'Y\'a du grabuge alors on appelle les 2 couillons... On met les glandus à profit !',	2.2,	1),
(615,	316,	49,	NULL,	'(A Arthur) Ça prouve que j\'ai de l\'ubiquité... De l\'humilité ? C\'est pas quand il y a des infiltrations ?',	2.2,	1),
(616,	316,	49,	NULL,	'À ROULEEEEETTES !! HOULA... J\'l\'ai un peu trop gueulé ça, non ? À roulettes.',	2.2,	1),
(617,	316,	49,	NULL,	'Ah, mais c\'est de là que ça vient ! Quand on dit \'ça va comme sur des roulettes\'. En fait ça veut dire qu\'le mec il peut balancer un morceau de rocher comme une catapulte, il continue quand même d\'avancer d\'façon mobile. ',	2.2,	1),
(618,	316,	49,	NULL,	'Une maquette ?! Vous avez pas dit qu\'c\'était une catapulte ?',	2.2,	1),
(619,	317,	49,	NULL,	'[En parlant de la Dame du Lac que, pour une fois, tout le monde, sauf Arthur, peut voir] Ouh làlà! elle va pas me gonfler longtemps, la rouquine !!!',	2.2,	1),
(620,	318,	49,	NULL,	'Les 3 actes, c\'est les bonnes femmes qui sont mi-taupes mi-déesses, et qui ont forcé les mecs de Bethléem à construire les pyramides.',	2.2,	1),
(621,	319,	49,	NULL,	'Est-ce que vous avez assez de dés pour remplir un seau comme ça ? [Le tavernier n\'en a que trois] C\'est plus facile d\'en tirer cent ou deux-cents d\'un coup et d\'additionner, parce que là avec trois, on va être obligés de tirer quarante fois de suite à chaque tour.',	2.2,	1),
(622,	319,	49,	NULL,	'Sloubi 1, sloubi 2, sloubi 3, sloubi 4, sloubi 5 [...] sloubi 324, sloubi 325!...',	2.2,	1),
(623,	319,	49,	NULL,	'C\'est moi qui remporte le tour. Quand on remporte le tour à Sloubi, on a quatorze solutions possibles : soit on annule le tour , soit on passe , soit on change de sens , soit on recalcule les points , soit on compte , soit on divise par six , soit on jette les bouts de bois de quinze pouces, ça c\'est quand on joue avec les bouts de bois , soit on se couche , soit on joue sans atouts. Et après y\'a les appels : plus un , plus deux , attrape oiseaux , régoudon , ou chante Sloubi. [...] Comme vous êtes second, vous avez plus que dix-neuf solutions possibles : soit vous passez , soit vous sciez en deux les cinquante poutrelles de trente pieds, mais ça c\'est quand on joue avec les bouts de bois. Sinon c\'est les relances : doublette , jeu carré , jeu de piste , jeu gagnant , jeu moulin , jeu-jeu , joue-jeu , joue-joue , joue-jié , joue-ganou , gagnar , catakt , tacat , cacatac , cagat-cata et ratacat-mic. Ou : chante Sloubi. Nous, on va faire que chante Sloubi.',	2.2,	1),
(624,	320,	49,	NULL,	'Je vous ai vu une fois dans une carriole, tirée par un cheval. Enfin, la carriole tirée par un cheval.',	2.2,	1),
(625,	321,	49,	NULL,	'Dans le Languedoc, ils m\'appellent Provençal. Mais c\'est moi qui m\'suis gouré en disant mon nom. Sinon, en Bretagne, c\'est le Gros Faisan au sud, et au nord, c\'est juste Ducon ..',	2.2,	1),
(626,	322,	49,	NULL,	'Au printemps, j\'aime bien pisser du haut des remparts au lever du soleil… Y\'a une belle vue !',	2.2,	1),
(627,	323,	49,	NULL,	'Ils ont pas de bol, quand même ! Mettre au point un truc pareil et tomber sur des cerveaux comme nous !',	2.2,	1),
(628,	220,	49,	NULL,	'Sur une échelle de 2 à 76, et là je préfère prendre large, de 2 à 71 on ne nous écoute pas, de 72 à 75, on nous écoute toujours pas, et seulement à 76 on nous laisse parler sans nous engueuler.',	2.2,	1),
(629,	324,	49,	NULL,	'Mais cherchez pas à faire des phrases pourries... On en a gros, c\'est tout !',	2.2,	1),
(630,	325,	49,	NULL,	'En plus je connais une technique pour tuer trois hommes en un coup rien qu\'avec des feuilles mortes ! Alors là, vous êtes deux, vous avez bien de la chance.',	2.2,	1),
(631,	326,	49,	NULL,	'Vous vous prenez pour un enseignant ?... Non j\' s\'entais que c\'était le moment d\'faire une vanne mais y\'a rien qui est sorti.',	2.2,	1),
(632,	326,	49,	NULL,	'Bon ça suffit maintenant ! Vous voulez qu\'j\'me foute en rogne comme un enseignant ? ... Qu\'est ce que j\'ai avec ça moi ?',	2.2,	1),
(633,	327,	49,	NULL,	'Mais moi, j\'m\'en fous des honneurs, rien à péter, le Graal aussi, rien à péter. Moi, c\'est Arthur qui compte. Moi je suis pas un as de la stratégie ou du tir à l\'arc, mais je peux me vanter de savoir ce que c\'est que d\'aimer quelqu\'un.',	2.2,	1),
(634,	328,	49,	NULL,	'Moi, la canne, ça m\'aide. Je visualise le caillou dans l\'eau, j\'ai l\'impression de faire partie d\'un tout, moi, le caillou, le fil, le lac, le ciel, c\'est entier, vous comprenez ? C\'est bien fini. C\'est pour ça, moi je me dis, c\'est dans ces moments-là qu\'on peut bien comprendre des trucs. Vous me prenez pour un con, non ?',	2.2,	1),
(635,	328,	49,	NULL,	'Ah ça y\'est, j\'viens de comprendre à quoi ça sert la canne. En fait ça sert à rien… Du coup ça nous renvoie à notre propre utilité : l\'Homme face à l\'Absurde !',	2.2,	1),
(636,	329,	49,	NULL,	'C\'est pas moi qu\'explique mal, c\'est les autres qui sont cons !',	2.2,	1),
(637,	330,	49,	NULL,	'On va pas installer notre carré germinal à la taverne !',	2.2,	1),
(638,	331,	49,	NULL,	'(À Mevanwi) Elle a compris la vilaine frisée ? On a dans l\'projet de fonder un clan autonome pour partir à l\'aventure et ramener du pognon pour entretenir vos grosses miches !! Alors le cageot il dit merci et il ferme sa boîte à caca !!!',	2.2,	1),
(639,	263,	49,	NULL,	'Vous, vous avez une idée derrière la main, j\'en mettrais ma tête au feu !',	2.2,	1),
(640,	272,	49,	NULL,	'Si on avait bu un coup dans des trucs qui s\'cassent, j\'en aurais pété un par terre avant d\'monter dans ma chambre, pour bien montrer comment j\'suis colère.',	2.2,	1),
(641,	332,	49,	NULL,	'Je vais vous poser une série de questions. Vous répondez par oui, non, ou Zbradaraldjan. Ok c\'est parti : où se trouve l\'oiseau ?... Allez c\'est facile ça. Trouve pas ? Bon tant pis. C\'était \'sur la branche\'. Eh oui, y a des pièges.',	2.2,	1),
(642,	332,	49,	NULL,	'Si la mémoire est à la tête ce que le passé, peut-on y accéder à six ? Oui, non, zbradaraldjan ?',	2.2,	1),
(643,	332,	49,	NULL,	'Ma tante me demande de trouver un endroit pour y entreposer 667 noix. A la cave il y a de la place pour 595, à la remise il y a la place pour 337. Qu\'est-ce que je fais ? Je les ?... Allez on cherche bon dieu ! Je les... Zbradaraldjan le grenier!... Allez il dégage le bourrin !',	2.2,	1),
(644,	332,	49,	NULL,	'Et si je sens que y a des anguilles à la broche, dehors ! Comme César quand il a chassé les marchands du temple, et qu\'ils ont foutu le camp sur le bateau avec les bestioles et l\'pépé.',	2.2,	1),
(645,	222,	49,	NULL,	'Je crois que c\'est rentré par là, et c\'est ressorti par là , et c\'est re-rentré par là, et c\'est RE-RE-SORTI PAR LA. ET NOUS ON S\'SAIGNE AUX QUATRE FROMAGES !!!',	2.2,	1),
(646,	198,	49,	NULL,	'Par contre pas un mot là, sinon la porte. Bon là y en a pas, mais ce n\'est pas la première fois qu\'on fabrique une porte à la dernière minute pour virer un petit trou de balle qui fait son malin.',	2.2,	1),
(647,	198,	49,	NULL,	'Progressif... N\'oubliez pas, dans la casse, le plus important, c\'est les suites d\'épaisseurs ... Bûche de 10, Bûche de 16, Bûche de 32, Bûbûche, Bibuchette, et re-Bûche de 6 !!!',	2.2,	1),
(648,	333,	49,	NULL,	'On a une autorité naturelle, il faut en profiter... J\'suis sûr que même à poil on ferait toujours chef !',	2.2,	1),
(649,	185,	49,	NULL,	'(En parlant de Dame Mevanwi) Ouais ouais ben j\'suis pas trop. Sauf que quand on fait des choix il faut les tenir un minimum. Et ça change de chambre et ça change de mari... \n(Dame Mevanwi) Mais mêlez vous de vos fesses !\nOuais ouais ouais ! Il faudrait peut-être commencer par se comporter en adulte !',	2.2,	1),
(650,	274,	49,	NULL,	'Votre femme, si j\'avais pas la flemme de descendre de là, elle aurait pris mon pied dans son cul depuis un moment. Parce y\'a un truc qu\'on oublie quand on parle de retirer Excalibur : c\'est le respect au Roi Arthur! Et le respect au Roi Arthur je remarque que Madame en avait un peu plus quand elle était dans son PLUMARD !!',	2.2,	1),
(651,	59,	49,	NULL,	'Allez, y\'a plein de bruit, là ! Si ça se trouve c\'est bourré d\'oiseaux venimeux. Y\'en a des rouges, des jaunes, des re-rouges et des pourpres ! Y bouffent que des noisettes et des escalopes de veau. Et quand ils vous donnent un coup de bec vous voyez une grande lumière et ça vous donne la diarrhée !',	3.3,	1),
(652,	7,	49,	NULL,	'(à Arthur) Ouais en même temps ça vous a prouvé qu\'on avait pas froid au ventre !\n(Arthur : aux yeux!)\nComment ?\n(Arthur : Aux yeux, pas froid au ventre.)\n(Karadoc : Froid aux yeux ? Comment c\'est possible ça ?)\nBen si, à la limite avec du vent… mais bon si on a froid aux yeux on les ferme. !',	3.3,	1),
(653,	59,	49,	NULL,	'Nan mais je l\'ai déjà impressionné, moi ! Je lui ai expliqué une nouvelle technique de combat : on se bat à moitié à mains nues, et à moitié avec du calcium. J\'peux vous dire il faisait moins le malin !',	3.3,	1),
(654,	334,	49,	NULL,	'(à Arthur qui vient de lui raconter longuement un rêve)\nC\'est vraiment chouette comme rêve... Moi l\'autre nuit j\'ai rêvé que Karadoc avait des pinces... \nArthur : (confus) C\'est-à-dire? \nComme un crabe... \nArthur : Ah? Et qu\'est-ce qu\'il faisait avec ses pinces?\nIl me pinçait le ménisque.\nArthur : (interloqué) Le ménisque?\nComparés aux vôtres, ils sont pourris mes rêves, ou pas?',	3.3,	1),
(655,	335,	50,	NULL,	'Je vais le tuer, Sire ! Je vais tellement si tant y taper sa gueule qu\'il va décéder !',	3.3,	1),
(656,	336,	50,	NULL,	'Qu\'est-ce que vous voulez-vous insinuyer Sire ?',	3.3,	1),
(657,	337,	50,	NULL,	'Non mais vous croyez pas qu\'j\'marche au sifflet ! Mais qu\'est-ce que j\'en ai à foutre de vos horaires ? J\'arrive quand j\'arrive et puis c\'est tout.',	3.3,	1),
(658,	337,	50,	NULL,	'Bon ben je vous préviens, je vous écoute 30 secondes pas une de plus. Si il y a un mot plus haut que l\'autre, je vous mets toute la tartine dans la gueule et je rentre chez moi, j\'ai pas que ça à glander.',	3.3,	1),
(659,	338,	50,	NULL,	'Commencez pas à noyer la peau de l\'ours avant d\'avoir vendu le poisson.',	3.3,	1),
(660,	338,	50,	NULL,	'Et qu\'est-ce qui font-ils, au gouvernement ? Y\'s\'roucent les poules ! Y\'s\'poulent les rouces ! [Guethenoc : Y\'s\'roulent les pouces !] Voilà, mieux !',	3.3,	1),
(661,	339,	50,	NULL,	'Mais tout à fait ! En parlant de... d\'antidote hein, je souhaiterais vous suggérer un endroit ou vous pourriez éventuellement vous le carrer... en vous remerciant !',	3.3,	1),
(662,	337,	50,	NULL,	'Ah bah non ! On va leur foutre deux, trois pierres dans la gueule et on va allumer des incendies... Mais faut pas déconner, ils y sont pour rien.',	3.3,	1),
(663,	340,	50,	NULL,	'(À Guethenoc) Je vous donnerai la main, j\'en ai une aussi de masse moi aussi, comme ça j\'en profiterai pour vous en mettre un coup dans la gueule, c\'est pas bien méchant ! (Il commence à se battre avec Guethenoc)',	3.3,	1),
(664,	341,	50,	NULL,	'Môssieur Sire, en chair et en personne ! […] (À Guethenoc) J\'étais v\'nu pour vous emmerder, mais là ça m\'coupe le sifflet !',	3.3,	1),
(665,	341,	50,	NULL,	'(Complètement ivre) Quand j\'étais jeune, je pouvais faire rentrer un pigeon directement dans la bouteille sans la casser... C\'est pas compliqué, vous prenez un pigeon, vous y faites sécher jusqu\'à qu\'ce soit presque friable. Après vous y mettez sur les... sur la branche de prunier, autour de la fleur... Comme ça la poire elle pousse directement à l\'intérieur du pigeon séché, et avec le liquide... ça gon... ça gonfle heu... et ça fait r\'prende une... heu... ça fait r\'prende une forme de pigeon. (Il s\'écroule.)',	3.3,	1),
(666,	11,	50,	NULL,	'(Complètement ivres) (Belt : -Je lève le verre à notre souverain) Notre souverain, -rain -rain !',	3.3,	1),
(667,	339,	50,	NULL,	'(À Guethenoc) Je dirais également que le genou peut partir dans les noix de manière assez soudaine et que ça pourrait éventuellement vous faire sortir les baloches par les oreilles. N\'y voyez aucune malice !',	3.3,	1),
(668,	341,	50,	NULL,	'(Complètement ivre) I faut faire tenir un balai en équilibre sur le pif pour s\'faire servir ici, ou quoi qu\'ce soiye ? ',	3.3,	1),
(669,	7,	50,	NULL,	'Vous pouvez pas vous les compter vous-même vos points ? Faut forcément qu\'on vous tienne le zizi ? ',	3.3,	1),
(670,	236,	51,	NULL,	'Il y en a marre de se comporter comme des sagouins avec tout le monde, sous prétexte qu\'on a des responsabilités !',	3.3,	1),
(671,	240,	51,	NULL,	'(À Léodagan)Votre gendre. Eh ben, il a peur du noir !…',	3.3,	1),
(672,	342,	51,	NULL,	'(À Léodagan) À l\'heure qu\'il est, dans la chambre de votre fille, il y a un tigre, une bête déchaînée ! Le petit prince est en marche, et qu\'est-ce qu\'on dit ? Merci mamie !',	3.3,	1),
(673,	248,	51,	NULL,	'Une fois j\'ai craché sur les pompes de l\'empereur Justinien, alors je vais pas me gratter pour l\'un de ses sous-fifres !',	3.3,	1),
(674,	343,	51,	NULL,	'(À Karadoc) Vous vous prenez peut-être pour une statue grecque ?',	3.3,	1),
(675,	344,	51,	NULL,	'(À Mévanwi) : Oh bah c\'est normal ça, moi si j\'avais foutu un royaume en l\'air et qu\'la pérennité d\'une civilisation tout entière était remise en question à cause de mes p\'tites coucheries, moi non plus j\'me sentirais pas bien...',	3.3,	1),
(676,	174,	51,	NULL,	'Admirez-nous un peu après trente ans de souplesse… Trente ans d\'éducation laxiste !… Entre la fille princesse qui abandonne le trône pour mettre les bouts dans la forêt avec un jean-foutre et le fils chevalier qui sait pas tenir sa cuillère et qui est pas foutu de se lever avant midi, vous verrez qu\'à force d\'être souples, on va finir par passer définitivement pour des romanos ! Et ils se sont pas levés !',	3.3,	1),
(677,	184,	51,	NULL,	'Vous vous étonnerez pas si vous ressentez une vive douleur sur le sommet du crâne. C\'est sûrement que vous aurez pris le plat à gigot dans la tronche !',	3.3,	1),
(678,	345,	51,	NULL,	'Quand vous vous l\'vez pour bouffer, vous me réveillez, vous bougez, vous allumez les bougies, vous toussez, bref ! Vous ignorez mon existence ! [...] Eh ben là, pas un bruit, pas un mouvement, tout dans le furtif. Vous avez glissé du pageot comme un pet sur une plaque de verglas !',	3.3,	1),
(679,	345,	51,	NULL,	'Ou vous m\'expliquez pourquoi vous rasez les murs comme un évadé de cachot, ou vous prenez ma main dans le pif ! ',	3.3,	1),
(680,	346,	51,	NULL,	'Alors, le ratichon ! On a un p\'tit creux ?',	3.3,	1),
(681,	346,	51,	NULL,	'Les placards sont fermés ! Vous allez retourner dans votre canfouine, au trot, et si la faim persiste, mangez des moustiques : c\'est nourrissant, ça coûte rien, et ça débarrasse !',	3.3,	1),
(682,	346,	51,	NULL,	'Des fuites ? Apprenez qu\'avec le budget bouffe de Kaamelott, y\'a de quoi lever une armée parallèle et envahir la moitié du monde connu.',	3.3,	1),
(683,	346,	51,	NULL,	'(Au Père Blaise) Jouez pas au con ! Dans votre branche, on fait pas vœu de bouffer léger, quelque chose comme ça ?',	3.3,	1),
(684,	346,	51,	NULL,	'(À Arthur, Léodagan et au Père Blaise) Je vais vous la faire à la cantonade dans le genre tragédie grecque, tâchez de vous partager ça au mieux : LA BOUFFE EST INTERDITE EN DEHORS DES HEURES DES REPAS !!!',	3.3,	1),
(685,	347,	51,	NULL,	'Tout le monde le sait, en Carmélide, que vous êtes une patate. Seulement, ça passe parce que les gens savent que c\'est moi qui tire les ficelles dans l\'arrière boutique.',	3.3,	1),
(686,	348,	51,	NULL,	'Je vous préviens, la matinée a eu sa bonne dose de pignoufs, je suis plus que crevée... Alors je préconise un déjeuner dans le calme.',	3.3,	1),
(687,	163,	51,	NULL,	'(À Merlin) Le jour où vous serez à même de comprendre les rouages d\'une monarchie, on aura soin de venir vous demander votre avis. En attendant, vous faites ce qu\'on vous dit, ET VOUS LA BOUCLEZ !',	3.3,	1),
(688,	163,	51,	NULL,	'(À Merlin) Soit vous fabriquez séance tenante une potion de fécondité qui fonctionne mieux que vos flacons de pisse habituels, soit mon mari ici présent se fera un plaisir d\'outrepasser la hiérarchie et de vous mettre une trempe maison !',	3.3,	1),
(689,	163,	51,	NULL,	'(À Léodagan) PIGNOUUUUF! (Puis à Elias et Merlin) Bon, et nous alors, qu\'est-ce qu\'on fait ? On traite ou on se fâche ? [Merlin : On se fâche. - Elias (à Merlin) : On traite !]',	3.3,	1),
(690,	331,	51,	NULL,	'(À Ygerne et Cryda) C\'est des tartes dans le museau qu\'elles cherchent, les sœurs Tape-Dur ?',	3.3,	1),
(691,	271,	51,	NULL,	'(À Ygerne et Cryda) C\'est qu\'elles nous accuseraient de conspiration, les siamoises !',	3.3,	1),
(692,	128,	51,	NULL,	'(À Yvain et à Guenièvre) Si les dieux avaient dû être de notre côté, ils nous auraient pas refilé des enfants comme vous. ',	3.3,	1),
(693,	349,	51,	NULL,	'(À Guenièvre) Votre petit train-train quotidien de reine de Bretagne. Quand je pense à toutes les pécores qui se couperaient les mains pour avoir le tiers de vos soucis, ma pauvre !',	3.3,	1),
(694,	349,	51,	NULL,	'(Toujours à Guenièvre) Si vous préférez retourner dans votre cabane de trappeur avec votre dégénéré de Lancelot, libre à vous !',	3.3,	1),
(695,	349,	51,	NULL,	'(Encore à Guenièvre) Nous aussi, on vous aime. A partir du moment où vous gardez vos miches sur le trône et où vous foutez pas l\'camp dès qu\'un blondinet vous fait d\'l\'œil.',	3.3,	1),
(696,	350,	51,	NULL,	'(À Guenièvre) Bohort il a une femme ! Vous pouvez me la refaire sans trembler des genoux celle-là ?',	3.3,	1),
(697,	350,	51,	NULL,	'(À Bohort) Ben voyons, mon colon !',	3.3,	1),
(698,	351,	52,	NULL,	'Sire, si vous me les enlevez, c\'est un tiers de mes revenus qui fout le camp. Parce qu\'ils font pas que boire! Ils mangent là un jour sur deux ...',	3.3,	1),
(699,	180,	52,	NULL,	'Ben moi, je sais pas si c\'est de naissance ou quoi, mais la vue du bourgeois, ça me fait de l\'aérophagie.',	3.3,	1),
(700,	330,	52,	NULL,	'La seule solution pour que ce soit encore plus sale, ça serait de demander aux clients de chier directement par terre ! Je vois que ça.',	3.3,	1),
(701,	352,	52,	NULL,	'Ah non, ce soir c\'est beaucoup du clodo, mais c\'est pas ceux là de votre équipe.',	4.3,	1),
(702,	353,	52,	NULL,	'Et deux jus de pomme qui piquent !',	4.3,	1),
(703,	29,	52,	NULL,	'(ivre) C\'est pour ça que j\'ai jamais été rien réclamer à Kaamelott. Déjà, j\'aime pas bien aller pleurnicher. Je bricole mes combines dans mon coin. Je préfère aller «escroquer», plutôt que d\'embêter autrui. Vous voyez ? ',	4.3,	1),
(704,	354,	52,	NULL,	'BAH SI VOUS VOULEZ PAS PASSER POUR DES CLODOS, COMMENCEZ PAR ÉPONGER VOTRE ARDOISE ! ',	4.3,	1),
(705,	355,	53,	NULL,	'Sire, sachez déjà que je ne suis pas homme à me méprendre sur le gaillard d\'en face, mon petit doigt me dit que vous en êtes pas la moitié d\'un !',	4.3,	1),
(706,	355,	53,	NULL,	'Au même titre que le bar est fermé, sauf si c\'est un poisson, tout travail mérite salaire !',	4.3,	1),
(707,	355,	53,	NULL,	'Prêtez l\'oreille sans ristourne !',	4.3,	1),
(708,	355,	53,	NULL,	'Tête bien pensante est par deux fois force de décision !',	4.3,	1),
(709,	355,	53,	NULL,	'Homme sans métier n\'est plus apte à exercer une activité professionnelle !',	4.3,	1),
(710,	355,	53,	NULL,	'Renommée, renommée, qui es-tu renommée ?!',	4.3,	1),
(711,	355,	53,	NULL,	'Quand on connaît trop, on hésite et c\'est un prompt renfort !',	4.3,	1),
(712,	18,	53,	NULL,	'J\'espère que tu fabules, bourgeois de bon aloi ! As-tu la fabulette bien preste ?',	4.3,	1),
(713,	18,	53,	NULL,	'Vous préférez \'Bohort le jeune\' ou \'Bohort l\'ami du raisin\' ? Parce que j\'avais réfléchi à la seconde possibilité, ça fait plus fruité !',	4.3,	1),
(714,	18,	53,	NULL,	'Méfie toi, riche homme : on ne berne pas deux fois Urgan l\'homme goujon, même une fois !',	4.3,	1),
(715,	18,	53,	NULL,	'Patience est mère de famille !',	4.3,	1),
(716,	18,	53,	NULL,	'Tu ne t\'en tireras à si bon compte que s\'ils font les bons amis !',	4.3,	1),
(717,	356,	54,	NULL,	'Des bandits? Nooon... Des gars futés !',	4.3,	1),
(718,	139,	54,	NULL,	'Sinon, pour rester sur le thème du pied, il y a ça: vous serrez la vis jusqu\'à ce que vous entendiez le bruit de l\'os. ',	4.3,	1),
(719,	139,	54,	NULL,	'Et voilà , donc ça, c\'est pour arracher les noix [Bohort : Les noix... Les fruits ?] Ah, non, les noix... les noix.',	4.3,	1),
(720,	357,	54,	NULL,	'(Au sujet d\'une cathédrale) Ben, tout ce qui est niveau de prestations, finitions, déco... Ben ouais, si vous voulez que ça ait de la gueule, faut définir un style, une ambiance... Bon, par exemple, on peut faire genre sobre, avec des teintes unies, pierres apparentes... Ou alors, on donne dans le plus chaud, tentures colorées, statues de gonzesses à poil... Ben quoi ?',	4.3,	1),
(721,	357,	54,	NULL,	'Je vous ai déjà dit que je prête du pognon à des taux vraiment pas dégueulasses ?',	4.3,	1),
(722,	270,	54,	NULL,	'Les petits pères, les affaires reprennent. Parce que la couronne, là, j\'aime autant vous dire qu\'elle date pas d\'hier. Là, y a de la relique ou je m\'appelle pas Venec. […] Qu\'est-ce vous en dites ? Bon, hein, imaginez que j\'ai mon froc, ça me donne du style ou pas ?',	4.3,	1),
(723,	358,	54,	NULL,	'(À propos d\'une ancienne vente d\'esclave) Attendez, ça on en a déjà parlé ! Celui de l\'autre fois, il m\'avait pas dit qu\'il était unijambiste.',	4.3,	1),
(724,	49,	54,	NULL,	'(Parlant à ses compères du roi Arthur) Donc là, pour le voyageur isolé y\'a deux solutions : soit il dépose ses armes, ses objets, sa bouffe et ses fringues par terre, et il s\'en va d\'où il est venu à poil dans la neige, soit il décide de se battre... À un contre dix.',	4.3,	1),
(725,	359,	54,	NULL,	'(Parlant des chefs de clans) Si on les invite et qu\'y a pas d\'femmes vous allez fédérer mes couilles...',	4.3,	1),
(726,	7,	54,	NULL,	'C\'que j\'vous explique depuis trois quart d\'heure. J\'en ai rien a foutre de devenir chevalier. Ce qui m\'intéresse, si y a un nouveau Roi qui chapaute tout l\'système, c\'est d\'être en affaires avec.\n(Maître d\'armes : Nan mais vous avez quand même écouté notre topo sur la fédération ?)\nJ\'vous ai pas coupés en plein milieu parce que bon... Mais effectivement ça m\'concerne pas votre bordel. Qu\'vous vous réunissiez pour faire des fédérations, même jouer aux cartes... c\'qui compte c\'est qu\'ce soit moi qui vous fournisse en putes.',	4.3,	1),
(727,	360,	55,	NULL,	'Je refuse d\'aller me battre pour soutenir une politique d\'expansion territoriale dont je ne reconnais pas la légitimité.',	4.3,	1),
(728,	360,	55,	NULL,	'(À Séli,) Je peux pas y aller j\'ai une otite.',	4.3,	1),
(729,	172,	55,	NULL,	'Est-ce qu\'on a le droit de boire du cidre ?',	4.3,	1),
(730,	172,	55,	NULL,	'Je le prends pas le bouclier, ça fait trop nul !',	4.3,	1),
(731,	361,	55,	NULL,	'Mon père, y dit toujours qu\'on arrive jamais en prison par hasard.',	4.3,	1),
(732,	362,	55,	NULL,	'Moi, je m\'en fous, si on me force à y retourner, je retiens ma respiration jusqu\'à qu\'on arrête de me forcer à y retourner.',	4.3,	1),
(733,	362,	55,	NULL,	'Quand il a ouvert le ventre du troll, j\'ai reçu un jet d\'acide qui m\'a pratiquement acidifié !',	4.3,	1),
(734,	362,	55,	NULL,	'Moi, je me suis fait dérober de l\'alimentation tout le long du voyage ! Une véritable dérobade !',	4.3,	1),
(735,	362,	55,	NULL,	'Et moi, j\'ai sympathisé avec un crémier qui m\'a expliqué les tenants et les aboutissants de sa profession avec beaucoup de simplicité !',	4.3,	1),
(736,	363,	55,	NULL,	'J\'étais tellement en colère, je leur ai lancé un de ces regards… Ils ne sont pas venus chercher la monnaie de leur pièce.',	4.3,	1),
(737,	364,	55,	NULL,	'Ben Gauvain il est revenu, il s\'était planté une écharde comme ça dans le doigt… N\'empêche, si ça s\'infecte, on peut en mourir, j\'vous ferais dire.',	4.3,	1),
(738,	365,	55,	NULL,	'La colombe blanche et sèche,\nRetombe souvent sur sa poitrine,\nElle vole quand même... c\'est très bien,\nEt finit sa course dans la prairie de notre enfance.\n[…]\nLà sire j\'avoue que c\'est pour que ça rime avec blanche et sèche. […]\nBen oui c\'est une rime triple : Blanche et sèche, poitrine et prairie de notre enfance. ',	4.3,	1),
(739,	366,	55,	NULL,	'J\'estime ne pas avoir à subir les fantasmes carriéristes d\'une entité générationnelle réactionnaire et oppressive !',	4.3,	1),
(740,	367,	55,	NULL,	'Si je fais mon tour pas dans le même sens que vous, ça annule. Mais si je le fais dans le même sens que vous, ça le double !',	4.3,	1),
(741,	173,	55,	NULL,	'[Arthur: Pour faire simple: on peut douter de tout sauf de la nécessité de se trouver du côté des opprimés]\nAh bon! C\'est marrant parce que mon père, il a une phrase presque pareil: \'On peut douter de tout sauf de la nécessité de se trouver du côté de celui qui a le pognon\'.',	4.3,	1),
(742,	173,	55,	NULL,	'La chevalerie, c\'est pas là où on range les chevaux ?',	4.3,	1),
(743,	173,	55,	NULL,	'(Gauvain: Excusez nous mon oncle, notre vocabulaire n\'est pas tres fourni) Ouais bah vous encore ça va, moi, même le mot vocabulaire je suis pas sûr à 100% !',	4.3,	1),
(744,	368,	55,	NULL,	'(À propos d\'une catapulte) Est-ce qu\'on peut s\'en servir pour donner de l\'élan à un pigeon ?',	4.3,	1),
(745,	255,	55,	NULL,	'En revanche, je suis triste pour un autre truc mais ça m\'embête d\'en parler... J\'estime que chacun a le droit à son jardin secret.',	4.3,	1),
(746,	255,	55,	NULL,	'Je crois que je me suis coupé la gencive avec un grumeau cuit. C\'est possible ou pas ?',	4.3,	1),
(747,	369,	55,	NULL,	'Dans ma chambre c\'est le bordel, ça pue et y a des charençons.',	4.3,	1),
(748,	370,	55,	NULL,	'Et si on envoyait quelqu\'un qui se faufile dans leur camp sans se faire repérer pour observer leurs faits et gestes ? […] Ou alors, ça fait doublon avec l\'espionnage ? Je me rends pas compte.',	4.3,	1),
(749,	260,	55,	NULL,	'Parce que en fait dans notre langue, il y a que deux mots qui riment avec complète : c\'est quiquette et biseautée. Alors ça va être chaud !',	4.3,	1),
(750,	122,	55,	NULL,	'Ne vous laissez pas embobiner… Ils cherchent à vous rembobiner !',	4.3,	1),
(751,	371,	55,	NULL,	'Il s\'est acharné sur moi avec une sauvagerie mêlée de férocité. […] Celui qu\'avait qu\'une jambe. […] Oui, bah du coup, c\'était le plus hargneux. C\'était comme s\'il se vengeait sur moi de sa jambe euh... Avec une sauvagerie mêlée de férocité.',	3.5,	1),
(752,	371,	55,	NULL,	'Ça pique trop de la vie, quoi : ça pique, ça lance, et derrière, comment ça re-pique trop.',	3.5,	1),
(753,	372,	55,	NULL,	'Vous pouvez pas savoir comment on est trop jouasse d\'être là !',	3.5,	1),
(754,	271,	55,	NULL,	'Ouais, alors là où je vois que je suis vraiment à cran, c\'est que quand vous avez dit malédiction, j\'ai fait une série de tout petits pets comme ça : pft pft pft pft pft pft.',	3.5,	1),
(755,	271,	55,	NULL,	'Ah bah ouais mais là euh... Le voile noir, le chaos... J\'ai passé un cap hein.',	3.5,	1),
(756,	48,	55,	NULL,	'Mais c\'est trop sur votre route quoi ! Bon y\'a une colline, deux collines du coup bi-collines et après c\'est carrément votre route !',	3.5,	1),
(757,	48,	55,	NULL,	'Femme, cesse donc de nous esbaudir les oreilles ! Olala, il suffit !',	3.5,	1),
(758,	373,	55,	NULL,	'Ah bravo femme. Ce repas fut des plus roboratifs !',	3.5,	1),
(759,	373,	55,	NULL,	'Femme, comme je le disais tantôt,tu nous a roboré. Mais sauras tu nous régaler d\'un dessert de ton choix ?',	3.5,	1),
(760,	373,	55,	NULL,	'Allez femme, robore nous donc de quelques fruits bien sucrés. Il s\'agit d\'une régalade !',	3.5,	1),
(761,	48,	55,	NULL,	'Femme ! Tu nous abaubis les oreilles ! Rabats un peu ta casquette !',	3.5,	1),
(762,	374,	55,	NULL,	'Oh l\'Irlande !',	3.5,	1),
(763,	65,	29,	NULL,	'\r\nAllez y! Défilez\r\nles petites fourmis. Mettez vous bien en rang.\r\nVenez mesurer votre risible destin à celui des Pendragon.\r\nVenez constater la navrante insignifiance de vos existences.\r\nVous avez pensé que les dieux allaient enfin reconnaitre en vous le souverain que personne n\'avait vu?\r\nVous alliez enfin donner au monde le spectacle de votre avènement.\r\nQuel roi suis-je ? Un roi sévère ? un roi conquérant ?\r\nVous n\'êtes rien. Rien ! Vous retournerez chez vous comme vous en êtes parti… Anonyme !\r\nPaisiblement, mon fils viendra reprendre ce qui est à lui. \r\nEt vous mettrez un genou en terre. Et vous baisserez les yeux.\r\nEt vous jurerez fidélité. Car c\'est tout ce qu\'il vous reste !',	3.5,	1),
(764,	170,	1,	NULL,	'Ah tiens, demain midi y a des côtes de porc.',	3.5,	1),
(765,	244,	44,	NULL,	'(À Arthur)\nMoi au moins quand je parlemente, c\'est pas vicelard.',	3,	1);

DROP TABLE IF EXISTS `rate`;
CREATE TABLE `rate` (
  `id` int(11) NOT NULL AUTO_INCREMENT,
  `quote_id` int(11) DEFAULT NULL,
  `user_id` int(11) DEFAULT NULL,
  `rating` smallint(6) DEFAULT NULL,
  PRIMARY KEY (`id`),
  KEY `IDX_DFEC3F39DB805178` (`quote_id`),
  KEY `IDX_DFEC3F39A76ED395` (`user_id`),
  CONSTRAINT `rate_ibfk_8` FOREIGN KEY (`quote_id`) REFERENCES `quote` (`id`) ON DELETE CASCADE,
  CONSTRAINT `rate_ibfk_9` FOREIGN KEY (`user_id`) REFERENCES `user` (`id`) ON DELETE CASCADE
) ENGINE=InnoDB DEFAULT CHARSET=utf8mb4 COLLATE=utf8mb4_unicode_ci;

INSERT INTO `rate` (`id`, `quote_id`, `user_id`, `rating`) VALUES
(770,	1,	6,	2),
(771,	6,	6,	5),
(772,	8,	6,	5),
(773,	10,	6,	1);

DROP TABLE IF EXISTS `season`;
CREATE TABLE `season` (
  `id` int(11) NOT NULL AUTO_INCREMENT,
  `title` varchar(128) COLLATE utf8mb4_unicode_ci NOT NULL,
  `description` longtext COLLATE utf8mb4_unicode_ci DEFAULT NULL,
  PRIMARY KEY (`id`)
) ENGINE=InnoDB DEFAULT CHARSET=utf8mb4 COLLATE=utf8mb4_unicode_ci;

INSERT INTO `season` (`id`, `title`, `description`) VALUES
(1,	'Livre I',	'Le château de Kaamelott est achevé, la cour est établie, les choses sérieuses peuvent commencer. Une grande table ronde est construite, autour de laquelle les chevaliers se réuniront pour organiser la Quête du Graal, diriger le royaume, narrer leurs aventures victorieuses pour la gloire des dieux et du peuple. Tous les éléments sont réunis pour mener à bien la Quête. Du moins en théorie, car en pratique, le roi Arthur réalise bien vite que ceux qui l’entourent, s’ils ne manquent pas de motivation, ne vont pas toujours dans le même sens que lui, ni à la même vitesse.'),
(2,	'Livre II',	'Les chevaliers sont bien installés dans leurs rôles, le gouvernement est en place et stable, le royaume est régulièrement sous la menace d’incursions barbares, mais l’unification des clans permet à l’armée de repousser les tentatives les unes après les autres. Le roi Arthur fait du mieux qu’il peut pour composer avec l’équipe disparate et passablement incompétente qui est supposée le seconder dans sa tâche ; les quêtes s’accomplissent avec plus ou moins de succès. Mais les prémices d’éléments dévastateurs font leur apparition : les relations deviennent de plus en plus tumultueuses entre le roi et son fidèle second, Lancelot, et la vie amoureuse du roi Arthur, peu flamboyante, ne l’aide pas à surmonter son désespoir chronique.'),
(3,	'Livre III',	'La situation ne s\'arrange guère entre le roi Arthur et Lancelot. Le premier ne supporte plus que difficilement le rigorisme et l’élitisme du second, qui répond par le mépris à la souplesse dont fait preuve — selon lui — le roi dans sa façon de gouverner. Pour ne rien arranger, le roi Arthur s’éprend de dame Mevanwi, la femme du chevalier Karadoc ; commence alors une cour discrète et illicite, au regard de la loi et des dieux.'),
(4,	'Livre IV',	'L’irréparable s’est produit : Lancelot est entré en rébellion. Il a définitivement quitté la cour de Kaamelott et la Table ronde pour mener sa propre Quête du Graal, à sa manière et en totale opposition avec Arthur, sans toutefois entreprendre une action militaire à son encontre. Pire, la passion adultère d’Arthur pour dame Mevanwi a eu une conséquence imprévue : la reine Guenièvre a, elle aussi, déserté et rejoint son amant Lancelot dans le reniement, ce qui vaut à la Dame du Lac d\'être bannie par les dieux. Soutenue militairement et financièrement par le roi Loth, toujours prêt à la traîtrise, la déchirure s’étend à tout le gouvernement, les chevaliers devant prendre parti pour le renégat ou le roi tout en acceptant son mariage interdit avec dame Mevanwi.'),
(5,	'Livre V',	'La faute est réparée, Arthur s’est séparé de dame Mevanwi et a libéré Guenièvre de l’emprise de Lancelot, refaisant d’elle sa reine. Mais la situation ne peut plus guère s’améliorer. Lancelot a complètement disparu, et si certains le disaient fou et prétendent que la fuite de son amante l’a poussé à mettre fin à ses jours, Arthur est durement marqué par la disparition de l’homme qui a autrefois été son plus fidèle allié et ami. Lorsque sa mère et ses beaux-parents réclament du roi qu’il replante Excalibur dans le rocher pour rappeler au peuple qu’il est l’élu, Arthur s’exécute à contre-cœur avant de réaliser qu’une occasion s’offre à lui de changer le cours déplorable qu’a pris son existence.'),
(6,	'Livre VI',	'Quinze ans avant les événements narrés dans la série Kaamelott. Arthur n’est encore qu’un simple soldat de la milice urbaine romaine ; plutôt solitaire, sentimental, guère ambitieux et sans grand avenir, il n’attend pas grand-chose de sa vie au sein d’un empire sur le déclin, mais les dieux et le Sénat en ont décidé autrement : le milicien anonyme va s’élever, jusqu’à devenir une des figures légendaires les plus célèbres de l’histoire. Le dernier épisode, Dies Iræ, reprend le cours de l\'histoire là où elle s\'était arrêtée à la fin du Livre V.'),
(7,	'Pilote',	NULL);

DROP TABLE IF EXISTS `user`;
CREATE TABLE `user` (
  `id` int(11) NOT NULL AUTO_INCREMENT,
  `avatar_id` int(11) DEFAULT NULL,
  `email` varchar(180) COLLATE utf8mb4_unicode_ci NOT NULL,
  `roles` longtext COLLATE utf8mb4_unicode_ci NOT NULL COMMENT '(DC2Type:json)',
  `password` varchar(255) COLLATE utf8mb4_unicode_ci NOT NULL,
  PRIMARY KEY (`id`),
  UNIQUE KEY `UNIQ_8D93D649E7927C74` (`email`),
  KEY `IDX_8D93D64986383B10` (`avatar_id`),
  CONSTRAINT `user_ibfk_3` FOREIGN KEY (`avatar_id`) REFERENCES `avatar` (`id`)
) ENGINE=InnoDB DEFAULT CHARSET=utf8mb4 COLLATE=utf8mb4_unicode_ci;

INSERT INTO `user` (`id`, `avatar_id`, `email`, `roles`, `password`) VALUES
(1,	5,	'clara@oclock.fr',	'[\"ROLE_USER\"]',	'$2y$13$713hTlzabbG6VB2tZHbL9.CHJ8Ercem6A/rc43jbrJgIafalv0Ngy'),
(2,	2,	'edith@oclock.fr',	'[\"ROLE_ADMIN\"]',	'$2y$13$EJflpolNjmmWsu7O1kJDr.kwxeEITNdhKqCMrifbaqU1aKbQhu4jK'),
(3,	3,	'alexandre@oclock.fr',	'[\"ROLE_MANAGER\"]',	'$2y$13$gbyvnOBRgXAZSveEFHNKt.nHPZOuJOVgacqlZYxaPr/WxQa6uqY3S'),
(4,	3,	'aurelie@oclock.fr',	'[\"ROLE_ADMIN\"]',	'$2y$13$HRKAy8LlGDpJeQSG/J4WV.mIdAsPybgdRyTJ14DtbGJ0ikZMZfeJG'),
(5,	4,	'celine@oclock.fr',	'[\"ROLE_ADMIN\"]',	'$2y$13$256HlYhvUVLNGJqUyDLPzusE/ARsDVyYT0WzMgiggOCEV8IRd9mqW'),
(6,	4,	'angele@oclock.fr',	'[\"ROLE_ADMIN\"]',	'$2y$13$qz8atJxvs/1BjYpZccakD.luSkyN7XQFXz1WsBcuSoRbx4OOigcn6');

DROP TABLE IF EXISTS `user_quote`;
CREATE TABLE `user_quote` (
  `user_id` int(11) NOT NULL,
  `quote_id` int(11) NOT NULL,
  PRIMARY KEY (`user_id`,`quote_id`),
  KEY `IDX_89B330ACA76ED395` (`user_id`),
  KEY `IDX_89B330ACDB805178` (`quote_id`),
  CONSTRAINT `FK_89B330ACA76ED395` FOREIGN KEY (`user_id`) REFERENCES `user` (`id`) ON DELETE CASCADE,
  CONSTRAINT `FK_89B330ACDB805178` FOREIGN KEY (`quote_id`) REFERENCES `quote` (`id`) ON DELETE CASCADE
) ENGINE=InnoDB DEFAULT CHARSET=utf8mb4 COLLATE=utf8mb4_unicode_ci;

INSERT INTO `user_quote` (`user_id`, `quote_id`) VALUES
(1,	8),
(1,	345),
(2,	1),
(2,	12),
(2,	19),
(2,	762),
(3,	1),
(3,	2),
(3,	3),
(4,	8),
(4,	13),
(4,	152),
(4,	761),
(4,	762),
(5,	9),
(5,	12),
(5,	18),
(5,	345),
(6,	1),
(6,	3),
(6,	10),
(6,	549);

-- 2023-04-21 10:16:23
